ISO-10303-21;
HEADER;
/* Generated by software containing ST-Developer
 * from STEP Tools, Inc. (www.steptools.com) 
 */

FILE_DESCRIPTION(
/* description */ (''),
/* implementation_level */ '2;1');

FILE_NAME(
/* name */ 'case_model.step',
/* time_stamp */ '2026-08-27T10:48:54-07:00',
/* author */ (''),
/* organization */ (''),
/* preprocessor_version */ 'ST-DEVELOPER v20.1',
/* originating_system */ 'Autodesk Translation Framework v15.8.0.0',
/* authorisation */ '');

FILE_SCHEMA (('AUTOMOTIVE_DESIGN { 1 0 10303 214 3 1 1 }'));
ENDSEC;

DATA;
#10=MECHANICAL_DESIGN_GEOMETRIC_PRESENTATION_REPRESENTATION('',(#13,#14),
#4926);
#11=SHAPE_REPRESENTATION_RELATIONSHIP('SRR','None',#4933,#12);
#12=ADVANCED_BREP_SHAPE_REPRESENTATION('',(#15,#16),#4925);
#13=STYLED_ITEM('',(#4942),#15);
#14=STYLED_ITEM('',(#4942),#16);
#15=MANIFOLD_SOLID_BREP('Corps1',#2302);
#16=MANIFOLD_SOLID_BREP('Corps4',#2303);
#17=FACE_BOUND('',#322,.T.);
#18=FACE_BOUND('',#328,.T.);
#19=TOROIDAL_SURFACE('',#2414,8.268,2.5);
#20=CYLINDRICAL_SURFACE('',#2381,2.);
#21=CYLINDRICAL_SURFACE('',#2382,2.);
#22=CYLINDRICAL_SURFACE('',#2384,3.);
#23=CYLINDRICAL_SURFACE('',#2385,3.);
#24=CYLINDRICAL_SURFACE('',#2400,10.768);
#25=CYLINDRICAL_SURFACE('',#2402,10.768);
#26=CYLINDRICAL_SURFACE('',#2405,10.768);
#27=CYLINDRICAL_SURFACE('',#2418,10.768);
#28=B_SPLINE_SURFACE_WITH_KNOTS('',3,3,((#3537,#3538,#3539,#3540),(#3541,
#3542,#3543,#3544),(#3545,#3546,#3547,#3548),(#3549,#3550,#3551,#3552),
(#3553,#3554,#3555,#3556),(#3557,#3558,#3559,#3560),(#3561,#3562,#3563,
#3564),(#3565,#3566,#3567,#3568),(#3569,#3570,#3571,#3572),(#3573,#3574,
#3575,#3576)),.UNSPECIFIED.,.F.,.F.,.F.,(4,1,1,1,1,1,1,4),(4,4),(0.,0.214285714285714,
0.285714285714286,0.428571428571429,0.571428571428571,0.714285714285714,
0.857142857142857,1.),(0.518988719461096,0.644987257450813),
 .UNSPECIFIED.);
#29=B_SPLINE_SURFACE_WITH_KNOTS('',3,3,((#3609,#3610,#3611,#3612),(#3613,
#3614,#3615,#3616),(#3617,#3618,#3619,#3620),(#3621,#3622,#3623,#3624),
(#3625,#3626,#3627,#3628),(#3629,#3630,#3631,#3632),(#3633,#3634,#3635,
#3636),(#3637,#3638,#3639,#3640),(#3641,#3642,#3643,#3644),(#3645,#3646,
#3647,#3648)),.UNSPECIFIED.,.F.,.F.,.F.,(4,1,1,1,1,1,1,4),(4,4),(0.,0.214285714285714,
0.285714285714286,0.428571428571429,0.571428571428571,0.714285714285714,
0.857142857142857,1.),(-0.145998539426489,-0.0200000014496656),
 .UNSPECIFIED.);
#30=B_SPLINE_SURFACE_WITH_KNOTS('',3,3,((#3677,#3678,#3679,#3680),(#3681,
#3682,#3683,#3684),(#3685,#3686,#3687,#3688),(#3689,#3690,#3691,#3692),
(#3693,#3694,#3695,#3696),(#3697,#3698,#3699,#3700),(#3701,#3702,#3703,
#3704),(#3705,#3706,#3707,#3708),(#3709,#3710,#3711,#3712),(#3713,#3714,
#3715,#3716)),.UNSPECIFIED.,.F.,.F.,.F.,(4,1,1,1,1,1,1,4),(4,4),(0.,0.214285714285714,
0.285714285714286,0.428571428571429,0.571428571428571,0.714285714285714,
0.857142857142857,1.),(-2.26763766311776E-16,0.440497803428952),
 .UNSPECIFIED.);
#31=B_SPLINE_SURFACE_WITH_KNOTS('',3,3,((#3727,#3728,#3729,#3730,#3731,
#3732,#3733,#3734,#3735,#3736,#3737,#3738,#3739),(#3740,#3741,#3742,#3743,
#3744,#3745,#3746,#3747,#3748,#3749,#3750,#3751,#3752),(#3753,#3754,#3755,
#3756,#3757,#3758,#3759,#3760,#3761,#3762,#3763,#3764,#3765),(#3766,#3767,
#3768,#3769,#3770,#3771,#3772,#3773,#3774,#3775,#3776,#3777,#3778),(#3779,
#3780,#3781,#3782,#3783,#3784,#3785,#3786,#3787,#3788,#3789,#3790,#3791),
(#3792,#3793,#3794,#3795,#3796,#3797,#3798,#3799,#3800,#3801,#3802,#3803,
#3804),(#3805,#3806,#3807,#3808,#3809,#3810,#3811,#3812,#3813,#3814,#3815,
#3816,#3817),(#3818,#3819,#3820,#3821,#3822,#3823,#3824,#3825,#3826,#3827,
#3828,#3829,#3830),(#3831,#3832,#3833,#3834,#3835,#3836,#3837,#3838,#3839,
#3840,#3841,#3842,#3843),(#3844,#3845,#3846,#3847,#3848,#3849,#3850,#3851,
#3852,#3853,#3854,#3855,#3856)),.UNSPECIFIED.,.F.,.F.,.F.,(4,1,1,1,1,1,
1,4),(4,1,1,1,1,1,1,1,1,1,4),(0.,0.214285714285714,0.285714285714286,0.428571428571429,
0.571428571428571,0.714285714285714,0.857142857142857,1.),(0.440497803428917,
0.44610432208204,0.451710840735163,0.462923878041408,0.474136915347654,
0.476940174674215,0.485349952653899,0.496562989960145,0.50777602726639,
0.513382545919513,0.518989064572636),.UNSPECIFIED.);
#32=B_SPLINE_SURFACE_WITH_KNOTS('',3,3,((#3870,#3871,#3872,#3873),(#3874,
#3875,#3876,#3877),(#3878,#3879,#3880,#3881),(#3882,#3883,#3884,#3885),
(#3886,#3887,#3888,#3889),(#3890,#3891,#3892,#3893),(#3894,#3895,#3896,
#3897),(#3898,#3899,#3900,#3901),(#3902,#3903,#3904,#3905),(#3906,#3907,
#3908,#3909)),.UNSPECIFIED.,.F.,.F.,.F.,(4,1,1,1,1,1,1,4),(4,4),(0.,0.214285714285714,
0.285714285714286,0.428571428571429,0.571428571428571,0.714285714285714,
0.857142857142857,1.),(0.224489455458645,0.664987258887588),
 .UNSPECIFIED.);
#33=B_SPLINE_SURFACE_WITH_KNOTS('',3,3,((#3925,#3926,#3927,#3928,#3929,
#3930,#3931,#3932,#3933,#3934,#3935,#3936,#3937),(#3938,#3939,#3940,#3941,
#3942,#3943,#3944,#3945,#3946,#3947,#3948,#3949,#3950),(#3951,#3952,#3953,
#3954,#3955,#3956,#3957,#3958,#3959,#3960,#3961,#3962,#3963),(#3964,#3965,
#3966,#3967,#3968,#3969,#3970,#3971,#3972,#3973,#3974,#3975,#3976),(#3977,
#3978,#3979,#3980,#3981,#3982,#3983,#3984,#3985,#3986,#3987,#3988,#3989),
(#3990,#3991,#3992,#3993,#3994,#3995,#3996,#3997,#3998,#3999,#4000,#4001,
#4002),(#4003,#4004,#4005,#4006,#4007,#4008,#4009,#4010,#4011,#4012,#4013,
#4014,#4015),(#4016,#4017,#4018,#4019,#4020,#4021,#4022,#4023,#4024,#4025,
#4026,#4027,#4028),(#4029,#4030,#4031,#4032,#4033,#4034,#4035,#4036,#4037,
#4038,#4039,#4040,#4041),(#4042,#4043,#4044,#4045,#4046,#4047,#4048,#4049,
#4050,#4051,#4052,#4053,#4054)),.UNSPECIFIED.,.F.,.F.,.F.,(4,1,1,1,1,1,
1,4),(4,1,1,1,1,1,1,1,1,1,4),(0.,0.214285714285714,0.285714285714286,0.428571428571429,
0.571428571428571,0.714285714285714,0.857142857142857,1.),(0.145998194314949,
0.148801453641511,0.151604712968073,0.157211231621196,0.179637306233691,
0.188047084213377,0.202063380846186,0.213276418152433,0.218882936805557,
0.221686196132119,0.224489455458681),.UNSPECIFIED.);
#34=B_SPLINE_SURFACE_WITH_KNOTS('',3,3,((#4082,#4083,#4084,#4085),(#4086,
#4087,#4088,#4089),(#4090,#4091,#4092,#4093),(#4094,#4095,#4096,#4097),
(#4098,#4099,#4100,#4101),(#4102,#4103,#4104,#4105),(#4106,#4107,#4108,
#4109),(#4110,#4111,#4112,#4113),(#4114,#4115,#4116,#4117),(#4118,#4119,
#4120,#4121)),.UNSPECIFIED.,.F.,.F.,.F.,(4,1,1,1,1,1,1,4),(4,4),(0.,0.214285714285714,
0.285714285714286,0.428571428571429,0.571428571428571,0.714285714285714,
0.857142857142857,1.),(2.47797892513385,2.62397451768854),.UNSPECIFIED.);
#35=B_SPLINE_SURFACE_WITH_KNOTS('',3,3,((#4137,#4138,#4139,#4140,#4141,
#4142,#4143,#4144,#4145,#4146,#4147,#4148,#4149),(#4150,#4151,#4152,#4153,
#4154,#4155,#4156,#4157,#4158,#4159,#4160,#4161,#4162),(#4163,#4164,#4165,
#4166,#4167,#4168,#4169,#4170,#4171,#4172,#4173,#4174,#4175),(#4176,#4177,
#4178,#4179,#4180,#4181,#4182,#4183,#4184,#4185,#4186,#4187,#4188),(#4189,
#4190,#4191,#4192,#4193,#4194,#4195,#4196,#4197,#4198,#4199,#4200,#4201),
(#4202,#4203,#4204,#4205,#4206,#4207,#4208,#4209,#4210,#4211,#4212,#4213,
#4214),(#4215,#4216,#4217,#4218,#4219,#4220,#4221,#4222,#4223,#4224,#4225,
#4226,#4227),(#4228,#4229,#4230,#4231,#4232,#4233,#4234,#4235,#4236,#4237,
#4238,#4239,#4240),(#4241,#4242,#4243,#4244,#4245,#4246,#4247,#4248,#4249,
#4250,#4251,#4252,#4253),(#4254,#4255,#4256,#4257,#4258,#4259,#4260,#4261,
#4262,#4263,#4264,#4265,#4266)),.UNSPECIFIED.,.F.,.F.,.F.,(4,1,1,1,1,1,
1,4),(4,1,1,1,1,1,1,1,1,1,4),(0.,0.214285714285714,0.285714285714286,0.428571428571429,
0.571428571428571,0.714285714285714,0.857142857142857,1.),(2.39948123971752,
2.4022847284824,2.40508821724727,2.41069519477702,2.43312310489602,2.44433705995552,
2.45555101501503,2.46676497007453,2.47237194760428,2.47517543636915,2.47797892513403),
 .UNSPECIFIED.);
#36=B_SPLINE_SURFACE_WITH_KNOTS('',3,3,((#4304,#4305,#4306,#4307),(#4308,
#4309,#4310,#4311),(#4312,#4313,#4314,#4315),(#4316,#4317,#4318,#4319),
(#4320,#4321,#4322,#4323),(#4324,#4325,#4326,#4327),(#4328,#4329,#4330,
#4331),(#4332,#4333,#4334,#4335),(#4336,#4337,#4338,#4339),(#4340,#4341,
#4342,#4343)),.UNSPECIFIED.,.F.,.F.,.F.,(4,1,1,1,1,1,1,4),(4,4),(0.,0.214285714285714,
0.285714285714286,0.428571428571429,0.571428571428571,0.714285714285714,
0.857142857142857,1.),(0.224493277965344,2.39948123972012),
 .UNSPECIFIED.);
#37=B_SPLINE_SURFACE_WITH_KNOTS('',3,3,((#4359,#4360,#4361,#4362,#4363,
#4364,#4365,#4366,#4367,#4368,#4369,#4370,#4371),(#4372,#4373,#4374,#4375,
#4376,#4377,#4378,#4379,#4380,#4381,#4382,#4383,#4384),(#4385,#4386,#4387,
#4388,#4389,#4390,#4391,#4392,#4393,#4394,#4395,#4396,#4397),(#4398,#4399,
#4400,#4401,#4402,#4403,#4404,#4405,#4406,#4407,#4408,#4409,#4410),(#4411,
#4412,#4413,#4414,#4415,#4416,#4417,#4418,#4419,#4420,#4421,#4422,#4423),
(#4424,#4425,#4426,#4427,#4428,#4429,#4430,#4431,#4432,#4433,#4434,#4435,
#4436),(#4437,#4438,#4439,#4440,#4441,#4442,#4443,#4444,#4445,#4446,#4447,
#4448,#4449),(#4450,#4451,#4452,#4453,#4454,#4455,#4456,#4457,#4458,#4459,
#4460,#4461,#4462),(#4463,#4464,#4465,#4466,#4467,#4468,#4469,#4470,#4471,
#4472,#4473,#4474,#4475)),.UNSPECIFIED.,.F.,.F.,.F.,(4,1,1,1,1,1,4),(4,
1,1,1,1,1,1,1,1,1,4),(0.,0.285714285714286,0.428571428571429,0.571428571428571,
0.714285714285714,0.857142857142857,1.),(0.145994732123723,0.148798251618067,
0.15160177111241,0.157208810101097,0.179636966055846,0.188047524538877,
0.202065122010595,0.213279199987969,0.218886238976657,0.221689758471,0.224493277965344),
 .UNSPECIFIED.);
#38=B_SPLINE_SURFACE_WITH_KNOTS('',3,3,((#4513,#4514,#4515,#4516),(#4517,
#4518,#4519,#4520),(#4521,#4522,#4523,#4524),(#4525,#4526,#4527,#4528),
(#4529,#4530,#4531,#4532),(#4533,#4534,#4535,#4536),(#4537,#4538,#4539,
#4540),(#4541,#4542,#4543,#4544),(#4545,#4546,#4547,#4548),(#4549,#4550,
#4551,#4552)),.UNSPECIFIED.,.F.,.F.,.F.,(4,1,1,1,1,1,1,4),(4,4),(0.,0.214285714285714,
0.285714285714286,0.428571428571429,0.571428571428571,0.714285714285714,
0.857142857142857,1.),(-0.145995592554501,7.44394697919498E-16),
 .UNSPECIFIED.);
#39=B_SPLINE_SURFACE_WITH_KNOTS('',3,3,((#4739,#4740,#4741,#4742),(#4743,
#4744,#4745,#4746),(#4747,#4748,#4749,#4750),(#4751,#4752,#4753,#4754),
(#4755,#4756,#4757,#4758),(#4759,#4760,#4761,#4762),(#4763,#4764,#4765,
#4766),(#4767,#4768,#4769,#4770),(#4771,#4772,#4773,#4774),(#4775,#4776,
#4777,#4778)),.UNSPECIFIED.,.F.,.F.,.F.,(4,1,1,1,1,1,1,4),(4,4),(0.,0.214285714285714,
0.285714285714286,0.428571428571429,0.571428571428571,0.714285714285714,
0.857142857142857,1.),(-3.73548999994506E-16,0.570000000000001),
 .UNSPECIFIED.);
#40=B_SPLINE_SURFACE_WITH_KNOTS('',3,3,((#4813,#4814,#4815,#4816),(#4817,
#4818,#4819,#4820),(#4821,#4822,#4823,#4824),(#4825,#4826,#4827,#4828),
(#4829,#4830,#4831,#4832),(#4833,#4834,#4835,#4836),(#4837,#4838,#4839,
#4840),(#4841,#4842,#4843,#4844),(#4845,#4846,#4847,#4848),(#4849,#4850,
#4851,#4852)),.UNSPECIFIED.,.F.,.F.,.F.,(4,1,1,1,1,1,1,4),(4,4),(0.,0.214285714285714,
0.285714285714286,0.428571428571429,0.571428571428571,0.714285714285714,
0.857142857142857,1.),(-4.93644562099835E-16,0.570000000000001),
 .UNSPECIFIED.);
#41=B_SPLINE_CURVE_WITH_KNOTS('',3,(#3039,#3040,#3041,#3042),
 .UNSPECIFIED.,.F.,.F.,(4,4),(-0.440497803428952,2.26763766311776E-16),
 .UNSPECIFIED.);
#42=B_SPLINE_CURVE_WITH_KNOTS('',3,(#3046,#3047,#3048,#3049),
 .UNSPECIFIED.,.F.,.F.,(4,4),(-2.39948123972012,-0.224493277965344),
 .UNSPECIFIED.);
#43=B_SPLINE_CURVE_WITH_KNOTS('',3,(#3053,#3054,#3055,#3056),
 .UNSPECIFIED.,.F.,.F.,(4,4),(-0.664987258887588,-0.224489455458645),
 .UNSPECIFIED.);
#44=B_SPLINE_CURVE_WITH_KNOTS('',3,(#3127,#3128,#3129,#3130),
 .UNSPECIFIED.,.F.,.F.,(4,4),(0.518988719461096,0.579983973931793),
 .UNSPECIFIED.);
#45=B_SPLINE_CURVE_WITH_KNOTS('',3,(#3132,#3133,#3134,#3135,#3136,#3137,
#3138,#3139,#3140,#3141,#3142,#3143,#3144),.UNSPECIFIED.,.F.,.F.,(4,1,1,
1,1,1,1,1,1,1,4),(0.440497803428917,0.44610432208204,0.451710840735163,
0.462923878041408,0.474136915347654,0.476940174674215,0.485349952653899,
0.496562989960145,0.50777602726639,0.513382545919513,0.518988374351071),
 .UNSPECIFIED.);
#46=B_SPLINE_CURVE_WITH_KNOTS('',3,(#3146,#3147,#3148,#3149),
 .UNSPECIFIED.,.F.,.F.,(4,4),(-2.26763766311776E-16,0.440497803428952),
 .UNSPECIFIED.);
#47=B_SPLINE_CURVE_WITH_KNOTS('',3,(#3199,#3200,#3201,#3202,#3203,#3204,
#3205,#3206,#3207,#3208,#3209,#3210,#3211,#3212,#3213,#3214,#3215,#3216,
#3217,#3218,#3219,#3220),.UNSPECIFIED.,.F.,.F.,(4,3,3,3,3,3,3,4),(0.,0.0275593577137624,
0.0551187154275248,0.0826780731412872,0.11023743085505,0.137796788568812,
0.151576467425693,0.192915503996337),.UNSPECIFIED.);
#48=B_SPLINE_CURVE_WITH_KNOTS('',3,(#3282,#3283,#3284,#3285,#3286,#3287,
#3288,#3289,#3290,#3291,#3292,#3293,#3294,#3295,#3296,#3297),
 .UNSPECIFIED.,.F.,.F.,(4,3,3,3,3,4),(-0.229124723772582,-0.188908362991917,
-0.148692002211253,-0.108475641430588,-0.0682592806499233,-0.0518207428689071),
 .UNSPECIFIED.);
#49=B_SPLINE_CURVE_WITH_KNOTS('',3,(#3312,#3313,#3314,#3315,#3316,#3317,
#3318,#3319,#3320,#3321),.UNSPECIFIED.,.F.,.F.,(4,2,2,2,4),(-0.134924067897554,
-0.0232399215014148,-0.00443782731656705,-0.00112302836365665,0.),
 .UNSPECIFIED.);
#50=B_SPLINE_CURVE_WITH_KNOTS('',3,(#3324,#3325,#3326,#3327),
 .UNSPECIFIED.,.F.,.F.,(4,4),(-0.145998539426489,-0.0200000014496656),
 .UNSPECIFIED.);
#51=B_SPLINE_CURVE_WITH_KNOTS('',3,(#3331,#3332,#3333,#3334),
 .UNSPECIFIED.,.F.,.F.,(4,4),(-2.62397451768854,-2.47797892513385),
 .UNSPECIFIED.);
#52=B_SPLINE_CURVE_WITH_KNOTS('',3,(#3338,#3339,#3340,#3341,#3342,#3343,
#3344,#3345,#3346,#3347,#3348,#3349,#3350,#3351,#3352,#3353,#3354,#3355,
#3356,#3357,#3358,#3359),.UNSPECIFIED.,.F.,.F.,(4,3,3,3,3,3,3,4),(1.38777878078145E-17,
0.0275593577171894,0.0551187154343789,0.0826780731515683,0.110237430868758,
0.137796788585947,0.151576467444542,0.192915504020326),.UNSPECIFIED.);
#53=B_SPLINE_CURVE_WITH_KNOTS('',3,(#3363,#3364,#3365,#3366,#3367,#3368,
#3369,#3370,#3371,#3372,#3373,#3374,#3375,#3376,#3377,#3378,#3379,#3380,
#3381,#3382,#3383,#3384),.UNSPECIFIED.,.F.,.F.,(4,3,3,3,3,3,3,4),(0.,0.0275593577167658,
0.0551187154335317,0.0826780731502975,0.110237430867063,0.137796788583829,
0.151576467442212,0.192915504017361),.UNSPECIFIED.);
#54=B_SPLINE_CURVE_WITH_KNOTS('',3,(#3403,#3404,#3405,#3406),
 .UNSPECIFIED.,.F.,.F.,(4,4),(0.05,0.105000000000001),.UNSPECIFIED.);
#55=B_SPLINE_CURVE_WITH_KNOTS('',3,(#3408,#3409,#3410,#3411),
 .UNSPECIFIED.,.F.,.F.,(4,4),(-0.0600000000000004,-0.0500000000000004),
 .UNSPECIFIED.);
#56=B_SPLINE_CURVE_WITH_KNOTS('',3,(#3428,#3429,#3430,#3431,#3432,#3433,
#3434,#3435,#3436,#3437,#3438,#3439,#3440,#3441,#3442,#3443,#3444,#3445,
#3446,#3447,#3448,#3449),.UNSPECIFIED.,.F.,.F.,(4,3,3,3,3,3,3,4),(0.,0.0413390365741254,
0.0551187154321672,0.0826780731482508,0.110237430864334,0.137796788580418,
0.165356146296502,0.192915504012585),.UNSPECIFIED.);
#57=B_SPLINE_CURVE_WITH_KNOTS('',3,(#3526,#3527,#3528,#3529,#3530,#3531,
#3532,#3533,#3534,#3535),.UNSPECIFIED.,.F.,.F.,(4,3,3,4),(-0.20479710029674,
-0.154031974498073,-0.103266848699406,-0.0732520946980876),
 .UNSPECIFIED.);
#58=B_SPLINE_CURVE_WITH_KNOTS('',3,(#3578,#3579,#3580,#3581),
 .UNSPECIFIED.,.F.,.F.,(4,4),(-0.644987257450813,-0.518988719461096),
 .UNSPECIFIED.);
#59=B_SPLINE_CURVE_WITH_KNOTS('',3,(#3582,#3583,#3584,#3585,#3586,#3587,
#3588,#3589,#3590,#3591),.UNSPECIFIED.,.F.,.F.,(4,1,1,1,1,1,1,4),(-1.,-0.857142857142857,
-0.714285714285714,-0.571428571428571,-0.428571428571429,-0.285714285714286,
-0.214285714285714,0.),.UNSPECIFIED.);
#60=B_SPLINE_CURVE_WITH_KNOTS('',3,(#3595,#3596,#3597,#3598,#3599,#3600,
#3601,#3602,#3603,#3604),.UNSPECIFIED.,.F.,.F.,(4,3,3,4),(-0.0566023472643293,
-0.0436873337196907,-0.032765500289768,0.),.UNSPECIFIED.);
#61=B_SPLINE_CURVE_WITH_KNOTS('',3,(#3650,#3651,#3652,#3653),
 .UNSPECIFIED.,.F.,.F.,(4,4),(0.0699999999999999,0.124999999999999),
 .UNSPECIFIED.);
#62=B_SPLINE_CURVE_WITH_KNOTS('',3,(#3654,#3655,#3656,#3657),
 .UNSPECIFIED.,.F.,.F.,(4,4),(-0.0600000000000002,-0.0500000000000003),
 .UNSPECIFIED.);
#63=B_SPLINE_CURVE_WITH_KNOTS('',3,(#3659,#3660,#3661,#3662),
 .UNSPECIFIED.,.F.,.F.,(4,4),(0.0850032849287002,0.145998539426489),
 .UNSPECIFIED.);
#64=B_SPLINE_CURVE_WITH_KNOTS('',3,(#3663,#3664,#3665,#3666,#3667,#3668,
#3669,#3670,#3671,#3672),.UNSPECIFIED.,.F.,.F.,(4,1,1,1,1,1,1,4),(0.,0.214285714285714,
0.285714285714286,0.428571428571429,0.571428571428571,0.714285714285714,
0.857142857142857,1.),.UNSPECIFIED.);
#65=B_SPLINE_CURVE_WITH_KNOTS('',3,(#3717,#3718,#3719,#3720,#3721,#3722,
#3723,#3724,#3725,#3726),.UNSPECIFIED.,.F.,.F.,(4,1,1,1,1,1,1,4),(-1.,-0.857142857142857,
-0.714285714285714,-0.571428571428571,-0.428571428571429,-0.285714285714286,
-0.214285714285714,0.),.UNSPECIFIED.);
#66=B_SPLINE_CURVE_WITH_KNOTS('',3,(#3857,#3858,#3859,#3860,#3861,#3862,
#3863,#3864,#3865,#3866,#3867,#3868,#3869),.UNSPECIFIED.,.F.,.F.,(4,1,1,
1,1,1,1,1,1,1,4),(-0.518988719461091,-0.513382545919513,-0.50777602726639,
-0.496562989960145,-0.485349952653899,-0.476940174674215,-0.474136915347654,
-0.462923878041408,-0.451710840735163,-0.44610432208204,-0.440497803428917),
 .UNSPECIFIED.);
#67=B_SPLINE_CURVE_WITH_KNOTS('',3,(#3911,#3912,#3913,#3914,#3915,#3916,
#3917,#3918,#3919,#3920),.UNSPECIFIED.,.F.,.F.,(4,1,1,1,1,1,1,4),(0.,0.214285714285714,
0.285714285714286,0.428571428571429,0.571428571428571,0.714285714285714,
0.857142857142857,1.),.UNSPECIFIED.);
#68=B_SPLINE_CURVE_WITH_KNOTS('',3,(#3921,#3922,#3923,#3924),
 .UNSPECIFIED.,.F.,.F.,(4,4),(0.224489455458645,0.664987258887588),
 .UNSPECIFIED.);
#69=B_SPLINE_CURVE_WITH_KNOTS('',3,(#4055,#4056,#4057,#4058,#4059,#4060,
#4061,#4062,#4063,#4064,#4065,#4066,#4067),.UNSPECIFIED.,.F.,.F.,(4,1,1,
1,1,1,1,1,1,1,4),(0.145998884536513,0.148801453641511,0.151604712968073,
0.157211231621196,0.179637306233691,0.188047084213377,0.202063380846186,
0.213276418152433,0.218882936805557,0.221686196132119,0.224489455458681),
 .UNSPECIFIED.);
#70=B_SPLINE_CURVE_WITH_KNOTS('',3,(#4068,#4069,#4070,#4071,#4072,#4073,
#4074,#4075,#4076,#4077,#4078,#4079,#4080),.UNSPECIFIED.,.F.,.F.,(4,1,1,
1,1,1,1,1,1,1,4),(-0.224489455458681,-0.221686196132119,-0.218882936805557,
-0.213276418152433,-0.202063380846186,-0.188047084213377,-0.179637306233691,
-0.157211231621196,-0.151604712968073,-0.148801453641511,-0.145998539426494),
 .UNSPECIFIED.);
#71=B_SPLINE_CURVE_WITH_KNOTS('',3,(#4123,#4124,#4125,#4126,#4127,#4128,
#4129,#4130,#4131,#4132),.UNSPECIFIED.,.F.,.F.,(4,1,1,1,1,1,1,4),(0.,0.214285714285714,
0.285714285714286,0.428571428571429,0.571428571428571,0.714285714285714,
0.857142857142857,1.),.UNSPECIFIED.);
#72=B_SPLINE_CURVE_WITH_KNOTS('',3,(#4133,#4134,#4135,#4136),
 .UNSPECIFIED.,.F.,.F.,(4,4),(2.47797892513385,2.62397451768854),
 .UNSPECIFIED.);
#73=B_SPLINE_CURVE_WITH_KNOTS('',3,(#4268,#4269,#4270,#4271,#4272,#4273,
#4274,#4275,#4276,#4277),.UNSPECIFIED.,.F.,.F.,(4,1,1,1,1,1,1,4),(0.,0.214285714285714,
0.285714285714286,0.428571428571429,0.571428571428571,0.714285714285714,
0.857142857142857,1.),.UNSPECIFIED.);
#74=B_SPLINE_CURVE_WITH_KNOTS('',3,(#4278,#4279,#4280,#4281,#4282,#4283,
#4284,#4285,#4286,#4287,#4288,#4289,#4290),.UNSPECIFIED.,.F.,.F.,(4,1,1,
1,1,1,1,1,1,1,4),(2.39948123971752,2.4022847284824,2.40508821724727,2.41069519477702,
2.43312310489602,2.44433705995552,2.45555101501503,2.46676497007453,2.47237194760428,
2.47517543636915,2.47797892513403),.UNSPECIFIED.);
#75=B_SPLINE_CURVE_WITH_KNOTS('',3,(#4291,#4292,#4293,#4294,#4295,#4296,
#4297,#4298,#4299,#4300,#4301,#4302,#4303),.UNSPECIFIED.,.F.,.F.,(4,1,1,
1,1,1,1,1,1,1,4),(-2.47797892513403,-2.47517543636915,-2.47237194760428,
-2.46676497007453,-2.45555101501503,-2.44433705995552,-2.43312310489602,
-2.41069519477702,-2.40508821724727,-2.4022847284824,-2.39948123971752),
 .UNSPECIFIED.);
#76=B_SPLINE_CURVE_WITH_KNOTS('',3,(#4345,#4346,#4347,#4348,#4349,#4350,
#4351,#4352,#4353,#4354),.UNSPECIFIED.,.F.,.F.,(4,1,1,1,1,1,1,4),(0.,0.214285714285714,
0.285714285714286,0.428571428571429,0.571428571428571,0.714285714285714,
0.857142857142857,1.),.UNSPECIFIED.);
#77=B_SPLINE_CURVE_WITH_KNOTS('',3,(#4355,#4356,#4357,#4358),
 .UNSPECIFIED.,.F.,.F.,(4,4),(0.224493277965344,2.39948123972012),
 .UNSPECIFIED.);
#78=B_SPLINE_CURVE_WITH_KNOTS('',3,(#4478,#4479,#4480,#4481,#4482,#4483,
#4484,#4485,#4486),.UNSPECIFIED.,.F.,.F.,(4,1,1,1,1,1,4),(0.,0.285714285714286,
0.428571428571429,0.571428571428571,0.714285714285714,0.857142857142857,
1.),.UNSPECIFIED.);
#79=B_SPLINE_CURVE_WITH_KNOTS('',3,(#4487,#4488,#4489,#4490,#4491,#4492,
#4493,#4494,#4495,#4496,#4497,#4498,#4499),.UNSPECIFIED.,.F.,.F.,(4,1,1,
1,1,1,1,1,1,1,4),(0.145996452975752,0.148798251618067,0.15160177111241,
0.157208810101097,0.179636966055846,0.188047524538877,0.202065122010595,
0.213279199987969,0.218886238976657,0.221689758471,0.224493277965344),
 .UNSPECIFIED.);
#80=B_SPLINE_CURVE_WITH_KNOTS('',3,(#4500,#4501,#4502,#4503,#4504,#4505,
#4506,#4507,#4508,#4509,#4510,#4511,#4512),.UNSPECIFIED.,.F.,.F.,(4,1,1,
1,1,1,1,1,1,1,4),(-0.224493277965344,-0.221689758471,-0.218886238976657,
-0.213279199987969,-0.202065122010595,-0.188047524538877,-0.179636966055846,
-0.157208810101097,-0.15160177111241,-0.148798251618067,-0.145995592554462),
 .UNSPECIFIED.);
#81=B_SPLINE_CURVE_WITH_KNOTS('',3,(#4553,#4554,#4555,#4556),
 .UNSPECIFIED.,.F.,.F.,(4,4),(-7.44394697919498E-16,0.145995592554501),
 .UNSPECIFIED.);
#82=B_SPLINE_CURVE_WITH_KNOTS('',3,(#4557,#4558,#4559,#4560),
 .UNSPECIFIED.,.F.,.F.,(4,4),(-0.145995592554501,7.44394697919498E-16),
 .UNSPECIFIED.);
#83=B_SPLINE_CURVE_WITH_KNOTS('',3,(#4642,#4643,#4644,#4645,#4646,#4647,
#4648,#4649,#4650,#4651,#4652,#4653,#4654,#4655,#4656,#4657,#4658,#4659,
#4660,#4661,#4662,#4663),.UNSPECIFIED.,.F.,.F.,(4,3,3,3,3,3,3,4),(-0.192915504096105,
-0.16535614636809,-0.137796788640075,-0.11023743091206,-0.082678073184045,
-0.05511871545603,-0.0413390365920225,0.),.UNSPECIFIED.);
#84=B_SPLINE_CURVE_WITH_KNOTS('',3,(#4667,#4668,#4669,#4670,#4671,#4672,
#4673,#4674,#4675,#4676,#4677,#4678,#4679,#4680,#4681,#4682,#4683,#4684,
#4685,#4686,#4687,#4688),.UNSPECIFIED.,.F.,.F.,(4,3,3,3,3,3,3,4),(-0.192915504018527,
-0.165356146301594,-0.137796788584662,-0.110237430867729,-0.0826780731507971,
-0.0551187154338647,-0.0413390365753985,0.),.UNSPECIFIED.);
#85=B_SPLINE_CURVE_WITH_KNOTS('',3,(#4734,#4735,#4736,#4737),
 .UNSPECIFIED.,.F.,.F.,(4,4),(-3.73548999994506E-16,0.570000000000001),
 .UNSPECIFIED.);
#86=B_SPLINE_CURVE_WITH_KNOTS('',3,(#4780,#4781,#4782,#4783),
 .UNSPECIFIED.,.F.,.F.,(4,4),(-0.570000000000001,3.73548999994506E-16),
 .UNSPECIFIED.);
#87=B_SPLINE_CURVE_WITH_KNOTS('',3,(#4784,#4785,#4786,#4787,#4788,#4789,
#4790,#4791,#4792,#4793,#4794,#4795,#4796,#4797,#4798,#4799,#4800,#4801,
#4802,#4803,#4804,#4805),.UNSPECIFIED.,.F.,.F.,(4,3,3,3,3,3,3,4),(0.,0.0413390365753985,
0.0551187154338647,0.0826780731507971,0.110237430867729,0.137796788584662,
0.165356146301594,0.192915504018527),.UNSPECIFIED.);
#88=B_SPLINE_CURVE_WITH_KNOTS('',3,(#4808,#4809,#4810,#4811),
 .UNSPECIFIED.,.F.,.F.,(4,4),(-4.93644562099835E-16,0.570000000000001),
 .UNSPECIFIED.);
#89=B_SPLINE_CURVE_WITH_KNOTS('',3,(#4854,#4855,#4856,#4857),
 .UNSPECIFIED.,.F.,.F.,(4,4),(-0.570000000000001,4.93644562099835E-16),
 .UNSPECIFIED.);
#90=B_SPLINE_CURVE_WITH_KNOTS('',3,(#4858,#4859,#4860,#4861,#4862,#4863,
#4864,#4865,#4866,#4867,#4868,#4869,#4870,#4871,#4872,#4873,#4874,#4875,
#4876,#4877,#4878,#4879),.UNSPECIFIED.,.F.,.F.,(4,3,3,3,3,3,3,4),(0.,0.0413390365920225,
0.05511871545603,0.082678073184045,0.11023743091206,0.137796788640075,0.16535614636809,
0.192915504096105),.UNSPECIFIED.);
#91=CIRCLE('',#2319,10.768);
#92=CIRCLE('',#2322,10.768);
#93=CIRCLE('',#2323,2.);
#94=CIRCLE('',#2324,2.);
#95=CIRCLE('',#2325,10.768);
#96=CIRCLE('',#2326,10.768);
#97=CIRCLE('',#2327,10.768);
#98=CIRCLE('',#2328,10.768);
#99=CIRCLE('',#2329,10.768);
#100=CIRCLE('',#2366,2.);
#101=CIRCLE('',#2369,10.768);
#102=CIRCLE('',#2370,10.768);
#103=CIRCLE('',#2371,10.768);
#104=CIRCLE('',#2372,10.768);
#105=CIRCLE('',#2375,2.);
#106=CIRCLE('',#2401,10.768);
#107=CIRCLE('',#2403,10.768);
#108=CIRCLE('',#2406,10.768);
#109=CIRCLE('',#2411,10.768);
#110=CIRCLE('',#2415,10.768);
#111=CIRCLE('',#2416,2.5);
#112=CIRCLE('',#2417,8.268);
#113=FACE_OUTER_BOUND('',#230,.T.);
#114=FACE_OUTER_BOUND('',#231,.T.);
#115=FACE_OUTER_BOUND('',#232,.T.);
#116=FACE_OUTER_BOUND('',#233,.T.);
#117=FACE_OUTER_BOUND('',#234,.T.);
#118=FACE_OUTER_BOUND('',#235,.T.);
#119=FACE_OUTER_BOUND('',#236,.T.);
#120=FACE_OUTER_BOUND('',#237,.T.);
#121=FACE_OUTER_BOUND('',#238,.T.);
#122=FACE_OUTER_BOUND('',#239,.T.);
#123=FACE_OUTER_BOUND('',#240,.T.);
#124=FACE_OUTER_BOUND('',#241,.T.);
#125=FACE_OUTER_BOUND('',#242,.T.);
#126=FACE_OUTER_BOUND('',#243,.T.);
#127=FACE_OUTER_BOUND('',#244,.T.);
#128=FACE_OUTER_BOUND('',#245,.T.);
#129=FACE_OUTER_BOUND('',#246,.T.);
#130=FACE_OUTER_BOUND('',#247,.T.);
#131=FACE_OUTER_BOUND('',#248,.T.);
#132=FACE_OUTER_BOUND('',#249,.T.);
#133=FACE_OUTER_BOUND('',#250,.T.);
#134=FACE_OUTER_BOUND('',#251,.T.);
#135=FACE_OUTER_BOUND('',#252,.T.);
#136=FACE_OUTER_BOUND('',#253,.T.);
#137=FACE_OUTER_BOUND('',#254,.T.);
#138=FACE_OUTER_BOUND('',#255,.T.);
#139=FACE_OUTER_BOUND('',#256,.T.);
#140=FACE_OUTER_BOUND('',#257,.T.);
#141=FACE_OUTER_BOUND('',#258,.T.);
#142=FACE_OUTER_BOUND('',#259,.T.);
#143=FACE_OUTER_BOUND('',#260,.T.);
#144=FACE_OUTER_BOUND('',#261,.T.);
#145=FACE_OUTER_BOUND('',#262,.T.);
#146=FACE_OUTER_BOUND('',#263,.T.);
#147=FACE_OUTER_BOUND('',#264,.T.);
#148=FACE_OUTER_BOUND('',#265,.T.);
#149=FACE_OUTER_BOUND('',#266,.T.);
#150=FACE_OUTER_BOUND('',#267,.T.);
#151=FACE_OUTER_BOUND('',#268,.T.);
#152=FACE_OUTER_BOUND('',#269,.T.);
#153=FACE_OUTER_BOUND('',#270,.T.);
#154=FACE_OUTER_BOUND('',#271,.T.);
#155=FACE_OUTER_BOUND('',#272,.T.);
#156=FACE_OUTER_BOUND('',#273,.T.);
#157=FACE_OUTER_BOUND('',#274,.T.);
#158=FACE_OUTER_BOUND('',#275,.T.);
#159=FACE_OUTER_BOUND('',#276,.T.);
#160=FACE_OUTER_BOUND('',#277,.T.);
#161=FACE_OUTER_BOUND('',#278,.T.);
#162=FACE_OUTER_BOUND('',#279,.T.);
#163=FACE_OUTER_BOUND('',#280,.T.);
#164=FACE_OUTER_BOUND('',#281,.T.);
#165=FACE_OUTER_BOUND('',#282,.T.);
#166=FACE_OUTER_BOUND('',#283,.T.);
#167=FACE_OUTER_BOUND('',#284,.T.);
#168=FACE_OUTER_BOUND('',#285,.T.);
#169=FACE_OUTER_BOUND('',#286,.T.);
#170=FACE_OUTER_BOUND('',#287,.T.);
#171=FACE_OUTER_BOUND('',#288,.T.);
#172=FACE_OUTER_BOUND('',#289,.T.);
#173=FACE_OUTER_BOUND('',#290,.T.);
#174=FACE_OUTER_BOUND('',#291,.T.);
#175=FACE_OUTER_BOUND('',#292,.T.);
#176=FACE_OUTER_BOUND('',#293,.T.);
#177=FACE_OUTER_BOUND('',#294,.T.);
#178=FACE_OUTER_BOUND('',#295,.T.);
#179=FACE_OUTER_BOUND('',#296,.T.);
#180=FACE_OUTER_BOUND('',#297,.T.);
#181=FACE_OUTER_BOUND('',#298,.T.);
#182=FACE_OUTER_BOUND('',#299,.T.);
#183=FACE_OUTER_BOUND('',#300,.T.);
#184=FACE_OUTER_BOUND('',#301,.T.);
#185=FACE_OUTER_BOUND('',#302,.T.);
#186=FACE_OUTER_BOUND('',#303,.T.);
#187=FACE_OUTER_BOUND('',#304,.T.);
#188=FACE_OUTER_BOUND('',#305,.T.);
#189=FACE_OUTER_BOUND('',#306,.T.);
#190=FACE_OUTER_BOUND('',#307,.T.);
#191=FACE_OUTER_BOUND('',#308,.T.);
#192=FACE_OUTER_BOUND('',#309,.T.);
#193=FACE_OUTER_BOUND('',#310,.T.);
#194=FACE_OUTER_BOUND('',#311,.T.);
#195=FACE_OUTER_BOUND('',#312,.T.);
#196=FACE_OUTER_BOUND('',#313,.T.);
#197=FACE_OUTER_BOUND('',#314,.T.);
#198=FACE_OUTER_BOUND('',#315,.T.);
#199=FACE_OUTER_BOUND('',#316,.T.);
#200=FACE_OUTER_BOUND('',#317,.T.);
#201=FACE_OUTER_BOUND('',#318,.T.);
#202=FACE_OUTER_BOUND('',#319,.T.);
#203=FACE_OUTER_BOUND('',#320,.T.);
#204=FACE_OUTER_BOUND('',#321,.T.);
#205=FACE_OUTER_BOUND('',#323,.T.);
#206=FACE_OUTER_BOUND('',#324,.T.);
#207=FACE_OUTER_BOUND('',#325,.T.);
#208=FACE_OUTER_BOUND('',#326,.T.);
#209=FACE_OUTER_BOUND('',#327,.T.);
#210=FACE_OUTER_BOUND('',#329,.T.);
#211=FACE_OUTER_BOUND('',#330,.T.);
#212=FACE_OUTER_BOUND('',#331,.T.);
#213=FACE_OUTER_BOUND('',#332,.T.);
#214=FACE_OUTER_BOUND('',#333,.T.);
#215=FACE_OUTER_BOUND('',#334,.T.);
#216=FACE_OUTER_BOUND('',#335,.T.);
#217=FACE_OUTER_BOUND('',#336,.T.);
#218=FACE_OUTER_BOUND('',#337,.T.);
#219=FACE_OUTER_BOUND('',#338,.T.);
#220=FACE_OUTER_BOUND('',#339,.T.);
#221=FACE_OUTER_BOUND('',#340,.T.);
#222=FACE_OUTER_BOUND('',#341,.T.);
#223=FACE_OUTER_BOUND('',#342,.T.);
#224=FACE_OUTER_BOUND('',#343,.T.);
#225=FACE_OUTER_BOUND('',#344,.T.);
#226=FACE_OUTER_BOUND('',#345,.T.);
#227=FACE_OUTER_BOUND('',#346,.T.);
#228=FACE_OUTER_BOUND('',#347,.T.);
#229=FACE_OUTER_BOUND('',#348,.T.);
#230=EDGE_LOOP('',(#1422,#1423,#1424,#1425,#1426,#1427,#1428,#1429,#1430));
#231=EDGE_LOOP('',(#1431,#1432,#1433,#1434,#1435,#1436,#1437,#1438,#1439,
#1440,#1441,#1442,#1443,#1444,#1445,#1446,#1447,#1448));
#232=EDGE_LOOP('',(#1449,#1450,#1451,#1452,#1453,#1454,#1455,#1456,#1457));
#233=EDGE_LOOP('',(#1458,#1459,#1460,#1461,#1462,#1463,#1464,#1465,#1466,
#1467,#1468,#1469,#1470,#1471,#1472,#1473,#1474,#1475,#1476,#1477,#1478));
#234=EDGE_LOOP('',(#1479,#1480,#1481,#1482));
#235=EDGE_LOOP('',(#1483,#1484,#1485,#1486));
#236=EDGE_LOOP('',(#1487,#1488,#1489,#1490));
#237=EDGE_LOOP('',(#1491,#1492,#1493,#1494));
#238=EDGE_LOOP('',(#1495,#1496,#1497,#1498));
#239=EDGE_LOOP('',(#1499,#1500,#1501,#1502,#1503,#1504,#1505));
#240=EDGE_LOOP('',(#1506,#1507,#1508,#1509));
#241=EDGE_LOOP('',(#1510,#1511,#1512,#1513,#1514,#1515,#1516));
#242=EDGE_LOOP('',(#1517,#1518,#1519,#1520,#1521,#1522,#1523));
#243=EDGE_LOOP('',(#1524,#1525,#1526,#1527,#1528,#1529));
#244=EDGE_LOOP('',(#1530,#1531,#1532,#1533,#1534,#1535));
#245=EDGE_LOOP('',(#1536,#1537,#1538,#1539));
#246=EDGE_LOOP('',(#1540,#1541,#1542,#1543,#1544,#1545));
#247=EDGE_LOOP('',(#1546,#1547,#1548,#1549,#1550,#1551,#1552,#1553,#1554,
#1555,#1556));
#248=EDGE_LOOP('',(#1557,#1558,#1559,#1560,#1561,#1562,#1563,#1564,#1565,
#1566));
#249=EDGE_LOOP('',(#1567,#1568,#1569,#1570));
#250=EDGE_LOOP('',(#1571,#1572,#1573,#1574));
#251=EDGE_LOOP('',(#1575,#1576,#1577,#1578,#1579,#1580,#1581,#1582,#1583,
#1584));
#252=EDGE_LOOP('',(#1585,#1586,#1587,#1588));
#253=EDGE_LOOP('',(#1589,#1590,#1591,#1592,#1593,#1594));
#254=EDGE_LOOP('',(#1595,#1596,#1597,#1598));
#255=EDGE_LOOP('',(#1599,#1600,#1601,#1602));
#256=EDGE_LOOP('',(#1603,#1604,#1605,#1606));
#257=EDGE_LOOP('',(#1607,#1608,#1609,#1610));
#258=EDGE_LOOP('',(#1611,#1612,#1613,#1614,#1615,#1616));
#259=EDGE_LOOP('',(#1617,#1618,#1619,#1620,#1621,#1622,#1623,#1624,#1625,
#1626,#1627,#1628,#1629,#1630,#1631,#1632));
#260=EDGE_LOOP('',(#1633,#1634,#1635,#1636,#1637,#1638,#1639));
#261=EDGE_LOOP('',(#1640,#1641,#1642,#1643));
#262=EDGE_LOOP('',(#1644,#1645,#1646,#1647,#1648));
#263=EDGE_LOOP('',(#1649,#1650,#1651,#1652,#1653,#1654));
#264=EDGE_LOOP('',(#1655,#1656,#1657,#1658));
#265=EDGE_LOOP('',(#1659,#1660,#1661,#1662));
#266=EDGE_LOOP('',(#1663,#1664,#1665,#1666,#1667,#1668,#1669,#1670,#1671,
#1672,#1673));
#267=EDGE_LOOP('',(#1674,#1675,#1676,#1677));
#268=EDGE_LOOP('',(#1678,#1679,#1680,#1681,#1682,#1683,#1684,#1685));
#269=EDGE_LOOP('',(#1686,#1687,#1688,#1689,#1690,#1691,#1692,#1693));
#270=EDGE_LOOP('',(#1694,#1695,#1696,#1697));
#271=EDGE_LOOP('',(#1698,#1699,#1700,#1701,#1702,#1703,#1704,#1705,#1706,
#1707,#1708,#1709));
#272=EDGE_LOOP('',(#1710,#1711,#1712,#1713,#1714,#1715));
#273=EDGE_LOOP('',(#1716,#1717,#1718,#1719,#1720,#1721,#1722,#1723));
#274=EDGE_LOOP('',(#1724,#1725,#1726,#1727,#1728,#1729));
#275=EDGE_LOOP('',(#1730,#1731,#1732,#1733));
#276=EDGE_LOOP('',(#1734,#1735,#1736,#1737));
#277=EDGE_LOOP('',(#1738,#1739,#1740,#1741,#1742));
#278=EDGE_LOOP('',(#1743,#1744,#1745,#1746,#1747,#1748,#1749));
#279=EDGE_LOOP('',(#1750,#1751,#1752,#1753,#1754));
#280=EDGE_LOOP('',(#1755,#1756,#1757,#1758,#1759,#1760,#1761));
#281=EDGE_LOOP('',(#1762,#1763,#1764,#1765));
#282=EDGE_LOOP('',(#1766,#1767,#1768,#1769));
#283=EDGE_LOOP('',(#1770,#1771,#1772,#1773));
#284=EDGE_LOOP('',(#1774,#1775,#1776,#1777));
#285=EDGE_LOOP('',(#1778,#1779,#1780,#1781));
#286=EDGE_LOOP('',(#1782,#1783,#1784,#1785));
#287=EDGE_LOOP('',(#1786,#1787,#1788,#1789,#1790,#1791,#1792));
#288=EDGE_LOOP('',(#1793,#1794,#1795,#1796));
#289=EDGE_LOOP('',(#1797,#1798,#1799,#1800));
#290=EDGE_LOOP('',(#1801,#1802,#1803,#1804));
#291=EDGE_LOOP('',(#1805,#1806,#1807,#1808));
#292=EDGE_LOOP('',(#1809,#1810,#1811,#1812));
#293=EDGE_LOOP('',(#1813,#1814,#1815,#1816));
#294=EDGE_LOOP('',(#1817,#1818,#1819,#1820));
#295=EDGE_LOOP('',(#1821,#1822,#1823,#1824,#1825,#1826));
#296=EDGE_LOOP('',(#1827,#1828,#1829,#1830,#1831,#1832));
#297=EDGE_LOOP('',(#1833,#1834,#1835,#1836));
#298=EDGE_LOOP('',(#1837,#1838,#1839,#1840,#1841,#1842,#1843));
#299=EDGE_LOOP('',(#1844,#1845,#1846,#1847));
#300=EDGE_LOOP('',(#1848,#1849,#1850,#1851));
#301=EDGE_LOOP('',(#1852,#1853,#1854,#1855));
#302=EDGE_LOOP('',(#1856,#1857,#1858,#1859));
#303=EDGE_LOOP('',(#1860,#1861,#1862,#1863));
#304=EDGE_LOOP('',(#1864,#1865,#1866,#1867));
#305=EDGE_LOOP('',(#1868,#1869,#1870,#1871,#1872,#1873));
#306=EDGE_LOOP('',(#1874,#1875,#1876,#1877,#1878));
#307=EDGE_LOOP('',(#1879,#1880,#1881,#1882));
#308=EDGE_LOOP('',(#1883,#1884,#1885,#1886));
#309=EDGE_LOOP('',(#1887,#1888,#1889,#1890));
#310=EDGE_LOOP('',(#1891,#1892,#1893,#1894));
#311=EDGE_LOOP('',(#1895,#1896,#1897,#1898));
#312=EDGE_LOOP('',(#1899,#1900,#1901,#1902));
#313=EDGE_LOOP('',(#1903,#1904,#1905,#1906,#1907,#1908,#1909,#1910,#1911,
#1912,#1913,#1914));
#314=EDGE_LOOP('',(#1915,#1916,#1917,#1918));
#315=EDGE_LOOP('',(#1919,#1920,#1921,#1922,#1923));
#316=EDGE_LOOP('',(#1924,#1925,#1926,#1927));
#317=EDGE_LOOP('',(#1928,#1929,#1930,#1931));
#318=EDGE_LOOP('',(#1932,#1933,#1934,#1935,#1936));
#319=EDGE_LOOP('',(#1937,#1938,#1939,#1940));
#320=EDGE_LOOP('',(#1941,#1942,#1943,#1944,#1945,#1946,#1947,#1948,#1949,
#1950,#1951,#1952));
#321=EDGE_LOOP('',(#1953));
#322=EDGE_LOOP('',(#1954,#1955,#1956,#1957));
#323=EDGE_LOOP('',(#1958,#1959,#1960,#1961));
#324=EDGE_LOOP('',(#1962,#1963,#1964,#1965));
#325=EDGE_LOOP('',(#1966,#1967,#1968,#1969));
#326=EDGE_LOOP('',(#1970,#1971,#1972,#1973));
#327=EDGE_LOOP('',(#1974,#1975,#1976,#1977));
#328=EDGE_LOOP('',(#1978,#1979,#1980,#1981));
#329=EDGE_LOOP('',(#1982,#1983,#1984,#1985,#1986,#1987,#1988,#1989,#1990,
#1991,#1992,#1993,#1994,#1995));
#330=EDGE_LOOP('',(#1996,#1997,#1998,#1999,#2000,#2001));
#331=EDGE_LOOP('',(#2002,#2003,#2004,#2005));
#332=EDGE_LOOP('',(#2006,#2007,#2008,#2009,#2010,#2011));
#333=EDGE_LOOP('',(#2012,#2013,#2014,#2015));
#334=EDGE_LOOP('',(#2016,#2017,#2018,#2019));
#335=EDGE_LOOP('',(#2020,#2021,#2022,#2023));
#336=EDGE_LOOP('',(#2024,#2025,#2026,#2027));
#337=EDGE_LOOP('',(#2028,#2029,#2030,#2031,#2032,#2033,#2034,#2035,#2036,
#2037,#2038,#2039,#2040,#2041));
#338=EDGE_LOOP('',(#2042,#2043,#2044,#2045));
#339=EDGE_LOOP('',(#2046,#2047,#2048,#2049));
#340=EDGE_LOOP('',(#2050,#2051,#2052,#2053,#2054,#2055));
#341=EDGE_LOOP('',(#2056,#2057,#2058,#2059));
#342=EDGE_LOOP('',(#2060,#2061,#2062,#2063));
#343=EDGE_LOOP('',(#2064,#2065,#2066,#2067));
#344=EDGE_LOOP('',(#2068,#2069,#2070,#2071));
#345=EDGE_LOOP('',(#2072,#2073,#2074,#2075));
#346=EDGE_LOOP('',(#2076,#2077,#2078,#2079,#2080,#2081));
#347=EDGE_LOOP('',(#2082,#2083,#2084,#2085));
#348=EDGE_LOOP('',(#2086,#2087,#2088,#2089));
#349=LINE('',#2963,#611);
#350=LINE('',#2965,#612);
#351=LINE('',#2967,#613);
#352=LINE('',#2969,#614);
#353=LINE('',#2971,#615);
#354=LINE('',#2973,#616);
#355=LINE('',#2975,#617);
#356=LINE('',#2977,#618);
#357=LINE('',#2978,#619);
#358=LINE('',#2981,#620);
#359=LINE('',#2983,#621);
#360=LINE('',#2985,#622);
#361=LINE('',#2989,#623);
#362=LINE('',#2991,#624);
#363=LINE('',#2993,#625);
#364=LINE('',#2995,#626);
#365=LINE('',#2997,#627);
#366=LINE('',#2999,#628);
#367=LINE('',#3001,#629);
#368=LINE('',#3003,#630);
#369=LINE('',#3005,#631);
#370=LINE('',#3007,#632);
#371=LINE('',#3009,#633);
#372=LINE('',#3011,#634);
#373=LINE('',#3012,#635);
#374=LINE('',#3016,#636);
#375=LINE('',#3017,#637);
#376=LINE('',#3019,#638);
#377=LINE('',#3021,#639);
#378=LINE('',#3023,#640);
#379=LINE('',#3025,#641);
#380=LINE('',#3027,#642);
#381=LINE('',#3028,#643);
#382=LINE('',#3033,#644);
#383=LINE('',#3037,#645);
#384=LINE('',#3044,#646);
#385=LINE('',#3051,#647);
#386=LINE('',#3058,#648);
#387=LINE('',#3062,#649);
#388=LINE('',#3065,#650);
#389=LINE('',#3074,#651);
#390=LINE('',#3077,#652);
#391=LINE('',#3079,#653);
#392=LINE('',#3080,#654);
#393=LINE('',#3082,#655);
#394=LINE('',#3085,#656);
#395=LINE('',#3087,#657);
#396=LINE('',#3088,#658);
#397=LINE('',#3090,#659);
#398=LINE('',#3094,#660);
#399=LINE('',#3096,#661);
#400=LINE('',#3098,#662);
#401=LINE('',#3099,#663);
#402=LINE('',#3102,#664);
#403=LINE('',#3104,#665);
#404=LINE('',#3106,#666);
#405=LINE('',#3108,#667);
#406=LINE('',#3110,#668);
#407=LINE('',#3111,#669);
#408=LINE('',#3115,#670);
#409=LINE('',#3117,#671);
#410=LINE('',#3119,#672);
#411=LINE('',#3120,#673);
#412=LINE('',#3123,#674);
#413=LINE('',#3125,#675);
#414=LINE('',#3150,#676);
#415=LINE('',#3153,#677);
#416=LINE('',#3155,#678);
#417=LINE('',#3157,#679);
#418=LINE('',#3159,#680);
#419=LINE('',#3160,#681);
#420=LINE('',#3164,#682);
#421=LINE('',#3165,#683);
#422=LINE('',#3167,#684);
#423=LINE('',#3168,#685);
#424=LINE('',#3171,#686);
#425=LINE('',#3173,#687);
#426=LINE('',#3175,#688);
#427=LINE('',#3176,#689);
#428=LINE('',#3179,#690);
#429=LINE('',#3180,#691);
#430=LINE('',#3184,#692);
#431=LINE('',#3186,#693);
#432=LINE('',#3187,#694);
#433=LINE('',#3188,#695);
#434=LINE('',#3191,#696);
#435=LINE('',#3192,#697);
#436=LINE('',#3194,#698);
#437=LINE('',#3196,#699);
#438=LINE('',#3197,#700);
#439=LINE('',#3221,#701);
#440=LINE('',#3224,#702);
#441=LINE('',#3226,#703);
#442=LINE('',#3228,#704);
#443=LINE('',#3230,#705);
#444=LINE('',#3232,#706);
#445=LINE('',#3234,#707);
#446=LINE('',#3236,#708);
#447=LINE('',#3237,#709);
#448=LINE('',#3240,#710);
#449=LINE('',#3241,#711);
#450=LINE('',#3244,#712);
#451=LINE('',#3245,#713);
#452=LINE('',#3248,#714);
#453=LINE('',#3250,#715);
#454=LINE('',#3252,#716);
#455=LINE('',#3254,#717);
#456=LINE('',#3256,#718);
#457=LINE('',#3258,#719);
#458=LINE('',#3259,#720);
#459=LINE('',#3262,#721);
#460=LINE('',#3263,#722);
#461=LINE('',#3266,#723);
#462=LINE('',#3267,#724);
#463=LINE('',#3271,#725);
#464=LINE('',#3273,#726);
#465=LINE('',#3275,#727);
#466=LINE('',#3276,#728);
#467=LINE('',#3279,#729);
#468=LINE('',#3281,#730);
#469=LINE('',#3301,#731);
#470=LINE('',#3303,#732);
#471=LINE('',#3305,#733);
#472=LINE('',#3306,#734);
#473=LINE('',#3309,#735);
#474=LINE('',#3311,#736);
#475=LINE('',#3329,#737);
#476=LINE('',#3335,#738);
#477=LINE('',#3361,#739);
#478=LINE('',#3385,#740);
#479=LINE('',#3387,#741);
#480=LINE('',#3388,#742);
#481=LINE('',#3390,#743);
#482=LINE('',#3392,#744);
#483=LINE('',#3394,#745);
#484=LINE('',#3396,#746);
#485=LINE('',#3397,#747);
#486=LINE('',#3399,#748);
#487=LINE('',#3400,#749);
#488=LINE('',#3413,#750);
#489=LINE('',#3414,#751);
#490=LINE('',#3416,#752);
#491=LINE('',#3417,#753);
#492=LINE('',#3419,#754);
#493=LINE('',#3420,#755);
#494=LINE('',#3422,#756);
#495=LINE('',#3425,#757);
#496=LINE('',#3426,#758);
#497=LINE('',#3451,#759);
#498=LINE('',#3453,#760);
#499=LINE('',#3454,#761);
#500=LINE('',#3456,#762);
#501=LINE('',#3460,#763);
#502=LINE('',#3462,#764);
#503=LINE('',#3464,#765);
#504=LINE('',#3466,#766);
#505=LINE('',#3468,#767);
#506=LINE('',#3470,#768);
#507=LINE('',#3472,#769);
#508=LINE('',#3473,#770);
#509=LINE('',#3476,#771);
#510=LINE('',#3478,#772);
#511=LINE('',#3480,#773);
#512=LINE('',#3481,#774);
#513=LINE('',#3485,#775);
#514=LINE('',#3487,#776);
#515=LINE('',#3489,#777);
#516=LINE('',#3490,#778);
#517=LINE('',#3493,#779);
#518=LINE('',#3495,#780);
#519=LINE('',#3496,#781);
#520=LINE('',#3499,#782);
#521=LINE('',#3502,#783);
#522=LINE('',#3504,#784);
#523=LINE('',#3506,#785);
#524=LINE('',#3507,#786);
#525=LINE('',#3509,#787);
#526=LINE('',#3510,#788);
#527=LINE('',#3513,#789);
#528=LINE('',#3515,#790);
#529=LINE('',#3516,#791);
#530=LINE('',#3519,#792);
#531=LINE('',#3520,#793);
#532=LINE('',#3523,#794);
#533=LINE('',#3524,#795);
#534=LINE('',#3536,#796);
#535=LINE('',#3606,#797);
#536=LINE('',#3607,#798);
#537=LINE('',#3608,#799);
#538=LINE('',#3674,#800);
#539=LINE('',#3676,#801);
#540=LINE('',#4562,#802);
#541=LINE('',#4567,#803);
#542=LINE('',#4571,#804);
#543=LINE('',#4574,#805);
#544=LINE('',#4576,#806);
#545=LINE('',#4578,#807);
#546=LINE('',#4580,#808);
#547=LINE('',#4589,#809);
#548=LINE('',#4592,#810);
#549=LINE('',#4593,#811);
#550=LINE('',#4599,#812);
#551=LINE('',#4601,#813);
#552=LINE('',#4612,#814);
#553=LINE('',#4616,#815);
#554=LINE('',#4618,#816);
#555=LINE('',#4620,#817);
#556=LINE('',#4621,#818);
#557=LINE('',#4624,#819);
#558=LINE('',#4626,#820);
#559=LINE('',#4627,#821);
#560=LINE('',#4630,#822);
#561=LINE('',#4631,#823);
#562=LINE('',#4634,#824);
#563=LINE('',#4635,#825);
#564=LINE('',#4637,#826);
#565=LINE('',#4665,#827);
#566=LINE('',#4690,#828);
#567=LINE('',#4692,#829);
#568=LINE('',#4694,#830);
#569=LINE('',#4696,#831);
#570=LINE('',#4698,#832);
#571=LINE('',#4700,#833);
#572=LINE('',#4702,#834);
#573=LINE('',#4704,#835);
#574=LINE('',#4706,#836);
#575=LINE('',#4708,#837);
#576=LINE('',#4709,#838);
#577=LINE('',#4712,#839);
#578=LINE('',#4714,#840);
#579=LINE('',#4716,#841);
#580=LINE('',#4718,#842);
#581=LINE('',#4719,#843);
#582=LINE('',#4722,#844);
#583=LINE('',#4723,#845);
#584=LINE('',#4726,#846);
#585=LINE('',#4728,#847);
#586=LINE('',#4730,#848);
#587=LINE('',#4731,#849);
#588=LINE('',#4738,#850);
#589=LINE('',#4812,#851);
#590=LINE('',#4882,#852);
#591=LINE('',#4884,#853);
#592=LINE('',#4886,#854);
#593=LINE('',#4888,#855);
#594=LINE('',#4890,#856);
#595=LINE('',#4892,#857);
#596=LINE('',#4893,#858);
#597=LINE('',#4894,#859);
#598=LINE('',#4898,#860);
#599=LINE('',#4900,#861);
#600=LINE('',#4902,#862);
#601=LINE('',#4903,#863);
#602=LINE('',#4905,#864);
#603=LINE('',#4906,#865);
#604=LINE('',#4908,#866);
#605=LINE('',#4909,#867);
#606=LINE('',#4911,#868);
#607=LINE('',#4913,#869);
#608=LINE('',#4916,#870);
#609=LINE('',#4918,#871);
#610=LINE('',#4921,#872);
#611=VECTOR('',#2447,10.);
#612=VECTOR('',#2448,10.);
#613=VECTOR('',#2449,10.);
#614=VECTOR('',#2450,10.);
#615=VECTOR('',#2451,10.);
#616=VECTOR('',#2452,10.);
#617=VECTOR('',#2453,10.);
#618=VECTOR('',#2454,10.);
#619=VECTOR('',#2455,10.);
#620=VECTOR('',#2458,10.);
#621=VECTOR('',#2459,10.);
#622=VECTOR('',#2460,10.);
#623=VECTOR('',#2463,10.);
#624=VECTOR('',#2464,10.);
#625=VECTOR('',#2465,10.);
#626=VECTOR('',#2466,10.);
#627=VECTOR('',#2467,10.);
#628=VECTOR('',#2468,10.);
#629=VECTOR('',#2469,10.);
#630=VECTOR('',#2470,10.);
#631=VECTOR('',#2471,10.);
#632=VECTOR('',#2472,10.);
#633=VECTOR('',#2473,10.);
#634=VECTOR('',#2474,10.);
#635=VECTOR('',#2475,10.);
#636=VECTOR('',#2478,10.);
#637=VECTOR('',#2479,10.);
#638=VECTOR('',#2480,10.);
#639=VECTOR('',#2481,10.);
#640=VECTOR('',#2482,10.);
#641=VECTOR('',#2483,10.);
#642=VECTOR('',#2484,10.);
#643=VECTOR('',#2485,10.);
#644=VECTOR('',#2490,10.);
#645=VECTOR('',#2493,10.);
#646=VECTOR('',#2494,10.);
#647=VECTOR('',#2495,10.);
#648=VECTOR('',#2496,10.);
#649=VECTOR('',#2499,10.);
#650=VECTOR('',#2502,10.);
#651=VECTOR('',#2511,10.);
#652=VECTOR('',#2514,10.);
#653=VECTOR('',#2515,10.);
#654=VECTOR('',#2516,10.);
#655=VECTOR('',#2519,10.);
#656=VECTOR('',#2522,10.);
#657=VECTOR('',#2523,10.);
#658=VECTOR('',#2524,10.);
#659=VECTOR('',#2527,10.);
#660=VECTOR('',#2530,10.);
#661=VECTOR('',#2531,10.);
#662=VECTOR('',#2532,10.);
#663=VECTOR('',#2533,10.);
#664=VECTOR('',#2536,10.);
#665=VECTOR('',#2537,10.);
#666=VECTOR('',#2538,10.);
#667=VECTOR('',#2539,10.);
#668=VECTOR('',#2540,10.);
#669=VECTOR('',#2541,10.);
#670=VECTOR('',#2544,10.);
#671=VECTOR('',#2545,10.);
#672=VECTOR('',#2546,10.);
#673=VECTOR('',#2547,10.);
#674=VECTOR('',#2550,10.);
#675=VECTOR('',#2551,10.);
#676=VECTOR('',#2552,10.);
#677=VECTOR('',#2555,10.);
#678=VECTOR('',#2556,10.);
#679=VECTOR('',#2557,10.);
#680=VECTOR('',#2558,10.);
#681=VECTOR('',#2559,10.);
#682=VECTOR('',#2562,10.);
#683=VECTOR('',#2563,10.);
#684=VECTOR('',#2564,10.);
#685=VECTOR('',#2565,10.);
#686=VECTOR('',#2568,10.);
#687=VECTOR('',#2569,10.);
#688=VECTOR('',#2570,10.);
#689=VECTOR('',#2571,10.);
#690=VECTOR('',#2574,10.);
#691=VECTOR('',#2575,10.);
#692=VECTOR('',#2578,10.);
#693=VECTOR('',#2579,10.);
#694=VECTOR('',#2580,10.);
#695=VECTOR('',#2581,10.);
#696=VECTOR('',#2584,10.);
#697=VECTOR('',#2585,10.);
#698=VECTOR('',#2586,10.);
#699=VECTOR('',#2587,10.);
#700=VECTOR('',#2588,10.);
#701=VECTOR('',#2589,10.);
#702=VECTOR('',#2592,10.);
#703=VECTOR('',#2593,10.);
#704=VECTOR('',#2594,10.);
#705=VECTOR('',#2595,10.);
#706=VECTOR('',#2596,10.);
#707=VECTOR('',#2597,10.);
#708=VECTOR('',#2598,10.);
#709=VECTOR('',#2599,10.);
#710=VECTOR('',#2602,10.);
#711=VECTOR('',#2603,10.);
#712=VECTOR('',#2606,10.);
#713=VECTOR('',#2607,10.);
#714=VECTOR('',#2610,10.);
#715=VECTOR('',#2611,10.);
#716=VECTOR('',#2612,10.);
#717=VECTOR('',#2613,10.);
#718=VECTOR('',#2614,10.);
#719=VECTOR('',#2615,10.);
#720=VECTOR('',#2616,10.);
#721=VECTOR('',#2619,10.);
#722=VECTOR('',#2620,10.);
#723=VECTOR('',#2623,10.);
#724=VECTOR('',#2624,10.);
#725=VECTOR('',#2627,10.);
#726=VECTOR('',#2628,10.);
#727=VECTOR('',#2629,10.);
#728=VECTOR('',#2630,10.);
#729=VECTOR('',#2633,10.);
#730=VECTOR('',#2634,10.);
#731=VECTOR('',#2637,10.);
#732=VECTOR('',#2638,10.);
#733=VECTOR('',#2639,10.);
#734=VECTOR('',#2640,10.);
#735=VECTOR('',#2643,10.);
#736=VECTOR('',#2644,10.);
#737=VECTOR('',#2647,10.);
#738=VECTOR('',#2648,10.);
#739=VECTOR('',#2651,10.);
#740=VECTOR('',#2652,10.);
#741=VECTOR('',#2653,10.);
#742=VECTOR('',#2654,10.);
#743=VECTOR('',#2655,10.);
#744=VECTOR('',#2656,10.);
#745=VECTOR('',#2657,10.);
#746=VECTOR('',#2658,10.);
#747=VECTOR('',#2659,10.);
#748=VECTOR('',#2660,10.);
#749=VECTOR('',#2661,10.);
#750=VECTOR('',#2664,10.);
#751=VECTOR('',#2665,10.);
#752=VECTOR('',#2668,10.);
#753=VECTOR('',#2669,10.);
#754=VECTOR('',#2672,10.);
#755=VECTOR('',#2673,10.);
#756=VECTOR('',#2676,10.);
#757=VECTOR('',#2681,10.);
#758=VECTOR('',#2682,10.);
#759=VECTOR('',#2685,10.);
#760=VECTOR('',#2686,10.);
#761=VECTOR('',#2687,10.);
#762=VECTOR('',#2690,10.);
#763=VECTOR('',#2693,10.);
#764=VECTOR('',#2694,10.);
#765=VECTOR('',#2695,10.);
#766=VECTOR('',#2696,10.);
#767=VECTOR('',#2697,10.);
#768=VECTOR('',#2698,10.);
#769=VECTOR('',#2699,10.);
#770=VECTOR('',#2700,10.);
#771=VECTOR('',#2703,10.);
#772=VECTOR('',#2704,10.);
#773=VECTOR('',#2707,10.);
#774=VECTOR('',#2708,10.);
#775=VECTOR('',#2711,10.);
#776=VECTOR('',#2712,10.);
#777=VECTOR('',#2713,10.);
#778=VECTOR('',#2714,10.);
#779=VECTOR('',#2717,10.);
#780=VECTOR('',#2718,10.);
#781=VECTOR('',#2719,10.);
#782=VECTOR('',#2724,10.);
#783=VECTOR('',#2729,10.);
#784=VECTOR('',#2732,10.);
#785=VECTOR('',#2733,10.);
#786=VECTOR('',#2734,10.);
#787=VECTOR('',#2737,10.);
#788=VECTOR('',#2738,10.);
#789=VECTOR('',#2741,10.);
#790=VECTOR('',#2744,10.);
#791=VECTOR('',#2745,10.);
#792=VECTOR('',#2748,10.);
#793=VECTOR('',#2749,10.);
#794=VECTOR('',#2752,10.);
#795=VECTOR('',#2753,10.);
#796=VECTOR('',#2756,10.);
#797=VECTOR('',#2759,10.);
#798=VECTOR('',#2760,10.);
#799=VECTOR('',#2761,10.);
#800=VECTOR('',#2764,10.);
#801=VECTOR('',#2767,10.);
#802=VECTOR('',#2772,10.);
#803=VECTOR('',#2781,10.);
#804=VECTOR('',#2788,10.);
#805=VECTOR('',#2793,10.);
#806=VECTOR('',#2796,10.);
#807=VECTOR('',#2799,10.);
#808=VECTOR('',#2802,10.);
#809=VECTOR('',#2817,10.);
#810=VECTOR('',#2820,10.);
#811=VECTOR('',#2821,10.);
#812=VECTOR('',#2832,10.);
#813=VECTOR('',#2835,10.);
#814=VECTOR('',#2852,10.768);
#815=VECTOR('',#2855,10.);
#816=VECTOR('',#2856,10.);
#817=VECTOR('',#2857,10.);
#818=VECTOR('',#2858,10.);
#819=VECTOR('',#2861,10.);
#820=VECTOR('',#2862,10.);
#821=VECTOR('',#2863,10.);
#822=VECTOR('',#2866,10.);
#823=VECTOR('',#2867,10.);
#824=VECTOR('',#2870,10.);
#825=VECTOR('',#2871,10.);
#826=VECTOR('',#2874,10.);
#827=VECTOR('',#2879,10.);
#828=VECTOR('',#2880,10.);
#829=VECTOR('',#2881,10.);
#830=VECTOR('',#2882,10.);
#831=VECTOR('',#2883,10.);
#832=VECTOR('',#2884,10.);
#833=VECTOR('',#2885,10.);
#834=VECTOR('',#2886,10.);
#835=VECTOR('',#2887,10.);
#836=VECTOR('',#2888,10.);
#837=VECTOR('',#2889,10.);
#838=VECTOR('',#2890,10.);
#839=VECTOR('',#2893,10.);
#840=VECTOR('',#2894,10.);
#841=VECTOR('',#2895,10.);
#842=VECTOR('',#2896,10.);
#843=VECTOR('',#2897,10.);
#844=VECTOR('',#2900,10.);
#845=VECTOR('',#2901,10.);
#846=VECTOR('',#2904,10.);
#847=VECTOR('',#2905,10.);
#848=VECTOR('',#2906,10.);
#849=VECTOR('',#2907,10.);
#850=VECTOR('',#2910,10.);
#851=VECTOR('',#2913,10.);
#852=VECTOR('',#2916,10.);
#853=VECTOR('',#2917,10.);
#854=VECTOR('',#2918,10.);
#855=VECTOR('',#2919,10.);
#856=VECTOR('',#2920,10.);
#857=VECTOR('',#2921,10.);
#858=VECTOR('',#2922,10.);
#859=VECTOR('',#2923,10.);
#860=VECTOR('',#2926,10.);
#861=VECTOR('',#2927,10.);
#862=VECTOR('',#2928,10.);
#863=VECTOR('',#2929,10.);
#864=VECTOR('',#2932,10.);
#865=VECTOR('',#2933,10.);
#866=VECTOR('',#2936,10.);
#867=VECTOR('',#2937,10.);
#868=VECTOR('',#2940,10.);
#869=VECTOR('',#2943,10.);
#870=VECTOR('',#2948,10.);
#871=VECTOR('',#2951,10.);
#872=VECTOR('',#2956,10.);
#873=VERTEX_POINT('',#2961);
#874=VERTEX_POINT('',#2962);
#875=VERTEX_POINT('',#2964);
#876=VERTEX_POINT('',#2966);
#877=VERTEX_POINT('',#2968);
#878=VERTEX_POINT('',#2970);
#879=VERTEX_POINT('',#2972);
#880=VERTEX_POINT('',#2974);
#881=VERTEX_POINT('',#2976);
#882=VERTEX_POINT('',#2980);
#883=VERTEX_POINT('',#2982);
#884=VERTEX_POINT('',#2984);
#885=VERTEX_POINT('',#2986);
#886=VERTEX_POINT('',#2988);
#887=VERTEX_POINT('',#2990);
#888=VERTEX_POINT('',#2992);
#889=VERTEX_POINT('',#2994);
#890=VERTEX_POINT('',#2996);
#891=VERTEX_POINT('',#2998);
#892=VERTEX_POINT('',#3000);
#893=VERTEX_POINT('',#3002);
#894=VERTEX_POINT('',#3004);
#895=VERTEX_POINT('',#3006);
#896=VERTEX_POINT('',#3008);
#897=VERTEX_POINT('',#3010);
#898=VERTEX_POINT('',#3014);
#899=VERTEX_POINT('',#3015);
#900=VERTEX_POINT('',#3018);
#901=VERTEX_POINT('',#3020);
#902=VERTEX_POINT('',#3022);
#903=VERTEX_POINT('',#3024);
#904=VERTEX_POINT('',#3026);
#905=VERTEX_POINT('',#3030);
#906=VERTEX_POINT('',#3032);
#907=VERTEX_POINT('',#3034);
#908=VERTEX_POINT('',#3036);
#909=VERTEX_POINT('',#3038);
#910=VERTEX_POINT('',#3043);
#911=VERTEX_POINT('',#3045);
#912=VERTEX_POINT('',#3050);
#913=VERTEX_POINT('',#3052);
#914=VERTEX_POINT('',#3057);
#915=VERTEX_POINT('',#3059);
#916=VERTEX_POINT('',#3061);
#917=VERTEX_POINT('',#3064);
#918=VERTEX_POINT('',#3066);
#919=VERTEX_POINT('',#3068);
#920=VERTEX_POINT('',#3070);
#921=VERTEX_POINT('',#3072);
#922=VERTEX_POINT('',#3076);
#923=VERTEX_POINT('',#3078);
#924=VERTEX_POINT('',#3084);
#925=VERTEX_POINT('',#3086);
#926=VERTEX_POINT('',#3092);
#927=VERTEX_POINT('',#3093);
#928=VERTEX_POINT('',#3095);
#929=VERTEX_POINT('',#3097);
#930=VERTEX_POINT('',#3101);
#931=VERTEX_POINT('',#3103);
#932=VERTEX_POINT('',#3105);
#933=VERTEX_POINT('',#3107);
#934=VERTEX_POINT('',#3109);
#935=VERTEX_POINT('',#3113);
#936=VERTEX_POINT('',#3114);
#937=VERTEX_POINT('',#3116);
#938=VERTEX_POINT('',#3118);
#939=VERTEX_POINT('',#3122);
#940=VERTEX_POINT('',#3124);
#941=VERTEX_POINT('',#3126);
#942=VERTEX_POINT('',#3131);
#943=VERTEX_POINT('',#3145);
#944=VERTEX_POINT('',#3152);
#945=VERTEX_POINT('',#3154);
#946=VERTEX_POINT('',#3156);
#947=VERTEX_POINT('',#3158);
#948=VERTEX_POINT('',#3162);
#949=VERTEX_POINT('',#3163);
#950=VERTEX_POINT('',#3166);
#951=VERTEX_POINT('',#3170);
#952=VERTEX_POINT('',#3172);
#953=VERTEX_POINT('',#3174);
#954=VERTEX_POINT('',#3178);
#955=VERTEX_POINT('',#3182);
#956=VERTEX_POINT('',#3183);
#957=VERTEX_POINT('',#3185);
#958=VERTEX_POINT('',#3190);
#959=VERTEX_POINT('',#3193);
#960=VERTEX_POINT('',#3195);
#961=VERTEX_POINT('',#3198);
#962=VERTEX_POINT('',#3223);
#963=VERTEX_POINT('',#3225);
#964=VERTEX_POINT('',#3227);
#965=VERTEX_POINT('',#3229);
#966=VERTEX_POINT('',#3231);
#967=VERTEX_POINT('',#3233);
#968=VERTEX_POINT('',#3235);
#969=VERTEX_POINT('',#3239);
#970=VERTEX_POINT('',#3243);
#971=VERTEX_POINT('',#3247);
#972=VERTEX_POINT('',#3249);
#973=VERTEX_POINT('',#3251);
#974=VERTEX_POINT('',#3253);
#975=VERTEX_POINT('',#3255);
#976=VERTEX_POINT('',#3257);
#977=VERTEX_POINT('',#3261);
#978=VERTEX_POINT('',#3265);
#979=VERTEX_POINT('',#3269);
#980=VERTEX_POINT('',#3270);
#981=VERTEX_POINT('',#3272);
#982=VERTEX_POINT('',#3274);
#983=VERTEX_POINT('',#3278);
#984=VERTEX_POINT('',#3280);
#985=VERTEX_POINT('',#3299);
#986=VERTEX_POINT('',#3300);
#987=VERTEX_POINT('',#3302);
#988=VERTEX_POINT('',#3304);
#989=VERTEX_POINT('',#3308);
#990=VERTEX_POINT('',#3310);
#991=VERTEX_POINT('',#3323);
#992=VERTEX_POINT('',#3328);
#993=VERTEX_POINT('',#3330);
#994=VERTEX_POINT('',#3337);
#995=VERTEX_POINT('',#3360);
#996=VERTEX_POINT('',#3362);
#997=VERTEX_POINT('',#3386);
#998=VERTEX_POINT('',#3389);
#999=VERTEX_POINT('',#3391);
#1000=VERTEX_POINT('',#3393);
#1001=VERTEX_POINT('',#3395);
#1002=VERTEX_POINT('',#3398);
#1003=VERTEX_POINT('',#3402);
#1004=VERTEX_POINT('',#3407);
#1005=VERTEX_POINT('',#3412);
#1006=VERTEX_POINT('',#3450);
#1007=VERTEX_POINT('',#3452);
#1008=VERTEX_POINT('',#3458);
#1009=VERTEX_POINT('',#3459);
#1010=VERTEX_POINT('',#3461);
#1011=VERTEX_POINT('',#3463);
#1012=VERTEX_POINT('',#3465);
#1013=VERTEX_POINT('',#3467);
#1014=VERTEX_POINT('',#3469);
#1015=VERTEX_POINT('',#3471);
#1016=VERTEX_POINT('',#3475);
#1017=VERTEX_POINT('',#3477);
#1018=VERTEX_POINT('',#3483);
#1019=VERTEX_POINT('',#3484);
#1020=VERTEX_POINT('',#3486);
#1021=VERTEX_POINT('',#3488);
#1022=VERTEX_POINT('',#3492);
#1023=VERTEX_POINT('',#3494);
#1024=VERTEX_POINT('',#3505);
#1025=VERTEX_POINT('',#3511);
#1026=VERTEX_POINT('',#3518);
#1027=VERTEX_POINT('',#3522);
#1028=VERTEX_POINT('',#3577);
#1029=VERTEX_POINT('',#3593);
#1030=VERTEX_POINT('',#3594);
#1031=VERTEX_POINT('',#3605);
#1032=VERTEX_POINT('',#3649);
#1033=VERTEX_POINT('',#3658);
#1034=VERTEX_POINT('',#3910);
#1035=VERTEX_POINT('',#4122);
#1036=VERTEX_POINT('',#4267);
#1037=VERTEX_POINT('',#4344);
#1038=VERTEX_POINT('',#4476);
#1039=VERTEX_POINT('',#4477);
#1040=VERTEX_POINT('',#4587);
#1041=VERTEX_POINT('',#4591);
#1042=VERTEX_POINT('',#4606);
#1043=VERTEX_POINT('',#4608);
#1044=VERTEX_POINT('',#4614);
#1045=VERTEX_POINT('',#4615);
#1046=VERTEX_POINT('',#4617);
#1047=VERTEX_POINT('',#4619);
#1048=VERTEX_POINT('',#4623);
#1049=VERTEX_POINT('',#4625);
#1050=VERTEX_POINT('',#4629);
#1051=VERTEX_POINT('',#4633);
#1052=VERTEX_POINT('',#4640);
#1053=VERTEX_POINT('',#4641);
#1054=VERTEX_POINT('',#4664);
#1055=VERTEX_POINT('',#4666);
#1056=VERTEX_POINT('',#4689);
#1057=VERTEX_POINT('',#4691);
#1058=VERTEX_POINT('',#4693);
#1059=VERTEX_POINT('',#4695);
#1060=VERTEX_POINT('',#4697);
#1061=VERTEX_POINT('',#4699);
#1062=VERTEX_POINT('',#4701);
#1063=VERTEX_POINT('',#4703);
#1064=VERTEX_POINT('',#4705);
#1065=VERTEX_POINT('',#4707);
#1066=VERTEX_POINT('',#4711);
#1067=VERTEX_POINT('',#4713);
#1068=VERTEX_POINT('',#4715);
#1069=VERTEX_POINT('',#4717);
#1070=VERTEX_POINT('',#4721);
#1071=VERTEX_POINT('',#4725);
#1072=VERTEX_POINT('',#4727);
#1073=VERTEX_POINT('',#4729);
#1074=VERTEX_POINT('',#4733);
#1075=VERTEX_POINT('',#4779);
#1076=VERTEX_POINT('',#4807);
#1077=VERTEX_POINT('',#4853);
#1078=VERTEX_POINT('',#4881);
#1079=VERTEX_POINT('',#4883);
#1080=VERTEX_POINT('',#4885);
#1081=VERTEX_POINT('',#4887);
#1082=VERTEX_POINT('',#4889);
#1083=VERTEX_POINT('',#4891);
#1084=VERTEX_POINT('',#4896);
#1085=VERTEX_POINT('',#4897);
#1086=VERTEX_POINT('',#4899);
#1087=VERTEX_POINT('',#4901);
#1088=EDGE_CURVE('',#873,#874,#349,.T.);
#1089=EDGE_CURVE('',#875,#873,#350,.T.);
#1090=EDGE_CURVE('',#876,#875,#351,.T.);
#1091=EDGE_CURVE('',#877,#876,#352,.T.);
#1092=EDGE_CURVE('',#878,#877,#353,.T.);
#1093=EDGE_CURVE('',#879,#878,#354,.T.);
#1094=EDGE_CURVE('',#880,#879,#355,.T.);
#1095=EDGE_CURVE('',#881,#880,#356,.T.);
#1096=EDGE_CURVE('',#874,#881,#357,.T.);
#1097=EDGE_CURVE('',#882,#876,#358,.T.);
#1098=EDGE_CURVE('',#875,#883,#359,.T.);
#1099=EDGE_CURVE('',#883,#884,#360,.T.);
#1100=EDGE_CURVE('',#884,#885,#91,.T.);
#1101=EDGE_CURVE('',#885,#886,#361,.T.);
#1102=EDGE_CURVE('',#886,#887,#362,.T.);
#1103=EDGE_CURVE('',#887,#888,#363,.T.);
#1104=EDGE_CURVE('',#888,#889,#364,.T.);
#1105=EDGE_CURVE('',#889,#890,#365,.T.);
#1106=EDGE_CURVE('',#890,#891,#366,.T.);
#1107=EDGE_CURVE('',#891,#892,#367,.T.);
#1108=EDGE_CURVE('',#892,#893,#368,.T.);
#1109=EDGE_CURVE('',#893,#894,#369,.T.);
#1110=EDGE_CURVE('',#894,#895,#370,.T.);
#1111=EDGE_CURVE('',#895,#896,#371,.T.);
#1112=EDGE_CURVE('',#896,#897,#372,.T.);
#1113=EDGE_CURVE('',#897,#882,#373,.T.);
#1114=EDGE_CURVE('',#898,#899,#374,.T.);
#1115=EDGE_CURVE('',#888,#898,#375,.T.);
#1116=EDGE_CURVE('',#900,#887,#376,.T.);
#1117=EDGE_CURVE('',#901,#900,#377,.T.);
#1118=EDGE_CURVE('',#902,#901,#378,.T.);
#1119=EDGE_CURVE('',#903,#902,#379,.T.);
#1120=EDGE_CURVE('',#904,#903,#380,.T.);
#1121=EDGE_CURVE('',#899,#904,#381,.T.);
#1122=EDGE_CURVE('',#880,#905,#92,.T.);
#1123=EDGE_CURVE('',#905,#906,#382,.T.);
#1124=EDGE_CURVE('',#907,#906,#93,.T.);
#1125=EDGE_CURVE('',#908,#907,#383,.T.);
#1126=EDGE_CURVE('',#909,#908,#41,.T.);
#1127=EDGE_CURVE('',#910,#909,#384,.T.);
#1128=EDGE_CURVE('',#911,#910,#42,.T.);
#1129=EDGE_CURVE('',#912,#911,#385,.T.);
#1130=EDGE_CURVE('',#913,#912,#43,.T.);
#1131=EDGE_CURVE('',#914,#913,#386,.T.);
#1132=EDGE_CURVE('',#915,#914,#94,.T.);
#1133=EDGE_CURVE('',#915,#916,#387,.T.);
#1134=EDGE_CURVE('',#916,#903,#95,.T.);
#1135=EDGE_CURVE('',#902,#917,#388,.T.);
#1136=EDGE_CURVE('',#917,#918,#96,.T.);
#1137=EDGE_CURVE('',#918,#919,#97,.T.);
#1138=EDGE_CURVE('',#919,#920,#98,.T.);
#1139=EDGE_CURVE('',#920,#921,#99,.T.);
#1140=EDGE_CURVE('',#921,#881,#389,.T.);
#1141=EDGE_CURVE('',#922,#884,#390,.T.);
#1142=EDGE_CURVE('',#883,#923,#391,.T.);
#1143=EDGE_CURVE('',#922,#923,#392,.T.);
#1144=EDGE_CURVE('',#923,#873,#393,.T.);
#1145=EDGE_CURVE('',#924,#885,#394,.T.);
#1146=EDGE_CURVE('',#924,#925,#395,.T.);
#1147=EDGE_CURVE('',#925,#886,#396,.T.);
#1148=EDGE_CURVE('',#900,#925,#397,.T.);
#1149=EDGE_CURVE('',#926,#927,#398,.T.);
#1150=EDGE_CURVE('',#928,#926,#399,.T.);
#1151=EDGE_CURVE('',#929,#928,#400,.T.);
#1152=EDGE_CURVE('',#927,#929,#401,.T.);
#1153=EDGE_CURVE('',#930,#926,#402,.T.);
#1154=EDGE_CURVE('',#931,#927,#403,.T.);
#1155=EDGE_CURVE('',#931,#932,#404,.T.);
#1156=EDGE_CURVE('',#933,#932,#405,.T.);
#1157=EDGE_CURVE('',#934,#933,#406,.T.);
#1158=EDGE_CURVE('',#930,#934,#407,.T.);
#1159=EDGE_CURVE('',#935,#936,#408,.T.);
#1160=EDGE_CURVE('',#937,#935,#409,.T.);
#1161=EDGE_CURVE('',#938,#937,#410,.T.);
#1162=EDGE_CURVE('',#936,#938,#411,.T.);
#1163=EDGE_CURVE('',#935,#939,#412,.T.);
#1164=EDGE_CURVE('',#939,#940,#413,.T.);
#1165=EDGE_CURVE('',#941,#940,#44,.T.);
#1166=EDGE_CURVE('',#942,#941,#45,.T.);
#1167=EDGE_CURVE('',#943,#942,#46,.T.);
#1168=EDGE_CURVE('',#943,#937,#414,.T.);
#1169=EDGE_CURVE('',#936,#944,#415,.T.);
#1170=EDGE_CURVE('',#945,#944,#416,.T.);
#1171=EDGE_CURVE('',#946,#945,#417,.T.);
#1172=EDGE_CURVE('',#947,#946,#418,.T.);
#1173=EDGE_CURVE('',#947,#939,#419,.T.);
#1174=EDGE_CURVE('',#948,#949,#420,.T.);
#1175=EDGE_CURVE('',#944,#948,#421,.T.);
#1176=EDGE_CURVE('',#950,#938,#422,.T.);
#1177=EDGE_CURVE('',#949,#950,#423,.T.);
#1178=EDGE_CURVE('',#948,#951,#424,.T.);
#1179=EDGE_CURVE('',#951,#952,#425,.T.);
#1180=EDGE_CURVE('',#952,#953,#426,.T.);
#1181=EDGE_CURVE('',#945,#953,#427,.T.);
#1182=EDGE_CURVE('',#954,#949,#428,.T.);
#1183=EDGE_CURVE('',#954,#951,#429,.T.);
#1184=EDGE_CURVE('',#955,#956,#430,.T.);
#1185=EDGE_CURVE('',#957,#955,#431,.T.);
#1186=EDGE_CURVE('',#928,#957,#432,.T.);
#1187=EDGE_CURVE('',#956,#930,#433,.T.);
#1188=EDGE_CURVE('',#957,#958,#434,.T.);
#1189=EDGE_CURVE('',#890,#958,#435,.T.);
#1190=EDGE_CURVE('',#959,#889,#436,.T.);
#1191=EDGE_CURVE('',#959,#960,#437,.T.);
#1192=EDGE_CURVE('',#914,#960,#438,.T.);
#1193=EDGE_CURVE('',#961,#913,#47,.T.);
#1194=EDGE_CURVE('',#961,#929,#439,.T.);
#1195=EDGE_CURVE('',#955,#962,#440,.T.);
#1196=EDGE_CURVE('',#962,#963,#441,.T.);
#1197=EDGE_CURVE('',#964,#963,#442,.T.);
#1198=EDGE_CURVE('',#965,#964,#443,.T.);
#1199=EDGE_CURVE('',#966,#965,#444,.T.);
#1200=EDGE_CURVE('',#967,#966,#445,.T.);
#1201=EDGE_CURVE('',#968,#967,#446,.T.);
#1202=EDGE_CURVE('',#958,#968,#447,.T.);
#1203=EDGE_CURVE('',#969,#956,#448,.T.);
#1204=EDGE_CURVE('',#969,#962,#449,.T.);
#1205=EDGE_CURVE('',#952,#970,#450,.T.);
#1206=EDGE_CURVE('',#970,#954,#451,.T.);
#1207=EDGE_CURVE('',#971,#950,#452,.T.);
#1208=EDGE_CURVE('',#972,#971,#453,.T.);
#1209=EDGE_CURVE('',#973,#972,#454,.T.);
#1210=EDGE_CURVE('',#974,#973,#455,.T.);
#1211=EDGE_CURVE('',#975,#974,#456,.T.);
#1212=EDGE_CURVE('',#976,#975,#457,.T.);
#1213=EDGE_CURVE('',#970,#976,#458,.T.);
#1214=EDGE_CURVE('',#963,#977,#459,.T.);
#1215=EDGE_CURVE('',#977,#969,#460,.T.);
#1216=EDGE_CURVE('',#978,#934,#461,.T.);
#1217=EDGE_CURVE('',#978,#977,#462,.T.);
#1218=EDGE_CURVE('',#979,#980,#463,.T.);
#1219=EDGE_CURVE('',#981,#979,#464,.T.);
#1220=EDGE_CURVE('',#981,#982,#465,.T.);
#1221=EDGE_CURVE('',#980,#982,#466,.T.);
#1222=EDGE_CURVE('',#982,#983,#467,.T.);
#1223=EDGE_CURVE('',#984,#981,#468,.T.);
#1224=EDGE_CURVE('',#983,#984,#48,.T.);
#1225=EDGE_CURVE('',#985,#986,#469,.T.);
#1226=EDGE_CURVE('',#987,#985,#470,.T.);
#1227=EDGE_CURVE('',#987,#988,#471,.T.);
#1228=EDGE_CURVE('',#986,#988,#472,.T.);
#1229=EDGE_CURVE('',#988,#989,#473,.T.);
#1230=EDGE_CURVE('',#990,#987,#474,.T.);
#1231=EDGE_CURVE('',#989,#990,#49,.T.);
#1232=EDGE_CURVE('',#991,#983,#50,.T.);
#1233=EDGE_CURVE('',#992,#991,#475,.T.);
#1234=EDGE_CURVE('',#993,#992,#51,.T.);
#1235=EDGE_CURVE('',#980,#993,#476,.T.);
#1236=EDGE_CURVE('',#994,#993,#52,.T.);
#1237=EDGE_CURVE('',#994,#995,#477,.T.);
#1238=EDGE_CURVE('',#996,#995,#53,.T.);
#1239=EDGE_CURVE('',#996,#985,#478,.T.);
#1240=EDGE_CURVE('',#986,#997,#479,.T.);
#1241=EDGE_CURVE('',#997,#946,#480,.T.);
#1242=EDGE_CURVE('',#946,#998,#481,.T.);
#1243=EDGE_CURVE('',#998,#999,#482,.T.);
#1244=EDGE_CURVE('',#999,#1000,#483,.T.);
#1245=EDGE_CURVE('',#1000,#1001,#484,.T.);
#1246=EDGE_CURVE('',#1001,#933,#485,.T.);
#1247=EDGE_CURVE('',#933,#1002,#486,.T.);
#1248=EDGE_CURVE('',#1002,#979,#487,.T.);
#1249=EDGE_CURVE('',#1003,#989,#54,.T.);
#1250=EDGE_CURVE('',#1004,#1003,#55,.T.);
#1251=EDGE_CURVE('',#1004,#1005,#488,.T.);
#1252=EDGE_CURVE('',#1005,#997,#489,.T.);
#1253=EDGE_CURVE('',#893,#966,#490,.T.);
#1254=EDGE_CURVE('',#892,#967,#491,.T.);
#1255=EDGE_CURVE('',#1001,#965,#492,.T.);
#1256=EDGE_CURVE('',#893,#1000,#493,.T.);
#1257=EDGE_CURVE('',#964,#978,#494,.T.);
#1258=EDGE_CURVE('',#897,#971,#495,.T.);
#1259=EDGE_CURVE('',#896,#972,#496,.T.);
#1260=EDGE_CURVE('',#908,#943,#56,.T.);
#1261=EDGE_CURVE('',#1006,#907,#497,.T.);
#1262=EDGE_CURVE('',#1006,#1007,#498,.T.);
#1263=EDGE_CURVE('',#1007,#882,#499,.T.);
#1264=EDGE_CURVE('',#953,#976,#500,.T.);
#1265=EDGE_CURVE('',#1008,#1009,#501,.T.);
#1266=EDGE_CURVE('',#1010,#1008,#502,.T.);
#1267=EDGE_CURVE('',#1011,#1010,#503,.T.);
#1268=EDGE_CURVE('',#1012,#1011,#504,.T.);
#1269=EDGE_CURVE('',#1013,#1012,#505,.T.);
#1270=EDGE_CURVE('',#1014,#1013,#506,.T.);
#1271=EDGE_CURVE('',#1015,#1014,#507,.T.);
#1272=EDGE_CURVE('',#1009,#1015,#508,.T.);
#1273=EDGE_CURVE('',#1016,#1015,#509,.T.);
#1274=EDGE_CURVE('',#1014,#1017,#510,.T.);
#1275=EDGE_CURVE('',#960,#1017,#100,.T.);
#1276=EDGE_CURVE('',#959,#898,#511,.T.);
#1277=EDGE_CURVE('',#1016,#899,#512,.T.);
#1278=EDGE_CURVE('',#1018,#1019,#513,.T.);
#1279=EDGE_CURVE('',#1020,#1018,#514,.T.);
#1280=EDGE_CURVE('',#1021,#1020,#515,.T.);
#1281=EDGE_CURVE('',#1019,#1021,#516,.T.);
#1282=EDGE_CURVE('',#1022,#1021,#517,.T.);
#1283=EDGE_CURVE('',#1020,#1023,#518,.T.);
#1284=EDGE_CURVE('',#1023,#904,#519,.T.);
#1285=EDGE_CURVE('',#903,#917,#101,.T.);
#1286=EDGE_CURVE('',#917,#918,#102,.T.);
#1287=EDGE_CURVE('',#918,#920,#520,.T.);
#1288=EDGE_CURVE('',#920,#921,#103,.T.);
#1289=EDGE_CURVE('',#921,#880,#104,.T.);
#1290=EDGE_CURVE('',#879,#1022,#521,.T.);
#1291=EDGE_CURVE('',#1019,#1008,#522,.T.);
#1292=EDGE_CURVE('',#1024,#1022,#523,.T.);
#1293=EDGE_CURVE('',#1010,#1024,#524,.T.);
#1294=EDGE_CURVE('',#1024,#878,#525,.T.);
#1295=EDGE_CURVE('',#877,#1007,#526,.T.);
#1296=EDGE_CURVE('',#1025,#1006,#105,.T.);
#1297=EDGE_CURVE('',#1011,#1025,#527,.T.);
#1298=EDGE_CURVE('',#1009,#1018,#528,.T.);
#1299=EDGE_CURVE('',#1023,#1016,#529,.T.);
#1300=EDGE_CURVE('',#917,#1026,#530,.T.);
#1301=EDGE_CURVE('',#1026,#901,#531,.T.);
#1302=EDGE_CURVE('',#921,#1027,#532,.T.);
#1303=EDGE_CURVE('',#1027,#874,#533,.T.);
#1304=EDGE_CURVE('',#940,#1004,#57,.T.);
#1305=EDGE_CURVE('',#1005,#947,#534,.T.);
#1306=EDGE_CURVE('',#990,#1028,#58,.T.);
#1307=EDGE_CURVE('',#941,#1028,#59,.T.);
#1308=EDGE_CURVE('',#1029,#1030,#60,.T.);
#1309=EDGE_CURVE('',#1031,#1029,#535,.T.);
#1310=EDGE_CURVE('',#932,#1031,#536,.T.);
#1311=EDGE_CURVE('',#1030,#931,#537,.T.);
#1312=EDGE_CURVE('',#984,#1032,#61,.T.);
#1313=EDGE_CURVE('',#1032,#1029,#62,.T.);
#1314=EDGE_CURVE('',#1030,#1033,#63,.T.);
#1315=EDGE_CURVE('',#991,#1033,#64,.T.);
#1316=EDGE_CURVE('',#1017,#915,#538,.T.);
#1317=EDGE_CURVE('',#906,#1025,#539,.T.);
#1318=EDGE_CURVE('',#942,#909,#65,.T.);
#1319=EDGE_CURVE('',#1028,#909,#66,.T.);
#1320=EDGE_CURVE('',#912,#1034,#67,.T.);
#1321=EDGE_CURVE('',#1034,#961,#68,.T.);
#1322=EDGE_CURVE('',#1033,#1034,#69,.T.);
#1323=EDGE_CURVE('',#912,#991,#70,.T.);
#1324=EDGE_CURVE('',#992,#1035,#71,.T.);
#1325=EDGE_CURVE('',#1035,#994,#72,.T.);
#1326=EDGE_CURVE('',#911,#1036,#73,.T.);
#1327=EDGE_CURVE('',#1036,#1035,#74,.T.);
#1328=EDGE_CURVE('',#992,#911,#75,.T.);
#1329=EDGE_CURVE('',#910,#1037,#76,.T.);
#1330=EDGE_CURVE('',#1037,#1036,#77,.T.);
#1331=EDGE_CURVE('',#1038,#1039,#78,.T.);
#1332=EDGE_CURVE('',#1039,#1037,#79,.T.);
#1333=EDGE_CURVE('',#910,#1038,#80,.T.);
#1334=EDGE_CURVE('',#995,#1039,#81,.T.);
#1335=EDGE_CURVE('',#1038,#996,#82,.T.);
#1336=EDGE_CURVE('',#1028,#1038,#540,.T.);
#1337=EDGE_CURVE('',#1002,#1031,#541,.T.);
#1338=EDGE_CURVE('',#891,#968,#542,.T.);
#1339=EDGE_CURVE('',#999,#894,#543,.T.);
#1340=EDGE_CURVE('',#895,#973,#544,.T.);
#1341=EDGE_CURVE('',#894,#974,#545,.T.);
#1342=EDGE_CURVE('',#998,#975,#546,.T.);
#1343=EDGE_CURVE('',#924,#922,#106,.T.);
#1344=EDGE_CURVE('',#1040,#1026,#107,.T.);
#1345=EDGE_CURVE('',#918,#1040,#547,.T.);
#1346=EDGE_CURVE('',#1041,#1040,#548,.T.);
#1347=EDGE_CURVE('',#920,#1041,#549,.T.);
#1348=EDGE_CURVE('',#1027,#1041,#108,.T.);
#1349=EDGE_CURVE('',#916,#1013,#550,.T.);
#1350=EDGE_CURVE('',#1012,#905,#551,.T.);
#1351=EDGE_CURVE('',#905,#916,#109,.T.);
#1352=EDGE_CURVE('',#1042,#1042,#110,.T.);
#1353=EDGE_CURVE('',#1042,#1043,#111,.T.);
#1354=EDGE_CURVE('',#1043,#1043,#112,.T.);
#1355=EDGE_CURVE('',#919,#1042,#552,.T.);
#1356=EDGE_CURVE('',#1044,#1045,#553,.T.);
#1357=EDGE_CURVE('',#1046,#1044,#554,.T.);
#1358=EDGE_CURVE('',#1047,#1046,#555,.T.);
#1359=EDGE_CURVE('',#1045,#1047,#556,.T.);
#1360=EDGE_CURVE('',#1044,#1048,#557,.T.);
#1361=EDGE_CURVE('',#1049,#1048,#558,.T.);
#1362=EDGE_CURVE('',#1046,#1049,#559,.T.);
#1363=EDGE_CURVE('',#1050,#1049,#560,.T.);
#1364=EDGE_CURVE('',#1047,#1050,#561,.T.);
#1365=EDGE_CURVE('',#1051,#1050,#562,.T.);
#1366=EDGE_CURVE('',#1045,#1051,#563,.T.);
#1367=EDGE_CURVE('',#1048,#1051,#564,.T.);
#1368=EDGE_CURVE('',#1052,#1053,#83,.T.);
#1369=EDGE_CURVE('',#1054,#1052,#565,.T.);
#1370=EDGE_CURVE('',#1055,#1054,#84,.T.);
#1371=EDGE_CURVE('',#1056,#1055,#566,.T.);
#1372=EDGE_CURVE('',#1057,#1056,#567,.T.);
#1373=EDGE_CURVE('',#1058,#1057,#568,.T.);
#1374=EDGE_CURVE('',#1059,#1058,#569,.T.);
#1375=EDGE_CURVE('',#1060,#1059,#570,.T.);
#1376=EDGE_CURVE('',#1061,#1060,#571,.T.);
#1377=EDGE_CURVE('',#1062,#1061,#572,.T.);
#1378=EDGE_CURVE('',#1063,#1062,#573,.T.);
#1379=EDGE_CURVE('',#1064,#1063,#574,.T.);
#1380=EDGE_CURVE('',#1065,#1064,#575,.T.);
#1381=EDGE_CURVE('',#1053,#1065,#576,.T.);
#1382=EDGE_CURVE('',#1066,#1058,#577,.T.);
#1383=EDGE_CURVE('',#1067,#1066,#578,.T.);
#1384=EDGE_CURVE('',#1068,#1067,#579,.T.);
#1385=EDGE_CURVE('',#1069,#1068,#580,.T.);
#1386=EDGE_CURVE('',#1069,#1059,#581,.T.);
#1387=EDGE_CURVE('',#1070,#1057,#582,.T.);
#1388=EDGE_CURVE('',#1070,#1066,#583,.T.);
#1389=EDGE_CURVE('',#1071,#1056,#584,.T.);
#1390=EDGE_CURVE('',#1072,#1071,#585,.T.);
#1391=EDGE_CURVE('',#1072,#1073,#586,.T.);
#1392=EDGE_CURVE('',#1073,#1070,#587,.T.);
#1393=EDGE_CURVE('',#1074,#1055,#85,.T.);
#1394=EDGE_CURVE('',#1074,#1071,#588,.T.);
#1395=EDGE_CURVE('',#1054,#1075,#86,.T.);
#1396=EDGE_CURVE('',#1075,#1074,#87,.T.);
#1397=EDGE_CURVE('',#1076,#1052,#88,.T.);
#1398=EDGE_CURVE('',#1076,#1075,#589,.T.);
#1399=EDGE_CURVE('',#1053,#1077,#89,.T.);
#1400=EDGE_CURVE('',#1077,#1076,#90,.T.);
#1401=EDGE_CURVE('',#1078,#1077,#590,.T.);
#1402=EDGE_CURVE('',#1079,#1078,#591,.T.);
#1403=EDGE_CURVE('',#1079,#1080,#592,.T.);
#1404=EDGE_CURVE('',#1081,#1080,#593,.T.);
#1405=EDGE_CURVE('',#1082,#1081,#594,.T.);
#1406=EDGE_CURVE('',#1083,#1082,#595,.T.);
#1407=EDGE_CURVE('',#1083,#1069,#596,.T.);
#1408=EDGE_CURVE('',#1068,#1072,#597,.T.);
#1409=EDGE_CURVE('',#1084,#1085,#598,.T.);
#1410=EDGE_CURVE('',#1084,#1086,#599,.T.);
#1411=EDGE_CURVE('',#1087,#1086,#600,.T.);
#1412=EDGE_CURVE('',#1085,#1087,#601,.T.);
#1413=EDGE_CURVE('',#1087,#1079,#602,.T.);
#1414=EDGE_CURVE('',#1086,#1080,#603,.T.);
#1415=EDGE_CURVE('',#1081,#1062,#604,.T.);
#1416=EDGE_CURVE('',#1084,#1063,#605,.T.);
#1417=EDGE_CURVE('',#1085,#1064,#606,.T.);
#1418=EDGE_CURVE('',#1073,#1067,#607,.T.);
#1419=EDGE_CURVE('',#1083,#1060,#608,.T.);
#1420=EDGE_CURVE('',#1078,#1065,#609,.T.);
#1421=EDGE_CURVE('',#1082,#1061,#610,.T.);
#1422=ORIENTED_EDGE('',*,*,#1088,.F.);
#1423=ORIENTED_EDGE('',*,*,#1089,.F.);
#1424=ORIENTED_EDGE('',*,*,#1090,.F.);
#1425=ORIENTED_EDGE('',*,*,#1091,.F.);
#1426=ORIENTED_EDGE('',*,*,#1092,.F.);
#1427=ORIENTED_EDGE('',*,*,#1093,.F.);
#1428=ORIENTED_EDGE('',*,*,#1094,.F.);
#1429=ORIENTED_EDGE('',*,*,#1095,.F.);
#1430=ORIENTED_EDGE('',*,*,#1096,.F.);
#1431=ORIENTED_EDGE('',*,*,#1097,.T.);
#1432=ORIENTED_EDGE('',*,*,#1090,.T.);
#1433=ORIENTED_EDGE('',*,*,#1098,.T.);
#1434=ORIENTED_EDGE('',*,*,#1099,.T.);
#1435=ORIENTED_EDGE('',*,*,#1100,.T.);
#1436=ORIENTED_EDGE('',*,*,#1101,.T.);
#1437=ORIENTED_EDGE('',*,*,#1102,.T.);
#1438=ORIENTED_EDGE('',*,*,#1103,.T.);
#1439=ORIENTED_EDGE('',*,*,#1104,.T.);
#1440=ORIENTED_EDGE('',*,*,#1105,.T.);
#1441=ORIENTED_EDGE('',*,*,#1106,.T.);
#1442=ORIENTED_EDGE('',*,*,#1107,.T.);
#1443=ORIENTED_EDGE('',*,*,#1108,.T.);
#1444=ORIENTED_EDGE('',*,*,#1109,.T.);
#1445=ORIENTED_EDGE('',*,*,#1110,.T.);
#1446=ORIENTED_EDGE('',*,*,#1111,.T.);
#1447=ORIENTED_EDGE('',*,*,#1112,.T.);
#1448=ORIENTED_EDGE('',*,*,#1113,.T.);
#1449=ORIENTED_EDGE('',*,*,#1114,.F.);
#1450=ORIENTED_EDGE('',*,*,#1115,.F.);
#1451=ORIENTED_EDGE('',*,*,#1103,.F.);
#1452=ORIENTED_EDGE('',*,*,#1116,.F.);
#1453=ORIENTED_EDGE('',*,*,#1117,.F.);
#1454=ORIENTED_EDGE('',*,*,#1118,.F.);
#1455=ORIENTED_EDGE('',*,*,#1119,.F.);
#1456=ORIENTED_EDGE('',*,*,#1120,.F.);
#1457=ORIENTED_EDGE('',*,*,#1121,.F.);
#1458=ORIENTED_EDGE('',*,*,#1095,.T.);
#1459=ORIENTED_EDGE('',*,*,#1122,.T.);
#1460=ORIENTED_EDGE('',*,*,#1123,.T.);
#1461=ORIENTED_EDGE('',*,*,#1124,.F.);
#1462=ORIENTED_EDGE('',*,*,#1125,.F.);
#1463=ORIENTED_EDGE('',*,*,#1126,.F.);
#1464=ORIENTED_EDGE('',*,*,#1127,.F.);
#1465=ORIENTED_EDGE('',*,*,#1128,.F.);
#1466=ORIENTED_EDGE('',*,*,#1129,.F.);
#1467=ORIENTED_EDGE('',*,*,#1130,.F.);
#1468=ORIENTED_EDGE('',*,*,#1131,.F.);
#1469=ORIENTED_EDGE('',*,*,#1132,.F.);
#1470=ORIENTED_EDGE('',*,*,#1133,.T.);
#1471=ORIENTED_EDGE('',*,*,#1134,.T.);
#1472=ORIENTED_EDGE('',*,*,#1119,.T.);
#1473=ORIENTED_EDGE('',*,*,#1135,.T.);
#1474=ORIENTED_EDGE('',*,*,#1136,.T.);
#1475=ORIENTED_EDGE('',*,*,#1137,.T.);
#1476=ORIENTED_EDGE('',*,*,#1138,.T.);
#1477=ORIENTED_EDGE('',*,*,#1139,.T.);
#1478=ORIENTED_EDGE('',*,*,#1140,.T.);
#1479=ORIENTED_EDGE('',*,*,#1141,.T.);
#1480=ORIENTED_EDGE('',*,*,#1099,.F.);
#1481=ORIENTED_EDGE('',*,*,#1142,.T.);
#1482=ORIENTED_EDGE('',*,*,#1143,.F.);
#1483=ORIENTED_EDGE('',*,*,#1144,.F.);
#1484=ORIENTED_EDGE('',*,*,#1142,.F.);
#1485=ORIENTED_EDGE('',*,*,#1098,.F.);
#1486=ORIENTED_EDGE('',*,*,#1089,.T.);
#1487=ORIENTED_EDGE('',*,*,#1145,.F.);
#1488=ORIENTED_EDGE('',*,*,#1146,.T.);
#1489=ORIENTED_EDGE('',*,*,#1147,.T.);
#1490=ORIENTED_EDGE('',*,*,#1101,.F.);
#1491=ORIENTED_EDGE('',*,*,#1148,.F.);
#1492=ORIENTED_EDGE('',*,*,#1116,.T.);
#1493=ORIENTED_EDGE('',*,*,#1102,.F.);
#1494=ORIENTED_EDGE('',*,*,#1147,.F.);
#1495=ORIENTED_EDGE('',*,*,#1149,.F.);
#1496=ORIENTED_EDGE('',*,*,#1150,.F.);
#1497=ORIENTED_EDGE('',*,*,#1151,.F.);
#1498=ORIENTED_EDGE('',*,*,#1152,.F.);
#1499=ORIENTED_EDGE('',*,*,#1153,.T.);
#1500=ORIENTED_EDGE('',*,*,#1149,.T.);
#1501=ORIENTED_EDGE('',*,*,#1154,.F.);
#1502=ORIENTED_EDGE('',*,*,#1155,.T.);
#1503=ORIENTED_EDGE('',*,*,#1156,.F.);
#1504=ORIENTED_EDGE('',*,*,#1157,.F.);
#1505=ORIENTED_EDGE('',*,*,#1158,.F.);
#1506=ORIENTED_EDGE('',*,*,#1159,.F.);
#1507=ORIENTED_EDGE('',*,*,#1160,.F.);
#1508=ORIENTED_EDGE('',*,*,#1161,.F.);
#1509=ORIENTED_EDGE('',*,*,#1162,.F.);
#1510=ORIENTED_EDGE('',*,*,#1160,.T.);
#1511=ORIENTED_EDGE('',*,*,#1163,.T.);
#1512=ORIENTED_EDGE('',*,*,#1164,.T.);
#1513=ORIENTED_EDGE('',*,*,#1165,.F.);
#1514=ORIENTED_EDGE('',*,*,#1166,.F.);
#1515=ORIENTED_EDGE('',*,*,#1167,.F.);
#1516=ORIENTED_EDGE('',*,*,#1168,.T.);
#1517=ORIENTED_EDGE('',*,*,#1159,.T.);
#1518=ORIENTED_EDGE('',*,*,#1169,.T.);
#1519=ORIENTED_EDGE('',*,*,#1170,.F.);
#1520=ORIENTED_EDGE('',*,*,#1171,.F.);
#1521=ORIENTED_EDGE('',*,*,#1172,.F.);
#1522=ORIENTED_EDGE('',*,*,#1173,.T.);
#1523=ORIENTED_EDGE('',*,*,#1163,.F.);
#1524=ORIENTED_EDGE('',*,*,#1174,.F.);
#1525=ORIENTED_EDGE('',*,*,#1175,.F.);
#1526=ORIENTED_EDGE('',*,*,#1169,.F.);
#1527=ORIENTED_EDGE('',*,*,#1162,.T.);
#1528=ORIENTED_EDGE('',*,*,#1176,.F.);
#1529=ORIENTED_EDGE('',*,*,#1177,.F.);
#1530=ORIENTED_EDGE('',*,*,#1175,.T.);
#1531=ORIENTED_EDGE('',*,*,#1178,.T.);
#1532=ORIENTED_EDGE('',*,*,#1179,.T.);
#1533=ORIENTED_EDGE('',*,*,#1180,.T.);
#1534=ORIENTED_EDGE('',*,*,#1181,.F.);
#1535=ORIENTED_EDGE('',*,*,#1170,.T.);
#1536=ORIENTED_EDGE('',*,*,#1174,.T.);
#1537=ORIENTED_EDGE('',*,*,#1182,.F.);
#1538=ORIENTED_EDGE('',*,*,#1183,.T.);
#1539=ORIENTED_EDGE('',*,*,#1178,.F.);
#1540=ORIENTED_EDGE('',*,*,#1184,.F.);
#1541=ORIENTED_EDGE('',*,*,#1185,.F.);
#1542=ORIENTED_EDGE('',*,*,#1186,.F.);
#1543=ORIENTED_EDGE('',*,*,#1150,.T.);
#1544=ORIENTED_EDGE('',*,*,#1153,.F.);
#1545=ORIENTED_EDGE('',*,*,#1187,.F.);
#1546=ORIENTED_EDGE('',*,*,#1186,.T.);
#1547=ORIENTED_EDGE('',*,*,#1188,.T.);
#1548=ORIENTED_EDGE('',*,*,#1189,.F.);
#1549=ORIENTED_EDGE('',*,*,#1105,.F.);
#1550=ORIENTED_EDGE('',*,*,#1190,.F.);
#1551=ORIENTED_EDGE('',*,*,#1191,.T.);
#1552=ORIENTED_EDGE('',*,*,#1192,.F.);
#1553=ORIENTED_EDGE('',*,*,#1131,.T.);
#1554=ORIENTED_EDGE('',*,*,#1193,.F.);
#1555=ORIENTED_EDGE('',*,*,#1194,.T.);
#1556=ORIENTED_EDGE('',*,*,#1151,.T.);
#1557=ORIENTED_EDGE('',*,*,#1185,.T.);
#1558=ORIENTED_EDGE('',*,*,#1195,.T.);
#1559=ORIENTED_EDGE('',*,*,#1196,.T.);
#1560=ORIENTED_EDGE('',*,*,#1197,.F.);
#1561=ORIENTED_EDGE('',*,*,#1198,.F.);
#1562=ORIENTED_EDGE('',*,*,#1199,.F.);
#1563=ORIENTED_EDGE('',*,*,#1200,.F.);
#1564=ORIENTED_EDGE('',*,*,#1201,.F.);
#1565=ORIENTED_EDGE('',*,*,#1202,.F.);
#1566=ORIENTED_EDGE('',*,*,#1188,.F.);
#1567=ORIENTED_EDGE('',*,*,#1184,.T.);
#1568=ORIENTED_EDGE('',*,*,#1203,.F.);
#1569=ORIENTED_EDGE('',*,*,#1204,.T.);
#1570=ORIENTED_EDGE('',*,*,#1195,.F.);
#1571=ORIENTED_EDGE('',*,*,#1205,.F.);
#1572=ORIENTED_EDGE('',*,*,#1179,.F.);
#1573=ORIENTED_EDGE('',*,*,#1183,.F.);
#1574=ORIENTED_EDGE('',*,*,#1206,.F.);
#1575=ORIENTED_EDGE('',*,*,#1177,.T.);
#1576=ORIENTED_EDGE('',*,*,#1207,.F.);
#1577=ORIENTED_EDGE('',*,*,#1208,.F.);
#1578=ORIENTED_EDGE('',*,*,#1209,.F.);
#1579=ORIENTED_EDGE('',*,*,#1210,.F.);
#1580=ORIENTED_EDGE('',*,*,#1211,.F.);
#1581=ORIENTED_EDGE('',*,*,#1212,.F.);
#1582=ORIENTED_EDGE('',*,*,#1213,.F.);
#1583=ORIENTED_EDGE('',*,*,#1206,.T.);
#1584=ORIENTED_EDGE('',*,*,#1182,.T.);
#1585=ORIENTED_EDGE('',*,*,#1214,.F.);
#1586=ORIENTED_EDGE('',*,*,#1196,.F.);
#1587=ORIENTED_EDGE('',*,*,#1204,.F.);
#1588=ORIENTED_EDGE('',*,*,#1215,.F.);
#1589=ORIENTED_EDGE('',*,*,#1187,.T.);
#1590=ORIENTED_EDGE('',*,*,#1158,.T.);
#1591=ORIENTED_EDGE('',*,*,#1216,.F.);
#1592=ORIENTED_EDGE('',*,*,#1217,.T.);
#1593=ORIENTED_EDGE('',*,*,#1215,.T.);
#1594=ORIENTED_EDGE('',*,*,#1203,.T.);
#1595=ORIENTED_EDGE('',*,*,#1218,.F.);
#1596=ORIENTED_EDGE('',*,*,#1219,.F.);
#1597=ORIENTED_EDGE('',*,*,#1220,.T.);
#1598=ORIENTED_EDGE('',*,*,#1221,.F.);
#1599=ORIENTED_EDGE('',*,*,#1222,.F.);
#1600=ORIENTED_EDGE('',*,*,#1220,.F.);
#1601=ORIENTED_EDGE('',*,*,#1223,.F.);
#1602=ORIENTED_EDGE('',*,*,#1224,.F.);
#1603=ORIENTED_EDGE('',*,*,#1225,.F.);
#1604=ORIENTED_EDGE('',*,*,#1226,.F.);
#1605=ORIENTED_EDGE('',*,*,#1227,.T.);
#1606=ORIENTED_EDGE('',*,*,#1228,.F.);
#1607=ORIENTED_EDGE('',*,*,#1229,.F.);
#1608=ORIENTED_EDGE('',*,*,#1227,.F.);
#1609=ORIENTED_EDGE('',*,*,#1230,.F.);
#1610=ORIENTED_EDGE('',*,*,#1231,.F.);
#1611=ORIENTED_EDGE('',*,*,#1221,.T.);
#1612=ORIENTED_EDGE('',*,*,#1222,.T.);
#1613=ORIENTED_EDGE('',*,*,#1232,.F.);
#1614=ORIENTED_EDGE('',*,*,#1233,.F.);
#1615=ORIENTED_EDGE('',*,*,#1234,.F.);
#1616=ORIENTED_EDGE('',*,*,#1235,.F.);
#1617=ORIENTED_EDGE('',*,*,#1218,.T.);
#1618=ORIENTED_EDGE('',*,*,#1235,.T.);
#1619=ORIENTED_EDGE('',*,*,#1236,.F.);
#1620=ORIENTED_EDGE('',*,*,#1237,.T.);
#1621=ORIENTED_EDGE('',*,*,#1238,.F.);
#1622=ORIENTED_EDGE('',*,*,#1239,.T.);
#1623=ORIENTED_EDGE('',*,*,#1225,.T.);
#1624=ORIENTED_EDGE('',*,*,#1240,.T.);
#1625=ORIENTED_EDGE('',*,*,#1241,.T.);
#1626=ORIENTED_EDGE('',*,*,#1242,.T.);
#1627=ORIENTED_EDGE('',*,*,#1243,.T.);
#1628=ORIENTED_EDGE('',*,*,#1244,.T.);
#1629=ORIENTED_EDGE('',*,*,#1245,.T.);
#1630=ORIENTED_EDGE('',*,*,#1246,.T.);
#1631=ORIENTED_EDGE('',*,*,#1247,.T.);
#1632=ORIENTED_EDGE('',*,*,#1248,.T.);
#1633=ORIENTED_EDGE('',*,*,#1228,.T.);
#1634=ORIENTED_EDGE('',*,*,#1229,.T.);
#1635=ORIENTED_EDGE('',*,*,#1249,.F.);
#1636=ORIENTED_EDGE('',*,*,#1250,.F.);
#1637=ORIENTED_EDGE('',*,*,#1251,.T.);
#1638=ORIENTED_EDGE('',*,*,#1252,.T.);
#1639=ORIENTED_EDGE('',*,*,#1240,.F.);
#1640=ORIENTED_EDGE('',*,*,#1200,.T.);
#1641=ORIENTED_EDGE('',*,*,#1253,.F.);
#1642=ORIENTED_EDGE('',*,*,#1108,.F.);
#1643=ORIENTED_EDGE('',*,*,#1254,.T.);
#1644=ORIENTED_EDGE('',*,*,#1199,.T.);
#1645=ORIENTED_EDGE('',*,*,#1255,.F.);
#1646=ORIENTED_EDGE('',*,*,#1245,.F.);
#1647=ORIENTED_EDGE('',*,*,#1256,.F.);
#1648=ORIENTED_EDGE('',*,*,#1253,.T.);
#1649=ORIENTED_EDGE('',*,*,#1198,.T.);
#1650=ORIENTED_EDGE('',*,*,#1257,.T.);
#1651=ORIENTED_EDGE('',*,*,#1216,.T.);
#1652=ORIENTED_EDGE('',*,*,#1157,.T.);
#1653=ORIENTED_EDGE('',*,*,#1246,.F.);
#1654=ORIENTED_EDGE('',*,*,#1255,.T.);
#1655=ORIENTED_EDGE('',*,*,#1214,.T.);
#1656=ORIENTED_EDGE('',*,*,#1217,.F.);
#1657=ORIENTED_EDGE('',*,*,#1257,.F.);
#1658=ORIENTED_EDGE('',*,*,#1197,.T.);
#1659=ORIENTED_EDGE('',*,*,#1208,.T.);
#1660=ORIENTED_EDGE('',*,*,#1258,.F.);
#1661=ORIENTED_EDGE('',*,*,#1112,.F.);
#1662=ORIENTED_EDGE('',*,*,#1259,.T.);
#1663=ORIENTED_EDGE('',*,*,#1161,.T.);
#1664=ORIENTED_EDGE('',*,*,#1168,.F.);
#1665=ORIENTED_EDGE('',*,*,#1260,.F.);
#1666=ORIENTED_EDGE('',*,*,#1125,.T.);
#1667=ORIENTED_EDGE('',*,*,#1261,.F.);
#1668=ORIENTED_EDGE('',*,*,#1262,.T.);
#1669=ORIENTED_EDGE('',*,*,#1263,.T.);
#1670=ORIENTED_EDGE('',*,*,#1113,.F.);
#1671=ORIENTED_EDGE('',*,*,#1258,.T.);
#1672=ORIENTED_EDGE('',*,*,#1207,.T.);
#1673=ORIENTED_EDGE('',*,*,#1176,.T.);
#1674=ORIENTED_EDGE('',*,*,#1205,.T.);
#1675=ORIENTED_EDGE('',*,*,#1213,.T.);
#1676=ORIENTED_EDGE('',*,*,#1264,.F.);
#1677=ORIENTED_EDGE('',*,*,#1180,.F.);
#1678=ORIENTED_EDGE('',*,*,#1265,.F.);
#1679=ORIENTED_EDGE('',*,*,#1266,.F.);
#1680=ORIENTED_EDGE('',*,*,#1267,.F.);
#1681=ORIENTED_EDGE('',*,*,#1268,.F.);
#1682=ORIENTED_EDGE('',*,*,#1269,.F.);
#1683=ORIENTED_EDGE('',*,*,#1270,.F.);
#1684=ORIENTED_EDGE('',*,*,#1271,.F.);
#1685=ORIENTED_EDGE('',*,*,#1272,.F.);
#1686=ORIENTED_EDGE('',*,*,#1273,.T.);
#1687=ORIENTED_EDGE('',*,*,#1271,.T.);
#1688=ORIENTED_EDGE('',*,*,#1274,.T.);
#1689=ORIENTED_EDGE('',*,*,#1275,.F.);
#1690=ORIENTED_EDGE('',*,*,#1191,.F.);
#1691=ORIENTED_EDGE('',*,*,#1276,.T.);
#1692=ORIENTED_EDGE('',*,*,#1114,.T.);
#1693=ORIENTED_EDGE('',*,*,#1277,.F.);
#1694=ORIENTED_EDGE('',*,*,#1278,.F.);
#1695=ORIENTED_EDGE('',*,*,#1279,.F.);
#1696=ORIENTED_EDGE('',*,*,#1280,.F.);
#1697=ORIENTED_EDGE('',*,*,#1281,.F.);
#1698=ORIENTED_EDGE('',*,*,#1282,.T.);
#1699=ORIENTED_EDGE('',*,*,#1280,.T.);
#1700=ORIENTED_EDGE('',*,*,#1283,.T.);
#1701=ORIENTED_EDGE('',*,*,#1284,.T.);
#1702=ORIENTED_EDGE('',*,*,#1120,.T.);
#1703=ORIENTED_EDGE('',*,*,#1285,.T.);
#1704=ORIENTED_EDGE('',*,*,#1286,.T.);
#1705=ORIENTED_EDGE('',*,*,#1287,.T.);
#1706=ORIENTED_EDGE('',*,*,#1288,.T.);
#1707=ORIENTED_EDGE('',*,*,#1289,.T.);
#1708=ORIENTED_EDGE('',*,*,#1094,.T.);
#1709=ORIENTED_EDGE('',*,*,#1290,.T.);
#1710=ORIENTED_EDGE('',*,*,#1291,.F.);
#1711=ORIENTED_EDGE('',*,*,#1281,.T.);
#1712=ORIENTED_EDGE('',*,*,#1282,.F.);
#1713=ORIENTED_EDGE('',*,*,#1292,.F.);
#1714=ORIENTED_EDGE('',*,*,#1293,.F.);
#1715=ORIENTED_EDGE('',*,*,#1266,.T.);
#1716=ORIENTED_EDGE('',*,*,#1293,.T.);
#1717=ORIENTED_EDGE('',*,*,#1294,.T.);
#1718=ORIENTED_EDGE('',*,*,#1092,.T.);
#1719=ORIENTED_EDGE('',*,*,#1295,.T.);
#1720=ORIENTED_EDGE('',*,*,#1262,.F.);
#1721=ORIENTED_EDGE('',*,*,#1296,.F.);
#1722=ORIENTED_EDGE('',*,*,#1297,.F.);
#1723=ORIENTED_EDGE('',*,*,#1267,.T.);
#1724=ORIENTED_EDGE('',*,*,#1298,.F.);
#1725=ORIENTED_EDGE('',*,*,#1272,.T.);
#1726=ORIENTED_EDGE('',*,*,#1273,.F.);
#1727=ORIENTED_EDGE('',*,*,#1299,.F.);
#1728=ORIENTED_EDGE('',*,*,#1283,.F.);
#1729=ORIENTED_EDGE('',*,*,#1279,.T.);
#1730=ORIENTED_EDGE('',*,*,#1300,.F.);
#1731=ORIENTED_EDGE('',*,*,#1135,.F.);
#1732=ORIENTED_EDGE('',*,*,#1118,.T.);
#1733=ORIENTED_EDGE('',*,*,#1301,.F.);
#1734=ORIENTED_EDGE('',*,*,#1302,.T.);
#1735=ORIENTED_EDGE('',*,*,#1303,.T.);
#1736=ORIENTED_EDGE('',*,*,#1096,.T.);
#1737=ORIENTED_EDGE('',*,*,#1140,.F.);
#1738=ORIENTED_EDGE('',*,*,#1304,.F.);
#1739=ORIENTED_EDGE('',*,*,#1164,.F.);
#1740=ORIENTED_EDGE('',*,*,#1173,.F.);
#1741=ORIENTED_EDGE('',*,*,#1305,.F.);
#1742=ORIENTED_EDGE('',*,*,#1251,.F.);
#1743=ORIENTED_EDGE('',*,*,#1231,.T.);
#1744=ORIENTED_EDGE('',*,*,#1306,.T.);
#1745=ORIENTED_EDGE('',*,*,#1307,.F.);
#1746=ORIENTED_EDGE('',*,*,#1165,.T.);
#1747=ORIENTED_EDGE('',*,*,#1304,.T.);
#1748=ORIENTED_EDGE('',*,*,#1250,.T.);
#1749=ORIENTED_EDGE('',*,*,#1249,.T.);
#1750=ORIENTED_EDGE('',*,*,#1308,.F.);
#1751=ORIENTED_EDGE('',*,*,#1309,.F.);
#1752=ORIENTED_EDGE('',*,*,#1310,.F.);
#1753=ORIENTED_EDGE('',*,*,#1155,.F.);
#1754=ORIENTED_EDGE('',*,*,#1311,.F.);
#1755=ORIENTED_EDGE('',*,*,#1224,.T.);
#1756=ORIENTED_EDGE('',*,*,#1312,.T.);
#1757=ORIENTED_EDGE('',*,*,#1313,.T.);
#1758=ORIENTED_EDGE('',*,*,#1308,.T.);
#1759=ORIENTED_EDGE('',*,*,#1314,.T.);
#1760=ORIENTED_EDGE('',*,*,#1315,.F.);
#1761=ORIENTED_EDGE('',*,*,#1232,.T.);
#1762=ORIENTED_EDGE('',*,*,#1275,.T.);
#1763=ORIENTED_EDGE('',*,*,#1316,.T.);
#1764=ORIENTED_EDGE('',*,*,#1132,.T.);
#1765=ORIENTED_EDGE('',*,*,#1192,.T.);
#1766=ORIENTED_EDGE('',*,*,#1296,.T.);
#1767=ORIENTED_EDGE('',*,*,#1261,.T.);
#1768=ORIENTED_EDGE('',*,*,#1124,.T.);
#1769=ORIENTED_EDGE('',*,*,#1317,.T.);
#1770=ORIENTED_EDGE('',*,*,#1260,.T.);
#1771=ORIENTED_EDGE('',*,*,#1167,.T.);
#1772=ORIENTED_EDGE('',*,*,#1318,.T.);
#1773=ORIENTED_EDGE('',*,*,#1126,.T.);
#1774=ORIENTED_EDGE('',*,*,#1307,.T.);
#1775=ORIENTED_EDGE('',*,*,#1319,.T.);
#1776=ORIENTED_EDGE('',*,*,#1318,.F.);
#1777=ORIENTED_EDGE('',*,*,#1166,.T.);
#1778=ORIENTED_EDGE('',*,*,#1193,.T.);
#1779=ORIENTED_EDGE('',*,*,#1130,.T.);
#1780=ORIENTED_EDGE('',*,*,#1320,.T.);
#1781=ORIENTED_EDGE('',*,*,#1321,.T.);
#1782=ORIENTED_EDGE('',*,*,#1315,.T.);
#1783=ORIENTED_EDGE('',*,*,#1322,.T.);
#1784=ORIENTED_EDGE('',*,*,#1320,.F.);
#1785=ORIENTED_EDGE('',*,*,#1323,.T.);
#1786=ORIENTED_EDGE('',*,*,#1152,.T.);
#1787=ORIENTED_EDGE('',*,*,#1194,.F.);
#1788=ORIENTED_EDGE('',*,*,#1321,.F.);
#1789=ORIENTED_EDGE('',*,*,#1322,.F.);
#1790=ORIENTED_EDGE('',*,*,#1314,.F.);
#1791=ORIENTED_EDGE('',*,*,#1311,.T.);
#1792=ORIENTED_EDGE('',*,*,#1154,.T.);
#1793=ORIENTED_EDGE('',*,*,#1236,.T.);
#1794=ORIENTED_EDGE('',*,*,#1234,.T.);
#1795=ORIENTED_EDGE('',*,*,#1324,.T.);
#1796=ORIENTED_EDGE('',*,*,#1325,.T.);
#1797=ORIENTED_EDGE('',*,*,#1326,.T.);
#1798=ORIENTED_EDGE('',*,*,#1327,.T.);
#1799=ORIENTED_EDGE('',*,*,#1324,.F.);
#1800=ORIENTED_EDGE('',*,*,#1328,.T.);
#1801=ORIENTED_EDGE('',*,*,#1329,.T.);
#1802=ORIENTED_EDGE('',*,*,#1330,.T.);
#1803=ORIENTED_EDGE('',*,*,#1326,.F.);
#1804=ORIENTED_EDGE('',*,*,#1128,.T.);
#1805=ORIENTED_EDGE('',*,*,#1331,.T.);
#1806=ORIENTED_EDGE('',*,*,#1332,.T.);
#1807=ORIENTED_EDGE('',*,*,#1329,.F.);
#1808=ORIENTED_EDGE('',*,*,#1333,.T.);
#1809=ORIENTED_EDGE('',*,*,#1238,.T.);
#1810=ORIENTED_EDGE('',*,*,#1334,.T.);
#1811=ORIENTED_EDGE('',*,*,#1331,.F.);
#1812=ORIENTED_EDGE('',*,*,#1335,.T.);
#1813=ORIENTED_EDGE('',*,*,#1319,.F.);
#1814=ORIENTED_EDGE('',*,*,#1336,.T.);
#1815=ORIENTED_EDGE('',*,*,#1333,.F.);
#1816=ORIENTED_EDGE('',*,*,#1127,.T.);
#1817=ORIENTED_EDGE('',*,*,#1323,.F.);
#1818=ORIENTED_EDGE('',*,*,#1129,.T.);
#1819=ORIENTED_EDGE('',*,*,#1328,.F.);
#1820=ORIENTED_EDGE('',*,*,#1233,.T.);
#1821=ORIENTED_EDGE('',*,*,#1334,.F.);
#1822=ORIENTED_EDGE('',*,*,#1237,.F.);
#1823=ORIENTED_EDGE('',*,*,#1325,.F.);
#1824=ORIENTED_EDGE('',*,*,#1327,.F.);
#1825=ORIENTED_EDGE('',*,*,#1330,.F.);
#1826=ORIENTED_EDGE('',*,*,#1332,.F.);
#1827=ORIENTED_EDGE('',*,*,#1226,.T.);
#1828=ORIENTED_EDGE('',*,*,#1239,.F.);
#1829=ORIENTED_EDGE('',*,*,#1335,.F.);
#1830=ORIENTED_EDGE('',*,*,#1336,.F.);
#1831=ORIENTED_EDGE('',*,*,#1306,.F.);
#1832=ORIENTED_EDGE('',*,*,#1230,.T.);
#1833=ORIENTED_EDGE('',*,*,#1247,.F.);
#1834=ORIENTED_EDGE('',*,*,#1156,.T.);
#1835=ORIENTED_EDGE('',*,*,#1310,.T.);
#1836=ORIENTED_EDGE('',*,*,#1337,.F.);
#1837=ORIENTED_EDGE('',*,*,#1219,.T.);
#1838=ORIENTED_EDGE('',*,*,#1248,.F.);
#1839=ORIENTED_EDGE('',*,*,#1337,.T.);
#1840=ORIENTED_EDGE('',*,*,#1309,.T.);
#1841=ORIENTED_EDGE('',*,*,#1313,.F.);
#1842=ORIENTED_EDGE('',*,*,#1312,.F.);
#1843=ORIENTED_EDGE('',*,*,#1223,.T.);
#1844=ORIENTED_EDGE('',*,*,#1241,.F.);
#1845=ORIENTED_EDGE('',*,*,#1252,.F.);
#1846=ORIENTED_EDGE('',*,*,#1305,.T.);
#1847=ORIENTED_EDGE('',*,*,#1172,.T.);
#1848=ORIENTED_EDGE('',*,*,#1201,.T.);
#1849=ORIENTED_EDGE('',*,*,#1254,.F.);
#1850=ORIENTED_EDGE('',*,*,#1107,.F.);
#1851=ORIENTED_EDGE('',*,*,#1338,.T.);
#1852=ORIENTED_EDGE('',*,*,#1202,.T.);
#1853=ORIENTED_EDGE('',*,*,#1338,.F.);
#1854=ORIENTED_EDGE('',*,*,#1106,.F.);
#1855=ORIENTED_EDGE('',*,*,#1189,.T.);
#1856=ORIENTED_EDGE('',*,*,#1256,.T.);
#1857=ORIENTED_EDGE('',*,*,#1244,.F.);
#1858=ORIENTED_EDGE('',*,*,#1339,.T.);
#1859=ORIENTED_EDGE('',*,*,#1109,.F.);
#1860=ORIENTED_EDGE('',*,*,#1209,.T.);
#1861=ORIENTED_EDGE('',*,*,#1259,.F.);
#1862=ORIENTED_EDGE('',*,*,#1111,.F.);
#1863=ORIENTED_EDGE('',*,*,#1340,.T.);
#1864=ORIENTED_EDGE('',*,*,#1210,.T.);
#1865=ORIENTED_EDGE('',*,*,#1340,.F.);
#1866=ORIENTED_EDGE('',*,*,#1110,.F.);
#1867=ORIENTED_EDGE('',*,*,#1341,.T.);
#1868=ORIENTED_EDGE('',*,*,#1212,.T.);
#1869=ORIENTED_EDGE('',*,*,#1342,.F.);
#1870=ORIENTED_EDGE('',*,*,#1242,.F.);
#1871=ORIENTED_EDGE('',*,*,#1171,.T.);
#1872=ORIENTED_EDGE('',*,*,#1181,.T.);
#1873=ORIENTED_EDGE('',*,*,#1264,.T.);
#1874=ORIENTED_EDGE('',*,*,#1211,.T.);
#1875=ORIENTED_EDGE('',*,*,#1341,.F.);
#1876=ORIENTED_EDGE('',*,*,#1339,.F.);
#1877=ORIENTED_EDGE('',*,*,#1243,.F.);
#1878=ORIENTED_EDGE('',*,*,#1342,.T.);
#1879=ORIENTED_EDGE('',*,*,#1295,.F.);
#1880=ORIENTED_EDGE('',*,*,#1091,.T.);
#1881=ORIENTED_EDGE('',*,*,#1097,.F.);
#1882=ORIENTED_EDGE('',*,*,#1263,.F.);
#1883=ORIENTED_EDGE('',*,*,#1276,.F.);
#1884=ORIENTED_EDGE('',*,*,#1190,.T.);
#1885=ORIENTED_EDGE('',*,*,#1104,.F.);
#1886=ORIENTED_EDGE('',*,*,#1115,.T.);
#1887=ORIENTED_EDGE('',*,*,#1343,.F.);
#1888=ORIENTED_EDGE('',*,*,#1145,.T.);
#1889=ORIENTED_EDGE('',*,*,#1100,.F.);
#1890=ORIENTED_EDGE('',*,*,#1141,.F.);
#1891=ORIENTED_EDGE('',*,*,#1136,.F.);
#1892=ORIENTED_EDGE('',*,*,#1300,.T.);
#1893=ORIENTED_EDGE('',*,*,#1344,.F.);
#1894=ORIENTED_EDGE('',*,*,#1345,.F.);
#1895=ORIENTED_EDGE('',*,*,#1287,.F.);
#1896=ORIENTED_EDGE('',*,*,#1345,.T.);
#1897=ORIENTED_EDGE('',*,*,#1346,.F.);
#1898=ORIENTED_EDGE('',*,*,#1347,.F.);
#1899=ORIENTED_EDGE('',*,*,#1139,.F.);
#1900=ORIENTED_EDGE('',*,*,#1347,.T.);
#1901=ORIENTED_EDGE('',*,*,#1348,.F.);
#1902=ORIENTED_EDGE('',*,*,#1302,.F.);
#1903=ORIENTED_EDGE('',*,*,#1343,.T.);
#1904=ORIENTED_EDGE('',*,*,#1143,.T.);
#1905=ORIENTED_EDGE('',*,*,#1144,.T.);
#1906=ORIENTED_EDGE('',*,*,#1088,.T.);
#1907=ORIENTED_EDGE('',*,*,#1303,.F.);
#1908=ORIENTED_EDGE('',*,*,#1348,.T.);
#1909=ORIENTED_EDGE('',*,*,#1346,.T.);
#1910=ORIENTED_EDGE('',*,*,#1344,.T.);
#1911=ORIENTED_EDGE('',*,*,#1301,.T.);
#1912=ORIENTED_EDGE('',*,*,#1117,.T.);
#1913=ORIENTED_EDGE('',*,*,#1148,.T.);
#1914=ORIENTED_EDGE('',*,*,#1146,.F.);
#1915=ORIENTED_EDGE('',*,*,#1299,.T.);
#1916=ORIENTED_EDGE('',*,*,#1277,.T.);
#1917=ORIENTED_EDGE('',*,*,#1121,.T.);
#1918=ORIENTED_EDGE('',*,*,#1284,.F.);
#1919=ORIENTED_EDGE('',*,*,#1270,.T.);
#1920=ORIENTED_EDGE('',*,*,#1349,.F.);
#1921=ORIENTED_EDGE('',*,*,#1133,.F.);
#1922=ORIENTED_EDGE('',*,*,#1316,.F.);
#1923=ORIENTED_EDGE('',*,*,#1274,.F.);
#1924=ORIENTED_EDGE('',*,*,#1269,.T.);
#1925=ORIENTED_EDGE('',*,*,#1350,.T.);
#1926=ORIENTED_EDGE('',*,*,#1351,.T.);
#1927=ORIENTED_EDGE('',*,*,#1349,.T.);
#1928=ORIENTED_EDGE('',*,*,#1292,.T.);
#1929=ORIENTED_EDGE('',*,*,#1290,.F.);
#1930=ORIENTED_EDGE('',*,*,#1093,.T.);
#1931=ORIENTED_EDGE('',*,*,#1294,.F.);
#1932=ORIENTED_EDGE('',*,*,#1268,.T.);
#1933=ORIENTED_EDGE('',*,*,#1297,.T.);
#1934=ORIENTED_EDGE('',*,*,#1317,.F.);
#1935=ORIENTED_EDGE('',*,*,#1123,.F.);
#1936=ORIENTED_EDGE('',*,*,#1350,.F.);
#1937=ORIENTED_EDGE('',*,*,#1352,.T.);
#1938=ORIENTED_EDGE('',*,*,#1353,.T.);
#1939=ORIENTED_EDGE('',*,*,#1354,.T.);
#1940=ORIENTED_EDGE('',*,*,#1353,.F.);
#1941=ORIENTED_EDGE('',*,*,#1137,.F.);
#1942=ORIENTED_EDGE('',*,*,#1286,.F.);
#1943=ORIENTED_EDGE('',*,*,#1285,.F.);
#1944=ORIENTED_EDGE('',*,*,#1134,.F.);
#1945=ORIENTED_EDGE('',*,*,#1351,.F.);
#1946=ORIENTED_EDGE('',*,*,#1122,.F.);
#1947=ORIENTED_EDGE('',*,*,#1289,.F.);
#1948=ORIENTED_EDGE('',*,*,#1288,.F.);
#1949=ORIENTED_EDGE('',*,*,#1138,.F.);
#1950=ORIENTED_EDGE('',*,*,#1355,.T.);
#1951=ORIENTED_EDGE('',*,*,#1352,.F.);
#1952=ORIENTED_EDGE('',*,*,#1355,.F.);
#1953=ORIENTED_EDGE('',*,*,#1354,.F.);
#1954=ORIENTED_EDGE('',*,*,#1356,.F.);
#1955=ORIENTED_EDGE('',*,*,#1357,.F.);
#1956=ORIENTED_EDGE('',*,*,#1358,.F.);
#1957=ORIENTED_EDGE('',*,*,#1359,.F.);
#1958=ORIENTED_EDGE('',*,*,#1357,.T.);
#1959=ORIENTED_EDGE('',*,*,#1360,.T.);
#1960=ORIENTED_EDGE('',*,*,#1361,.F.);
#1961=ORIENTED_EDGE('',*,*,#1362,.F.);
#1962=ORIENTED_EDGE('',*,*,#1358,.T.);
#1963=ORIENTED_EDGE('',*,*,#1362,.T.);
#1964=ORIENTED_EDGE('',*,*,#1363,.F.);
#1965=ORIENTED_EDGE('',*,*,#1364,.F.);
#1966=ORIENTED_EDGE('',*,*,#1359,.T.);
#1967=ORIENTED_EDGE('',*,*,#1364,.T.);
#1968=ORIENTED_EDGE('',*,*,#1365,.F.);
#1969=ORIENTED_EDGE('',*,*,#1366,.F.);
#1970=ORIENTED_EDGE('',*,*,#1356,.T.);
#1971=ORIENTED_EDGE('',*,*,#1366,.T.);
#1972=ORIENTED_EDGE('',*,*,#1367,.F.);
#1973=ORIENTED_EDGE('',*,*,#1360,.F.);
#1974=ORIENTED_EDGE('',*,*,#1298,.T.);
#1975=ORIENTED_EDGE('',*,*,#1278,.T.);
#1976=ORIENTED_EDGE('',*,*,#1291,.T.);
#1977=ORIENTED_EDGE('',*,*,#1265,.T.);
#1978=ORIENTED_EDGE('',*,*,#1367,.T.);
#1979=ORIENTED_EDGE('',*,*,#1365,.T.);
#1980=ORIENTED_EDGE('',*,*,#1363,.T.);
#1981=ORIENTED_EDGE('',*,*,#1361,.T.);
#1982=ORIENTED_EDGE('',*,*,#1368,.F.);
#1983=ORIENTED_EDGE('',*,*,#1369,.F.);
#1984=ORIENTED_EDGE('',*,*,#1370,.F.);
#1985=ORIENTED_EDGE('',*,*,#1371,.F.);
#1986=ORIENTED_EDGE('',*,*,#1372,.F.);
#1987=ORIENTED_EDGE('',*,*,#1373,.F.);
#1988=ORIENTED_EDGE('',*,*,#1374,.F.);
#1989=ORIENTED_EDGE('',*,*,#1375,.F.);
#1990=ORIENTED_EDGE('',*,*,#1376,.F.);
#1991=ORIENTED_EDGE('',*,*,#1377,.F.);
#1992=ORIENTED_EDGE('',*,*,#1378,.F.);
#1993=ORIENTED_EDGE('',*,*,#1379,.F.);
#1994=ORIENTED_EDGE('',*,*,#1380,.F.);
#1995=ORIENTED_EDGE('',*,*,#1381,.F.);
#1996=ORIENTED_EDGE('',*,*,#1374,.T.);
#1997=ORIENTED_EDGE('',*,*,#1382,.F.);
#1998=ORIENTED_EDGE('',*,*,#1383,.F.);
#1999=ORIENTED_EDGE('',*,*,#1384,.F.);
#2000=ORIENTED_EDGE('',*,*,#1385,.F.);
#2001=ORIENTED_EDGE('',*,*,#1386,.T.);
#2002=ORIENTED_EDGE('',*,*,#1373,.T.);
#2003=ORIENTED_EDGE('',*,*,#1387,.F.);
#2004=ORIENTED_EDGE('',*,*,#1388,.T.);
#2005=ORIENTED_EDGE('',*,*,#1382,.T.);
#2006=ORIENTED_EDGE('',*,*,#1372,.T.);
#2007=ORIENTED_EDGE('',*,*,#1389,.F.);
#2008=ORIENTED_EDGE('',*,*,#1390,.F.);
#2009=ORIENTED_EDGE('',*,*,#1391,.T.);
#2010=ORIENTED_EDGE('',*,*,#1392,.T.);
#2011=ORIENTED_EDGE('',*,*,#1387,.T.);
#2012=ORIENTED_EDGE('',*,*,#1371,.T.);
#2013=ORIENTED_EDGE('',*,*,#1393,.F.);
#2014=ORIENTED_EDGE('',*,*,#1394,.T.);
#2015=ORIENTED_EDGE('',*,*,#1389,.T.);
#2016=ORIENTED_EDGE('',*,*,#1370,.T.);
#2017=ORIENTED_EDGE('',*,*,#1395,.T.);
#2018=ORIENTED_EDGE('',*,*,#1396,.T.);
#2019=ORIENTED_EDGE('',*,*,#1393,.T.);
#2020=ORIENTED_EDGE('',*,*,#1369,.T.);
#2021=ORIENTED_EDGE('',*,*,#1397,.F.);
#2022=ORIENTED_EDGE('',*,*,#1398,.T.);
#2023=ORIENTED_EDGE('',*,*,#1395,.F.);
#2024=ORIENTED_EDGE('',*,*,#1368,.T.);
#2025=ORIENTED_EDGE('',*,*,#1399,.T.);
#2026=ORIENTED_EDGE('',*,*,#1400,.T.);
#2027=ORIENTED_EDGE('',*,*,#1397,.T.);
#2028=ORIENTED_EDGE('',*,*,#1400,.F.);
#2029=ORIENTED_EDGE('',*,*,#1401,.F.);
#2030=ORIENTED_EDGE('',*,*,#1402,.F.);
#2031=ORIENTED_EDGE('',*,*,#1403,.T.);
#2032=ORIENTED_EDGE('',*,*,#1404,.F.);
#2033=ORIENTED_EDGE('',*,*,#1405,.F.);
#2034=ORIENTED_EDGE('',*,*,#1406,.F.);
#2035=ORIENTED_EDGE('',*,*,#1407,.T.);
#2036=ORIENTED_EDGE('',*,*,#1385,.T.);
#2037=ORIENTED_EDGE('',*,*,#1408,.T.);
#2038=ORIENTED_EDGE('',*,*,#1390,.T.);
#2039=ORIENTED_EDGE('',*,*,#1394,.F.);
#2040=ORIENTED_EDGE('',*,*,#1396,.F.);
#2041=ORIENTED_EDGE('',*,*,#1398,.F.);
#2042=ORIENTED_EDGE('',*,*,#1409,.F.);
#2043=ORIENTED_EDGE('',*,*,#1410,.T.);
#2044=ORIENTED_EDGE('',*,*,#1411,.F.);
#2045=ORIENTED_EDGE('',*,*,#1412,.F.);
#2046=ORIENTED_EDGE('',*,*,#1403,.F.);
#2047=ORIENTED_EDGE('',*,*,#1413,.F.);
#2048=ORIENTED_EDGE('',*,*,#1411,.T.);
#2049=ORIENTED_EDGE('',*,*,#1414,.T.);
#2050=ORIENTED_EDGE('',*,*,#1378,.T.);
#2051=ORIENTED_EDGE('',*,*,#1415,.F.);
#2052=ORIENTED_EDGE('',*,*,#1404,.T.);
#2053=ORIENTED_EDGE('',*,*,#1414,.F.);
#2054=ORIENTED_EDGE('',*,*,#1410,.F.);
#2055=ORIENTED_EDGE('',*,*,#1416,.T.);
#2056=ORIENTED_EDGE('',*,*,#1379,.T.);
#2057=ORIENTED_EDGE('',*,*,#1416,.F.);
#2058=ORIENTED_EDGE('',*,*,#1409,.T.);
#2059=ORIENTED_EDGE('',*,*,#1417,.T.);
#2060=ORIENTED_EDGE('',*,*,#1392,.F.);
#2061=ORIENTED_EDGE('',*,*,#1418,.T.);
#2062=ORIENTED_EDGE('',*,*,#1383,.T.);
#2063=ORIENTED_EDGE('',*,*,#1388,.F.);
#2064=ORIENTED_EDGE('',*,*,#1391,.F.);
#2065=ORIENTED_EDGE('',*,*,#1408,.F.);
#2066=ORIENTED_EDGE('',*,*,#1384,.T.);
#2067=ORIENTED_EDGE('',*,*,#1418,.F.);
#2068=ORIENTED_EDGE('',*,*,#1375,.T.);
#2069=ORIENTED_EDGE('',*,*,#1386,.F.);
#2070=ORIENTED_EDGE('',*,*,#1407,.F.);
#2071=ORIENTED_EDGE('',*,*,#1419,.T.);
#2072=ORIENTED_EDGE('',*,*,#1381,.T.);
#2073=ORIENTED_EDGE('',*,*,#1420,.F.);
#2074=ORIENTED_EDGE('',*,*,#1401,.T.);
#2075=ORIENTED_EDGE('',*,*,#1399,.F.);
#2076=ORIENTED_EDGE('',*,*,#1380,.T.);
#2077=ORIENTED_EDGE('',*,*,#1417,.F.);
#2078=ORIENTED_EDGE('',*,*,#1412,.T.);
#2079=ORIENTED_EDGE('',*,*,#1413,.T.);
#2080=ORIENTED_EDGE('',*,*,#1402,.T.);
#2081=ORIENTED_EDGE('',*,*,#1420,.T.);
#2082=ORIENTED_EDGE('',*,*,#1377,.T.);
#2083=ORIENTED_EDGE('',*,*,#1421,.F.);
#2084=ORIENTED_EDGE('',*,*,#1405,.T.);
#2085=ORIENTED_EDGE('',*,*,#1415,.T.);
#2086=ORIENTED_EDGE('',*,*,#1376,.T.);
#2087=ORIENTED_EDGE('',*,*,#1419,.F.);
#2088=ORIENTED_EDGE('',*,*,#1406,.T.);
#2089=ORIENTED_EDGE('',*,*,#1421,.T.);
#2090=PLANE('',#2317);
#2091=PLANE('',#2318);
#2092=PLANE('',#2320);
#2093=PLANE('',#2321);
#2094=PLANE('',#2330);
#2095=PLANE('',#2331);
#2096=PLANE('',#2332);
#2097=PLANE('',#2333);
#2098=PLANE('',#2334);
#2099=PLANE('',#2335);
#2100=PLANE('',#2336);
#2101=PLANE('',#2337);
#2102=PLANE('',#2338);
#2103=PLANE('',#2339);
#2104=PLANE('',#2340);
#2105=PLANE('',#2341);
#2106=PLANE('',#2342);
#2107=PLANE('',#2343);
#2108=PLANE('',#2344);
#2109=PLANE('',#2345);
#2110=PLANE('',#2346);
#2111=PLANE('',#2347);
#2112=PLANE('',#2348);
#2113=PLANE('',#2349);
#2114=PLANE('',#2350);
#2115=PLANE('',#2351);
#2116=PLANE('',#2352);
#2117=PLANE('',#2353);
#2118=PLANE('',#2354);
#2119=PLANE('',#2355);
#2120=PLANE('',#2356);
#2121=PLANE('',#2357);
#2122=PLANE('',#2358);
#2123=PLANE('',#2359);
#2124=PLANE('',#2360);
#2125=PLANE('',#2361);
#2126=PLANE('',#2362);
#2127=PLANE('',#2363);
#2128=PLANE('',#2364);
#2129=PLANE('',#2365);
#2130=PLANE('',#2367);
#2131=PLANE('',#2368);
#2132=PLANE('',#2373);
#2133=PLANE('',#2374);
#2134=PLANE('',#2376);
#2135=PLANE('',#2377);
#2136=PLANE('',#2378);
#2137=PLANE('',#2379);
#2138=PLANE('',#2380);
#2139=PLANE('',#2383);
#2140=PLANE('',#2386);
#2141=PLANE('',#2387);
#2142=PLANE('',#2388);
#2143=PLANE('',#2389);
#2144=PLANE('',#2390);
#2145=PLANE('',#2391);
#2146=PLANE('',#2392);
#2147=PLANE('',#2393);
#2148=PLANE('',#2394);
#2149=PLANE('',#2395);
#2150=PLANE('',#2396);
#2151=PLANE('',#2397);
#2152=PLANE('',#2398);
#2153=PLANE('',#2399);
#2154=PLANE('',#2404);
#2155=PLANE('',#2407);
#2156=PLANE('',#2408);
#2157=PLANE('',#2409);
#2158=PLANE('',#2410);
#2159=PLANE('',#2412);
#2160=PLANE('',#2413);
#2161=PLANE('',#2419);
#2162=PLANE('',#2420);
#2163=PLANE('',#2421);
#2164=PLANE('',#2422);
#2165=PLANE('',#2423);
#2166=PLANE('',#2424);
#2167=PLANE('',#2425);
#2168=PLANE('',#2426);
#2169=PLANE('',#2427);
#2170=PLANE('',#2428);
#2171=PLANE('',#2429);
#2172=PLANE('',#2430);
#2173=PLANE('',#2431);
#2174=PLANE('',#2432);
#2175=PLANE('',#2433);
#2176=PLANE('',#2434);
#2177=PLANE('',#2435);
#2178=PLANE('',#2436);
#2179=PLANE('',#2437);
#2180=PLANE('',#2438);
#2181=PLANE('',#2439);
#2182=PLANE('',#2440);
#2183=PLANE('',#2441);
#2184=PLANE('',#2442);
#2185=ADVANCED_FACE('',(#113),#2090,.F.);
#2186=ADVANCED_FACE('',(#114),#2091,.T.);
#2187=ADVANCED_FACE('',(#115),#2092,.F.);
#2188=ADVANCED_FACE('',(#116),#2093,.F.);
#2189=ADVANCED_FACE('',(#117),#2094,.F.);
#2190=ADVANCED_FACE('',(#118),#2095,.F.);
#2191=ADVANCED_FACE('',(#119),#2096,.F.);
#2192=ADVANCED_FACE('',(#120),#2097,.F.);
#2193=ADVANCED_FACE('',(#121),#2098,.F.);
#2194=ADVANCED_FACE('',(#122),#2099,.F.);
#2195=ADVANCED_FACE('',(#123),#2100,.F.);
#2196=ADVANCED_FACE('',(#124),#2101,.T.);
#2197=ADVANCED_FACE('',(#125),#2102,.F.);
#2198=ADVANCED_FACE('',(#126),#2103,.F.);
#2199=ADVANCED_FACE('',(#127),#2104,.F.);
#2200=ADVANCED_FACE('',(#128),#2105,.F.);
#2201=ADVANCED_FACE('',(#129),#2106,.F.);
#2202=ADVANCED_FACE('',(#130),#2107,.T.);
#2203=ADVANCED_FACE('',(#131),#2108,.F.);
#2204=ADVANCED_FACE('',(#132),#2109,.F.);
#2205=ADVANCED_FACE('',(#133),#2110,.F.);
#2206=ADVANCED_FACE('',(#134),#2111,.F.);
#2207=ADVANCED_FACE('',(#135),#2112,.F.);
#2208=ADVANCED_FACE('',(#136),#2113,.F.);
#2209=ADVANCED_FACE('',(#137),#2114,.F.);
#2210=ADVANCED_FACE('',(#138),#2115,.T.);
#2211=ADVANCED_FACE('',(#139),#2116,.F.);
#2212=ADVANCED_FACE('',(#140),#2117,.T.);
#2213=ADVANCED_FACE('',(#141),#2118,.T.);
#2214=ADVANCED_FACE('',(#142),#2119,.T.);
#2215=ADVANCED_FACE('',(#143),#2120,.F.);
#2216=ADVANCED_FACE('',(#144),#2121,.T.);
#2217=ADVANCED_FACE('',(#145),#2122,.T.);
#2218=ADVANCED_FACE('',(#146),#2123,.T.);
#2219=ADVANCED_FACE('',(#147),#2124,.F.);
#2220=ADVANCED_FACE('',(#148),#2125,.T.);
#2221=ADVANCED_FACE('',(#149),#2126,.T.);
#2222=ADVANCED_FACE('',(#150),#2127,.F.);
#2223=ADVANCED_FACE('',(#151),#2128,.F.);
#2224=ADVANCED_FACE('',(#152),#2129,.T.);
#2225=ADVANCED_FACE('',(#153),#2130,.F.);
#2226=ADVANCED_FACE('',(#154),#2131,.T.);
#2227=ADVANCED_FACE('',(#155),#2132,.F.);
#2228=ADVANCED_FACE('',(#156),#2133,.T.);
#2229=ADVANCED_FACE('',(#157),#2134,.F.);
#2230=ADVANCED_FACE('',(#158),#2135,.F.);
#2231=ADVANCED_FACE('',(#159),#2136,.F.);
#2232=ADVANCED_FACE('',(#160),#2137,.F.);
#2233=ADVANCED_FACE('',(#161),#28,.T.);
#2234=ADVANCED_FACE('',(#162),#2138,.F.);
#2235=ADVANCED_FACE('',(#163),#29,.T.);
#2236=ADVANCED_FACE('',(#164),#20,.F.);
#2237=ADVANCED_FACE('',(#165),#21,.F.);
#2238=ADVANCED_FACE('',(#166),#30,.T.);
#2239=ADVANCED_FACE('',(#167),#31,.T.);
#2240=ADVANCED_FACE('',(#168),#32,.T.);
#2241=ADVANCED_FACE('',(#169),#33,.T.);
#2242=ADVANCED_FACE('',(#170),#2139,.T.);
#2243=ADVANCED_FACE('',(#171),#34,.T.);
#2244=ADVANCED_FACE('',(#172),#35,.T.);
#2245=ADVANCED_FACE('',(#173),#36,.T.);
#2246=ADVANCED_FACE('',(#174),#37,.T.);
#2247=ADVANCED_FACE('',(#175),#38,.T.);
#2248=ADVANCED_FACE('',(#176),#22,.T.);
#2249=ADVANCED_FACE('',(#177),#23,.T.);
#2250=ADVANCED_FACE('',(#178),#2140,.T.);
#2251=ADVANCED_FACE('',(#179),#2141,.T.);
#2252=ADVANCED_FACE('',(#180),#2142,.F.);
#2253=ADVANCED_FACE('',(#181),#2143,.F.);
#2254=ADVANCED_FACE('',(#182),#2144,.F.);
#2255=ADVANCED_FACE('',(#183),#2145,.T.);
#2256=ADVANCED_FACE('',(#184),#2146,.T.);
#2257=ADVANCED_FACE('',(#185),#2147,.T.);
#2258=ADVANCED_FACE('',(#186),#2148,.T.);
#2259=ADVANCED_FACE('',(#187),#2149,.T.);
#2260=ADVANCED_FACE('',(#188),#2150,.T.);
#2261=ADVANCED_FACE('',(#189),#2151,.T.);
#2262=ADVANCED_FACE('',(#190),#2152,.T.);
#2263=ADVANCED_FACE('',(#191),#2153,.T.);
#2264=ADVANCED_FACE('',(#192),#24,.F.);
#2265=ADVANCED_FACE('',(#193),#25,.F.);
#2266=ADVANCED_FACE('',(#194),#2154,.T.);
#2267=ADVANCED_FACE('',(#195),#26,.F.);
#2268=ADVANCED_FACE('',(#196),#2155,.T.);
#2269=ADVANCED_FACE('',(#197),#2156,.T.);
#2270=ADVANCED_FACE('',(#198),#2157,.T.);
#2271=ADVANCED_FACE('',(#199),#2158,.T.);
#2272=ADVANCED_FACE('',(#200),#2159,.T.);
#2273=ADVANCED_FACE('',(#201),#2160,.T.);
#2274=ADVANCED_FACE('',(#202),#19,.T.);
#2275=ADVANCED_FACE('',(#203),#27,.T.);
#2276=ADVANCED_FACE('',(#204,#17),#2161,.F.);
#2277=ADVANCED_FACE('',(#205),#2162,.T.);
#2278=ADVANCED_FACE('',(#206),#2163,.T.);
#2279=ADVANCED_FACE('',(#207),#2164,.T.);
#2280=ADVANCED_FACE('',(#208),#2165,.T.);
#2281=ADVANCED_FACE('',(#209,#18),#2166,.T.);
#2282=ADVANCED_FACE('',(#210),#2167,.T.);
#2283=ADVANCED_FACE('',(#211),#2168,.T.);
#2284=ADVANCED_FACE('',(#212),#2169,.T.);
#2285=ADVANCED_FACE('',(#213),#2170,.T.);
#2286=ADVANCED_FACE('',(#214),#2171,.T.);
#2287=ADVANCED_FACE('',(#215),#39,.T.);
#2288=ADVANCED_FACE('',(#216),#2172,.T.);
#2289=ADVANCED_FACE('',(#217),#40,.T.);
#2290=ADVANCED_FACE('',(#218),#2173,.F.);
#2291=ADVANCED_FACE('',(#219),#2174,.F.);
#2292=ADVANCED_FACE('',(#220),#2175,.F.);
#2293=ADVANCED_FACE('',(#221),#2176,.T.);
#2294=ADVANCED_FACE('',(#222),#2177,.T.);
#2295=ADVANCED_FACE('',(#223),#2178,.F.);
#2296=ADVANCED_FACE('',(#224),#2179,.F.);
#2297=ADVANCED_FACE('',(#225),#2180,.T.);
#2298=ADVANCED_FACE('',(#226),#2181,.T.);
#2299=ADVANCED_FACE('',(#227),#2182,.T.);
#2300=ADVANCED_FACE('',(#228),#2183,.T.);
#2301=ADVANCED_FACE('',(#229),#2184,.T.);
#2302=CLOSED_SHELL('',(#2185,#2186,#2187,#2188,#2189,#2190,#2191,#2192,
#2193,#2194,#2195,#2196,#2197,#2198,#2199,#2200,#2201,#2202,#2203,#2204,
#2205,#2206,#2207,#2208,#2209,#2210,#2211,#2212,#2213,#2214,#2215,#2216,
#2217,#2218,#2219,#2220,#2221,#2222,#2223,#2224,#2225,#2226,#2227,#2228,
#2229,#2230,#2231,#2232,#2233,#2234,#2235,#2236,#2237,#2238,#2239,#2240,
#2241,#2242,#2243,#2244,#2245,#2246,#2247,#2248,#2249,#2250,#2251,#2252,
#2253,#2254,#2255,#2256,#2257,#2258,#2259,#2260,#2261,#2262,#2263,#2264,
#2265,#2266,#2267,#2268,#2269,#2270,#2271,#2272,#2273,#2274,#2275,#2276,
#2277,#2278,#2279,#2280,#2281));
#2303=CLOSED_SHELL('',(#2282,#2283,#2284,#2285,#2286,#2287,#2288,#2289,
#2290,#2291,#2292,#2293,#2294,#2295,#2296,#2297,#2298,#2299,#2300,#2301));
#2304=DERIVED_UNIT_ELEMENT(#2306,1.);
#2305=DERIVED_UNIT_ELEMENT(#4928,-3.);
#2306=(
MASS_UNIT()
NAMED_UNIT(*)
SI_UNIT(.KILO.,.GRAM.)
);
#2307=DERIVED_UNIT((#2304,#2305));
#2308=MEASURE_REPRESENTATION_ITEM('density measure',
POSITIVE_RATIO_MEASURE(7850.),#2307);
#2309=PROPERTY_DEFINITION_REPRESENTATION(#2314,#2311);
#2310=PROPERTY_DEFINITION_REPRESENTATION(#2315,#2312);
#2311=REPRESENTATION('material name',(#2313),#4925);
#2312=REPRESENTATION('density',(#2308),#4925);
#2313=DESCRIPTIVE_REPRESENTATION_ITEM('Acier','Acier');
#2314=PROPERTY_DEFINITION('material property','material name',#4935);
#2315=PROPERTY_DEFINITION('material property','density of part',#4935);
#2316=AXIS2_PLACEMENT_3D('',#2959,#2443,#2444);
#2317=AXIS2_PLACEMENT_3D('',#2960,#2445,#2446);
#2318=AXIS2_PLACEMENT_3D('',#2979,#2456,#2457);
#2319=AXIS2_PLACEMENT_3D('',#2987,#2461,#2462);
#2320=AXIS2_PLACEMENT_3D('',#3013,#2476,#2477);
#2321=AXIS2_PLACEMENT_3D('',#3029,#2486,#2487);
#2322=AXIS2_PLACEMENT_3D('',#3031,#2488,#2489);
#2323=AXIS2_PLACEMENT_3D('',#3035,#2491,#2492);
#2324=AXIS2_PLACEMENT_3D('',#3060,#2497,#2498);
#2325=AXIS2_PLACEMENT_3D('',#3063,#2500,#2501);
#2326=AXIS2_PLACEMENT_3D('',#3067,#2503,#2504);
#2327=AXIS2_PLACEMENT_3D('',#3069,#2505,#2506);
#2328=AXIS2_PLACEMENT_3D('',#3071,#2507,#2508);
#2329=AXIS2_PLACEMENT_3D('',#3073,#2509,#2510);
#2330=AXIS2_PLACEMENT_3D('',#3075,#2512,#2513);
#2331=AXIS2_PLACEMENT_3D('',#3081,#2517,#2518);
#2332=AXIS2_PLACEMENT_3D('',#3083,#2520,#2521);
#2333=AXIS2_PLACEMENT_3D('',#3089,#2525,#2526);
#2334=AXIS2_PLACEMENT_3D('',#3091,#2528,#2529);
#2335=AXIS2_PLACEMENT_3D('',#3100,#2534,#2535);
#2336=AXIS2_PLACEMENT_3D('',#3112,#2542,#2543);
#2337=AXIS2_PLACEMENT_3D('',#3121,#2548,#2549);
#2338=AXIS2_PLACEMENT_3D('',#3151,#2553,#2554);
#2339=AXIS2_PLACEMENT_3D('',#3161,#2560,#2561);
#2340=AXIS2_PLACEMENT_3D('',#3169,#2566,#2567);
#2341=AXIS2_PLACEMENT_3D('',#3177,#2572,#2573);
#2342=AXIS2_PLACEMENT_3D('',#3181,#2576,#2577);
#2343=AXIS2_PLACEMENT_3D('',#3189,#2582,#2583);
#2344=AXIS2_PLACEMENT_3D('',#3222,#2590,#2591);
#2345=AXIS2_PLACEMENT_3D('',#3238,#2600,#2601);
#2346=AXIS2_PLACEMENT_3D('',#3242,#2604,#2605);
#2347=AXIS2_PLACEMENT_3D('',#3246,#2608,#2609);
#2348=AXIS2_PLACEMENT_3D('',#3260,#2617,#2618);
#2349=AXIS2_PLACEMENT_3D('',#3264,#2621,#2622);
#2350=AXIS2_PLACEMENT_3D('',#3268,#2625,#2626);
#2351=AXIS2_PLACEMENT_3D('',#3277,#2631,#2632);
#2352=AXIS2_PLACEMENT_3D('',#3298,#2635,#2636);
#2353=AXIS2_PLACEMENT_3D('',#3307,#2641,#2642);
#2354=AXIS2_PLACEMENT_3D('',#3322,#2645,#2646);
#2355=AXIS2_PLACEMENT_3D('',#3336,#2649,#2650);
#2356=AXIS2_PLACEMENT_3D('',#3401,#2662,#2663);
#2357=AXIS2_PLACEMENT_3D('',#3415,#2666,#2667);
#2358=AXIS2_PLACEMENT_3D('',#3418,#2670,#2671);
#2359=AXIS2_PLACEMENT_3D('',#3421,#2674,#2675);
#2360=AXIS2_PLACEMENT_3D('',#3423,#2677,#2678);
#2361=AXIS2_PLACEMENT_3D('',#3424,#2679,#2680);
#2362=AXIS2_PLACEMENT_3D('',#3427,#2683,#2684);
#2363=AXIS2_PLACEMENT_3D('',#3455,#2688,#2689);
#2364=AXIS2_PLACEMENT_3D('',#3457,#2691,#2692);
#2365=AXIS2_PLACEMENT_3D('',#3474,#2701,#2702);
#2366=AXIS2_PLACEMENT_3D('',#3479,#2705,#2706);
#2367=AXIS2_PLACEMENT_3D('',#3482,#2709,#2710);
#2368=AXIS2_PLACEMENT_3D('',#3491,#2715,#2716);
#2369=AXIS2_PLACEMENT_3D('',#3497,#2720,#2721);
#2370=AXIS2_PLACEMENT_3D('',#3498,#2722,#2723);
#2371=AXIS2_PLACEMENT_3D('',#3500,#2725,#2726);
#2372=AXIS2_PLACEMENT_3D('',#3501,#2727,#2728);
#2373=AXIS2_PLACEMENT_3D('',#3503,#2730,#2731);
#2374=AXIS2_PLACEMENT_3D('',#3508,#2735,#2736);
#2375=AXIS2_PLACEMENT_3D('',#3512,#2739,#2740);
#2376=AXIS2_PLACEMENT_3D('',#3514,#2742,#2743);
#2377=AXIS2_PLACEMENT_3D('',#3517,#2746,#2747);
#2378=AXIS2_PLACEMENT_3D('',#3521,#2750,#2751);
#2379=AXIS2_PLACEMENT_3D('',#3525,#2754,#2755);
#2380=AXIS2_PLACEMENT_3D('',#3592,#2757,#2758);
#2381=AXIS2_PLACEMENT_3D('',#3673,#2762,#2763);
#2382=AXIS2_PLACEMENT_3D('',#3675,#2765,#2766);
#2383=AXIS2_PLACEMENT_3D('',#4081,#2768,#2769);
#2384=AXIS2_PLACEMENT_3D('',#4561,#2770,#2771);
#2385=AXIS2_PLACEMENT_3D('',#4563,#2773,#2774);
#2386=AXIS2_PLACEMENT_3D('',#4564,#2775,#2776);
#2387=AXIS2_PLACEMENT_3D('',#4565,#2777,#2778);
#2388=AXIS2_PLACEMENT_3D('',#4566,#2779,#2780);
#2389=AXIS2_PLACEMENT_3D('',#4568,#2782,#2783);
#2390=AXIS2_PLACEMENT_3D('',#4569,#2784,#2785);
#2391=AXIS2_PLACEMENT_3D('',#4570,#2786,#2787);
#2392=AXIS2_PLACEMENT_3D('',#4572,#2789,#2790);
#2393=AXIS2_PLACEMENT_3D('',#4573,#2791,#2792);
#2394=AXIS2_PLACEMENT_3D('',#4575,#2794,#2795);
#2395=AXIS2_PLACEMENT_3D('',#4577,#2797,#2798);
#2396=AXIS2_PLACEMENT_3D('',#4579,#2800,#2801);
#2397=AXIS2_PLACEMENT_3D('',#4581,#2803,#2804);
#2398=AXIS2_PLACEMENT_3D('',#4582,#2805,#2806);
#2399=AXIS2_PLACEMENT_3D('',#4583,#2807,#2808);
#2400=AXIS2_PLACEMENT_3D('',#4584,#2809,#2810);
#2401=AXIS2_PLACEMENT_3D('',#4585,#2811,#2812);
#2402=AXIS2_PLACEMENT_3D('',#4586,#2813,#2814);
#2403=AXIS2_PLACEMENT_3D('',#4588,#2815,#2816);
#2404=AXIS2_PLACEMENT_3D('',#4590,#2818,#2819);
#2405=AXIS2_PLACEMENT_3D('',#4594,#2822,#2823);
#2406=AXIS2_PLACEMENT_3D('',#4595,#2824,#2825);
#2407=AXIS2_PLACEMENT_3D('',#4596,#2826,#2827);
#2408=AXIS2_PLACEMENT_3D('',#4597,#2828,#2829);
#2409=AXIS2_PLACEMENT_3D('',#4598,#2830,#2831);
#2410=AXIS2_PLACEMENT_3D('',#4600,#2833,#2834);
#2411=AXIS2_PLACEMENT_3D('',#4602,#2836,#2837);
#2412=AXIS2_PLACEMENT_3D('',#4603,#2838,#2839);
#2413=AXIS2_PLACEMENT_3D('',#4604,#2840,#2841);
#2414=AXIS2_PLACEMENT_3D('',#4605,#2842,#2843);
#2415=AXIS2_PLACEMENT_3D('',#4607,#2844,#2845);
#2416=AXIS2_PLACEMENT_3D('',#4609,#2846,#2847);
#2417=AXIS2_PLACEMENT_3D('',#4610,#2848,#2849);
#2418=AXIS2_PLACEMENT_3D('',#4611,#2850,#2851);
#2419=AXIS2_PLACEMENT_3D('',#4613,#2853,#2854);
#2420=AXIS2_PLACEMENT_3D('',#4622,#2859,#2860);
#2421=AXIS2_PLACEMENT_3D('',#4628,#2864,#2865);
#2422=AXIS2_PLACEMENT_3D('',#4632,#2868,#2869);
#2423=AXIS2_PLACEMENT_3D('',#4636,#2872,#2873);
#2424=AXIS2_PLACEMENT_3D('',#4638,#2875,#2876);
#2425=AXIS2_PLACEMENT_3D('',#4639,#2877,#2878);
#2426=AXIS2_PLACEMENT_3D('',#4710,#2891,#2892);
#2427=AXIS2_PLACEMENT_3D('',#4720,#2898,#2899);
#2428=AXIS2_PLACEMENT_3D('',#4724,#2902,#2903);
#2429=AXIS2_PLACEMENT_3D('',#4732,#2908,#2909);
#2430=AXIS2_PLACEMENT_3D('',#4806,#2911,#2912);
#2431=AXIS2_PLACEMENT_3D('',#4880,#2914,#2915);
#2432=AXIS2_PLACEMENT_3D('',#4895,#2924,#2925);
#2433=AXIS2_PLACEMENT_3D('',#4904,#2930,#2931);
#2434=AXIS2_PLACEMENT_3D('',#4907,#2934,#2935);
#2435=AXIS2_PLACEMENT_3D('',#4910,#2938,#2939);
#2436=AXIS2_PLACEMENT_3D('',#4912,#2941,#2942);
#2437=AXIS2_PLACEMENT_3D('',#4914,#2944,#2945);
#2438=AXIS2_PLACEMENT_3D('',#4915,#2946,#2947);
#2439=AXIS2_PLACEMENT_3D('',#4917,#2949,#2950);
#2440=AXIS2_PLACEMENT_3D('',#4919,#2952,#2953);
#2441=AXIS2_PLACEMENT_3D('',#4920,#2954,#2955);
#2442=AXIS2_PLACEMENT_3D('',#4922,#2957,#2958);
#2443=DIRECTION('axis',(0.,0.,1.));
#2444=DIRECTION('refdir',(1.,0.,0.));
#2445=DIRECTION('center_axis',(0.,-1.,0.));
#2446=DIRECTION('ref_axis',(0.,0.,-1.));
#2447=DIRECTION('',(1.,0.,0.));
#2448=DIRECTION('',(0.,0.,-1.));
#2449=DIRECTION('',(-1.,0.,0.));
#2450=DIRECTION('',(0.,0.,1.));
#2451=DIRECTION('',(1.,0.,0.));
#2452=DIRECTION('',(0.,0.,1.));
#2453=DIRECTION('',(1.,0.,0.));
#2454=DIRECTION('',(1.,0.,0.));
#2455=DIRECTION('',(0.,0.,-1.));
#2456=DIRECTION('center_axis',(0.,0.,1.));
#2457=DIRECTION('ref_axis',(-1.,0.,0.));
#2458=DIRECTION('',(0.,-1.,0.));
#2459=DIRECTION('',(0.,1.,0.));
#2460=DIRECTION('',(1.,0.,0.));
#2461=DIRECTION('center_axis',(0.,0.,-1.));
#2462=DIRECTION('ref_axis',(-0.973068350668648,0.230516777972879,0.));
#2463=DIRECTION('',(-1.,0.,0.));
#2464=DIRECTION('',(0.,1.,0.));
#2465=DIRECTION('',(1.,0.,0.));
#2466=DIRECTION('',(0.,-1.,0.));
#2467=DIRECTION('',(1.,-3.39907546766217E-16,0.));
#2468=DIRECTION('',(0.,1.,0.));
#2469=DIRECTION('',(-1.,0.,0.));
#2470=DIRECTION('',(0.,-1.,0.));
#2471=DIRECTION('',(0.,-1.,0.));
#2472=DIRECTION('',(0.,-1.,0.));
#2473=DIRECTION('',(1.,0.,0.));
#2474=DIRECTION('',(0.,1.,0.));
#2475=DIRECTION('',(-1.,3.39907546766217E-16,0.));
#2476=DIRECTION('center_axis',(0.,1.,0.));
#2477=DIRECTION('ref_axis',(0.,0.,1.));
#2478=DIRECTION('',(-1.,0.,0.));
#2479=DIRECTION('',(0.,0.,-1.));
#2480=DIRECTION('',(0.,0.,1.));
#2481=DIRECTION('',(-1.,0.,0.));
#2482=DIRECTION('',(0.,0.,1.));
#2483=DIRECTION('',(-1.,0.,0.));
#2484=DIRECTION('',(-1.,0.,0.));
#2485=DIRECTION('',(0.,0.,-1.));
#2486=DIRECTION('center_axis',(0.,0.,1.));
#2487=DIRECTION('ref_axis',(-1.,0.,0.));
#2488=DIRECTION('center_axis',(0.,0.,1.));
#2489=DIRECTION('ref_axis',(-1.,0.,0.));
#2490=DIRECTION('',(1.,0.,0.));
#2491=DIRECTION('center_axis',(0.,0.,-1.));
#2492=DIRECTION('ref_axis',(-0.707106781186548,-0.707106781186547,0.));
#2493=DIRECTION('',(-1.,3.39907546766217E-16,0.));
#2494=DIRECTION('',(1.,0.,0.));
#2495=DIRECTION('',(-1.,0.,0.));
#2496=DIRECTION('',(1.,-3.39907546766217E-16,0.));
#2497=DIRECTION('center_axis',(0.,0.,-1.));
#2498=DIRECTION('ref_axis',(-0.707106781186548,0.707106781186547,0.));
#2499=DIRECTION('',(-1.,0.,0.));
#2500=DIRECTION('center_axis',(0.,0.,1.));
#2501=DIRECTION('ref_axis',(-1.,0.,0.));
#2502=DIRECTION('',(0.,-1.,0.));
#2503=DIRECTION('center_axis',(0.,0.,1.));
#2504=DIRECTION('ref_axis',(-1.,0.,0.));
#2505=DIRECTION('center_axis',(0.,0.,1.));
#2506=DIRECTION('ref_axis',(-1.,0.,0.));
#2507=DIRECTION('center_axis',(0.,0.,1.));
#2508=DIRECTION('ref_axis',(-1.,0.,0.));
#2509=DIRECTION('center_axis',(0.,0.,1.));
#2510=DIRECTION('ref_axis',(-1.,0.,0.));
#2511=DIRECTION('',(0.,-1.,0.));
#2512=DIRECTION('center_axis',(0.,1.,0.));
#2513=DIRECTION('ref_axis',(0.,0.,-1.));
#2514=DIRECTION('',(0.,0.,1.));
#2515=DIRECTION('',(0.,0.,-1.));
#2516=DIRECTION('',(-1.,0.,0.));
#2517=DIRECTION('center_axis',(-1.,0.,0.));
#2518=DIRECTION('ref_axis',(0.,0.,1.));
#2519=DIRECTION('',(0.,-1.,0.));
#2520=DIRECTION('center_axis',(0.,-1.,0.));
#2521=DIRECTION('ref_axis',(0.,0.,1.));
#2522=DIRECTION('',(0.,0.,1.));
#2523=DIRECTION('',(-1.,0.,0.));
#2524=DIRECTION('',(0.,0.,1.));
#2525=DIRECTION('center_axis',(-1.,0.,0.));
#2526=DIRECTION('ref_axis',(0.,0.,1.));
#2527=DIRECTION('',(0.,-1.,0.));
#2528=DIRECTION('center_axis',(0.,0.,-1.));
#2529=DIRECTION('ref_axis',(-1.,0.,0.));
#2530=DIRECTION('',(1.,0.,0.));
#2531=DIRECTION('',(0.,1.,0.));
#2532=DIRECTION('',(-1.,3.39907546766217E-16,0.));
#2533=DIRECTION('',(0.,-1.,0.));
#2534=DIRECTION('center_axis',(0.,-1.,0.));
#2535=DIRECTION('ref_axis',(0.,0.,-1.));
#2536=DIRECTION('',(0.,0.,-1.));
#2537=DIRECTION('',(0.,0.,1.));
#2538=DIRECTION('',(-1.,0.,0.));
#2539=DIRECTION('',(0.,0.,-1.));
#2540=DIRECTION('',(0.,0.,-1.));
#2541=DIRECTION('',(-1.,0.,0.));
#2542=DIRECTION('center_axis',(0.,0.,-1.));
#2543=DIRECTION('ref_axis',(-1.,0.,0.));
#2544=DIRECTION('',(-1.,0.,0.));
#2545=DIRECTION('',(0.,-1.,0.));
#2546=DIRECTION('',(1.,-3.39907546766217E-16,0.));
#2547=DIRECTION('',(0.,1.,0.));
#2548=DIRECTION('center_axis',(1.,0.,0.));
#2549=DIRECTION('ref_axis',(0.,1.,0.));
#2550=DIRECTION('',(0.,0.,-1.));
#2551=DIRECTION('',(0.,-1.,0.));
#2552=DIRECTION('',(0.,0.,1.));
#2553=DIRECTION('center_axis',(0.,1.,0.));
#2554=DIRECTION('ref_axis',(0.,0.,1.));
#2555=DIRECTION('',(0.,0.,1.));
#2556=DIRECTION('',(1.,0.,0.));
#2557=DIRECTION('',(0.,0.,1.));
#2558=DIRECTION('',(0.,0.,1.));
#2559=DIRECTION('',(1.,0.,0.));
#2560=DIRECTION('center_axis',(-1.,0.,0.));
#2561=DIRECTION('ref_axis',(0.,0.,1.));
#2562=DIRECTION('',(0.,0.,1.));
#2563=DIRECTION('',(0.,-1.,0.));
#2564=DIRECTION('',(0.,0.,-1.));
#2565=DIRECTION('',(0.,1.,0.));
#2566=DIRECTION('center_axis',(0.,0.,1.));
#2567=DIRECTION('ref_axis',(0.,1.,0.));
#2568=DIRECTION('',(-1.,0.,0.));
#2569=DIRECTION('',(0.,-1.,0.));
#2570=DIRECTION('',(-1.,0.,0.));
#2571=DIRECTION('',(0.,-1.,0.));
#2572=DIRECTION('center_axis',(0.,1.,0.));
#2573=DIRECTION('ref_axis',(0.,0.,1.));
#2574=DIRECTION('',(1.,0.,0.));
#2575=DIRECTION('',(0.,0.,-1.));
#2576=DIRECTION('center_axis',(-1.,0.,0.));
#2577=DIRECTION('ref_axis',(0.,0.,1.));
#2578=DIRECTION('',(0.,0.,-1.));
#2579=DIRECTION('',(0.,1.,0.));
#2580=DIRECTION('',(0.,0.,1.));
#2581=DIRECTION('',(0.,-1.,0.));
#2582=DIRECTION('center_axis',(-3.39907546766217E-16,-1.,0.));
#2583=DIRECTION('ref_axis',(1.,-3.39907546766217E-16,0.));
#2584=DIRECTION('',(-1.,3.39907546766217E-16,0.));
#2585=DIRECTION('',(0.,0.,1.));
#2586=DIRECTION('',(0.,0.,1.));
#2587=DIRECTION('',(1.,-3.39907546766217E-16,0.));
#2588=DIRECTION('',(0.,0.,1.));
#2589=DIRECTION('',(0.,0.,1.));
#2590=DIRECTION('center_axis',(0.,0.,-1.));
#2591=DIRECTION('ref_axis',(-1.,0.,0.));
#2592=DIRECTION('',(-1.,0.,0.));
#2593=DIRECTION('',(0.,1.,0.));
#2594=DIRECTION('',(1.,0.,0.));
#2595=DIRECTION('',(0.,1.,0.));
#2596=DIRECTION('',(-1.,0.,0.));
#2597=DIRECTION('',(0.,-1.,0.));
#2598=DIRECTION('',(-1.,0.,0.));
#2599=DIRECTION('',(0.,1.,0.));
#2600=DIRECTION('center_axis',(0.,-1.,0.));
#2601=DIRECTION('ref_axis',(0.,0.,-1.));
#2602=DIRECTION('',(1.,0.,0.));
#2603=DIRECTION('',(5.9211894646675E-16,0.,1.));
#2604=DIRECTION('center_axis',(-1.,0.,0.));
#2605=DIRECTION('ref_axis',(0.,0.,1.));
#2606=DIRECTION('',(0.,0.,1.));
#2607=DIRECTION('',(0.,1.,0.));
#2608=DIRECTION('center_axis',(0.,0.,-1.));
#2609=DIRECTION('ref_axis',(-1.,0.,0.));
#2610=DIRECTION('',(1.,-3.39907546766217E-16,0.));
#2611=DIRECTION('',(0.,1.,0.));
#2612=DIRECTION('',(1.,0.,0.));
#2613=DIRECTION('',(3.26056688583012E-16,-1.,0.));
#2614=DIRECTION('',(1.,0.,0.));
#2615=DIRECTION('',(0.,1.,0.));
#2616=DIRECTION('',(-1.,0.,0.));
#2617=DIRECTION('center_axis',(-1.,0.,0.));
#2618=DIRECTION('ref_axis',(0.,0.,1.));
#2619=DIRECTION('',(0.,0.,-1.));
#2620=DIRECTION('',(0.,-1.,0.));
#2621=DIRECTION('center_axis',(0.,0.,1.));
#2622=DIRECTION('ref_axis',(0.,1.,0.));
#2623=DIRECTION('',(0.,-1.,0.));
#2624=DIRECTION('',(1.,0.,0.));
#2625=DIRECTION('center_axis',(-1.,0.,0.));
#2626=DIRECTION('ref_axis',(0.,1.,0.));
#2627=DIRECTION('',(0.,1.,0.));
#2628=DIRECTION('',(0.,0.,1.));
#2629=DIRECTION('',(0.,1.,0.));
#2630=DIRECTION('',(0.,0.,-1.));
#2631=DIRECTION('center_axis',(0.,0.,1.));
#2632=DIRECTION('ref_axis',(-1.,0.,0.));
#2633=DIRECTION('',(1.,0.,0.));
#2634=DIRECTION('',(-1.,0.,0.));
#2635=DIRECTION('center_axis',(-1.,0.,0.));
#2636=DIRECTION('ref_axis',(0.,1.,0.));
#2637=DIRECTION('',(0.,1.,0.));
#2638=DIRECTION('',(0.,0.,1.));
#2639=DIRECTION('',(0.,1.,0.));
#2640=DIRECTION('',(0.,0.,-1.));
#2641=DIRECTION('center_axis',(0.,0.,1.));
#2642=DIRECTION('ref_axis',(-1.,0.,0.));
#2643=DIRECTION('',(1.,0.,0.));
#2644=DIRECTION('',(-1.,0.,0.));
#2645=DIRECTION('center_axis',(0.,1.,0.));
#2646=DIRECTION('ref_axis',(-1.,0.,0.));
#2647=DIRECTION('',(1.,0.,0.));
#2648=DIRECTION('',(-1.,0.,0.));
#2649=DIRECTION('center_axis',(0.,0.,1.));
#2650=DIRECTION('ref_axis',(-1.,0.,0.));
#2651=DIRECTION('',(-8.00160738468581E-17,-1.,0.));
#2652=DIRECTION('',(1.,0.,0.));
#2653=DIRECTION('',(-1.,0.,0.));
#2654=DIRECTION('',(0.,1.,0.));
#2655=DIRECTION('',(0.,1.,0.));
#2656=DIRECTION('',(1.,0.,0.));
#2657=DIRECTION('',(0.,1.,0.));
#2658=DIRECTION('',(-1.,0.,0.));
#2659=DIRECTION('',(0.,1.,0.));
#2660=DIRECTION('',(0.,1.,0.));
#2661=DIRECTION('',(1.,0.,0.));
#2662=DIRECTION('center_axis',(0.,-1.,0.));
#2663=DIRECTION('ref_axis',(0.,0.,1.));
#2664=DIRECTION('',(-1.,0.,0.));
#2665=DIRECTION('',(0.,0.,1.));
#2666=DIRECTION('center_axis',(1.,0.,0.));
#2667=DIRECTION('ref_axis',(0.,1.,0.));
#2668=DIRECTION('',(0.,0.,1.));
#2669=DIRECTION('',(0.,0.,1.));
#2670=DIRECTION('center_axis',(0.,-1.,0.));
#2671=DIRECTION('ref_axis',(1.,0.,0.));
#2672=DIRECTION('',(0.,0.,1.));
#2673=DIRECTION('',(0.,0.,-1.));
#2674=DIRECTION('center_axis',(-1.,0.,0.));
#2675=DIRECTION('ref_axis',(0.,-1.,0.));
#2676=DIRECTION('',(0.,0.,-1.));
#2677=DIRECTION('center_axis',(0.,-1.,0.));
#2678=DIRECTION('ref_axis',(0.,0.,-1.));
#2679=DIRECTION('center_axis',(-1.,0.,0.));
#2680=DIRECTION('ref_axis',(0.,-1.,0.));
#2681=DIRECTION('',(0.,0.,1.));
#2682=DIRECTION('',(0.,0.,1.));
#2683=DIRECTION('center_axis',(3.39907546766217E-16,1.,0.));
#2684=DIRECTION('ref_axis',(-1.,3.39907546766217E-16,0.));
#2685=DIRECTION('',(0.,0.,-1.));
#2686=DIRECTION('',(-1.,3.39907546766217E-16,0.));
#2687=DIRECTION('',(0.,0.,1.));
#2688=DIRECTION('center_axis',(0.,1.,0.));
#2689=DIRECTION('ref_axis',(0.,0.,1.));
#2690=DIRECTION('',(0.,0.,1.));
#2691=DIRECTION('center_axis',(1.,1.73472347597681E-16,0.));
#2692=DIRECTION('ref_axis',(0.,0.,-1.));
#2693=DIRECTION('',(-1.79068229778251E-16,1.,0.));
#2694=DIRECTION('',(0.,0.,-1.));
#2695=DIRECTION('',(1.73472347597681E-16,-1.,0.));
#2696=DIRECTION('',(0.,0.,1.));
#2697=DIRECTION('',(1.73472347597681E-16,-1.,0.));
#2698=DIRECTION('',(0.,0.,-1.));
#2699=DIRECTION('',(1.73472347597681E-16,-1.,0.));
#2700=DIRECTION('',(0.,0.,1.));
#2701=DIRECTION('center_axis',(0.,0.,1.));
#2702=DIRECTION('ref_axis',(1.,0.,0.));
#2703=DIRECTION('',(1.,1.73472347597681E-16,0.));
#2704=DIRECTION('',(1.,0.,0.));
#2705=DIRECTION('center_axis',(0.,0.,1.));
#2706=DIRECTION('ref_axis',(-0.707106781186548,0.707106781186547,0.));
#2707=DIRECTION('',(0.,1.,0.));
#2708=DIRECTION('',(0.,1.,0.));
#2709=DIRECTION('center_axis',(-1.,0.,0.));
#2710=DIRECTION('ref_axis',(0.,0.,1.));
#2711=DIRECTION('',(0.,-1.,0.));
#2712=DIRECTION('',(0.,0.,-1.));
#2713=DIRECTION('',(0.,1.,0.));
#2714=DIRECTION('',(0.,0.,1.));
#2715=DIRECTION('center_axis',(0.,0.,1.));
#2716=DIRECTION('ref_axis',(-1.,0.,0.));
#2717=DIRECTION('',(-1.,0.,0.));
#2718=DIRECTION('',(1.,0.,0.));
#2719=DIRECTION('',(0.,1.,0.));
#2720=DIRECTION('center_axis',(0.,0.,1.));
#2721=DIRECTION('ref_axis',(-1.,0.,0.));
#2722=DIRECTION('center_axis',(0.,0.,1.));
#2723=DIRECTION('ref_axis',(-1.,0.,0.));
#2724=DIRECTION('',(0.,-1.,0.));
#2725=DIRECTION('center_axis',(0.,0.,1.));
#2726=DIRECTION('ref_axis',(-1.,0.,0.));
#2727=DIRECTION('center_axis',(0.,0.,1.));
#2728=DIRECTION('ref_axis',(-1.,0.,0.));
#2729=DIRECTION('',(0.,1.,0.));
#2730=DIRECTION('center_axis',(0.,-1.,0.));
#2731=DIRECTION('ref_axis',(0.,0.,-1.));
#2732=DIRECTION('',(1.,1.73472347597681E-16,0.));
#2733=DIRECTION('',(0.,0.,-1.));
#2734=DIRECTION('',(-1.,-1.73472347597681E-16,0.));
#2735=DIRECTION('center_axis',(0.,0.,1.));
#2736=DIRECTION('ref_axis',(1.,0.,0.));
#2737=DIRECTION('',(0.,-1.,0.));
#2738=DIRECTION('',(0.,1.,0.));
#2739=DIRECTION('center_axis',(0.,0.,1.));
#2740=DIRECTION('ref_axis',(-0.707106781186548,-0.707106781186547,0.));
#2741=DIRECTION('',(1.,0.,0.));
#2742=DIRECTION('center_axis',(0.,1.,0.));
#2743=DIRECTION('ref_axis',(0.,0.,1.));
#2744=DIRECTION('',(-1.,0.,0.));
#2745=DIRECTION('',(0.,0.,1.));
#2746=DIRECTION('center_axis',(-1.,0.,0.));
#2747=DIRECTION('ref_axis',(0.,0.,1.));
#2748=DIRECTION('',(0.,0.,1.));
#2749=DIRECTION('',(0.,1.,0.));
#2750=DIRECTION('center_axis',(-1.,0.,0.));
#2751=DIRECTION('ref_axis',(0.,0.,-1.));
#2752=DIRECTION('',(0.,0.,1.));
#2753=DIRECTION('',(0.,-1.,0.));
#2754=DIRECTION('center_axis',(0.,0.,-1.));
#2755=DIRECTION('ref_axis',(0.,-1.,0.));
#2756=DIRECTION('',(0.,1.,0.));
#2757=DIRECTION('center_axis',(0.,0.,-1.));
#2758=DIRECTION('ref_axis',(0.,-1.,0.));
#2759=DIRECTION('',(1.,0.,0.));
#2760=DIRECTION('',(0.,1.,0.));
#2761=DIRECTION('',(0.,-1.,0.));
#2762=DIRECTION('center_axis',(0.,0.,-1.));
#2763=DIRECTION('ref_axis',(-0.707106781186548,0.707106781186547,0.));
#2764=DIRECTION('',(0.,0.,-1.));
#2765=DIRECTION('center_axis',(0.,0.,1.));
#2766=DIRECTION('ref_axis',(-0.707106781186548,-0.707106781186547,0.));
#2767=DIRECTION('',(0.,0.,1.));
#2768=DIRECTION('center_axis',(1.,0.,0.));
#2769=DIRECTION('ref_axis',(0.,1.,0.));
#2770=DIRECTION('center_axis',(-1.,0.,0.));
#2771=DIRECTION('ref_axis',(0.,-0.707106781186548,-0.707106781186548));
#2772=DIRECTION('',(-1.,0.,0.));
#2773=DIRECTION('center_axis',(1.,0.,0.));
#2774=DIRECTION('ref_axis',(0.,0.707106781186548,-0.707106781186547));
#2775=DIRECTION('center_axis',(-1.,8.00160738468581E-17,0.));
#2776=DIRECTION('ref_axis',(-8.00160738468581E-17,-1.,0.));
#2777=DIRECTION('center_axis',(0.,-1.,0.));
#2778=DIRECTION('ref_axis',(1.,0.,0.));
#2779=DIRECTION('center_axis',(-1.,0.,0.));
#2780=DIRECTION('ref_axis',(0.,0.,1.));
#2781=DIRECTION('',(0.,0.,-1.));
#2782=DIRECTION('center_axis',(0.,1.,0.));
#2783=DIRECTION('ref_axis',(0.,0.,-1.));
#2784=DIRECTION('center_axis',(-1.,0.,0.));
#2785=DIRECTION('ref_axis',(0.,0.,1.));
#2786=DIRECTION('center_axis',(0.,-1.,0.));
#2787=DIRECTION('ref_axis',(1.,0.,0.));
#2788=DIRECTION('',(0.,0.,1.));
#2789=DIRECTION('center_axis',(-1.,0.,0.));
#2790=DIRECTION('ref_axis',(0.,-1.,0.));
#2791=DIRECTION('center_axis',(-1.,0.,0.));
#2792=DIRECTION('ref_axis',(0.,-1.,0.));
#2793=DIRECTION('',(0.,0.,1.));
#2794=DIRECTION('center_axis',(0.,1.,0.));
#2795=DIRECTION('ref_axis',(-1.,0.,0.));
#2796=DIRECTION('',(0.,0.,1.));
#2797=DIRECTION('center_axis',(1.,3.26056688583012E-16,0.));
#2798=DIRECTION('ref_axis',(-3.26056688583012E-16,1.,0.));
#2799=DIRECTION('',(0.,0.,1.));
#2800=DIRECTION('center_axis',(-1.,0.,0.));
#2801=DIRECTION('ref_axis',(0.,-1.,0.));
#2802=DIRECTION('',(0.,0.,1.));
#2803=DIRECTION('center_axis',(0.,1.,0.));
#2804=DIRECTION('ref_axis',(-1.,0.,0.));
#2805=DIRECTION('center_axis',(-1.,0.,0.));
#2806=DIRECTION('ref_axis',(0.,-1.,0.));
#2807=DIRECTION('center_axis',(-1.,0.,0.));
#2808=DIRECTION('ref_axis',(0.,-1.,0.));
#2809=DIRECTION('center_axis',(0.,0.,1.));
#2810=DIRECTION('ref_axis',(-1.,0.,0.));
#2811=DIRECTION('center_axis',(0.,0.,1.));
#2812=DIRECTION('ref_axis',(-1.,0.,0.));
#2813=DIRECTION('center_axis',(0.,0.,1.));
#2814=DIRECTION('ref_axis',(-1.,0.,0.));
#2815=DIRECTION('center_axis',(0.,0.,-1.));
#2816=DIRECTION('ref_axis',(-1.,0.,0.));
#2817=DIRECTION('',(0.,0.,1.));
#2818=DIRECTION('center_axis',(1.,0.,0.));
#2819=DIRECTION('ref_axis',(0.,1.,0.));
#2820=DIRECTION('',(0.,1.,0.));
#2821=DIRECTION('',(0.,0.,1.));
#2822=DIRECTION('center_axis',(0.,0.,1.));
#2823=DIRECTION('ref_axis',(-1.,0.,0.));
#2824=DIRECTION('center_axis',(0.,0.,-1.));
#2825=DIRECTION('ref_axis',(-1.,0.,0.));
#2826=DIRECTION('center_axis',(0.,0.,1.));
#2827=DIRECTION('ref_axis',(-1.,0.,0.));
#2828=DIRECTION('center_axis',(-1.,0.,0.));
#2829=DIRECTION('ref_axis',(0.,-1.,0.));
#2830=DIRECTION('center_axis',(0.,-1.,0.));
#2831=DIRECTION('ref_axis',(1.,0.,0.));
#2832=DIRECTION('',(-1.,0.,0.));
#2833=DIRECTION('center_axis',(0.,0.,1.));
#2834=DIRECTION('ref_axis',(-1.,0.,0.));
#2835=DIRECTION('',(1.,0.,0.));
#2836=DIRECTION('center_axis',(0.,0.,1.));
#2837=DIRECTION('ref_axis',(-1.,0.,0.));
#2838=DIRECTION('center_axis',(-1.,0.,0.));
#2839=DIRECTION('ref_axis',(0.,-1.,0.));
#2840=DIRECTION('center_axis',(0.,1.,0.));
#2841=DIRECTION('ref_axis',(-1.,0.,0.));
#2842=DIRECTION('center_axis',(0.,0.,1.));
#2843=DIRECTION('ref_axis',(1.,0.,0.));
#2844=DIRECTION('center_axis',(0.,0.,-1.));
#2845=DIRECTION('ref_axis',(1.,0.,0.));
#2846=DIRECTION('center_axis',(1.031039213062E-16,-1.,0.));
#2847=DIRECTION('ref_axis',(-1.,-1.031039213062E-16,0.));
#2848=DIRECTION('center_axis',(0.,0.,1.));
#2849=DIRECTION('ref_axis',(1.,0.,0.));
#2850=DIRECTION('center_axis',(0.,0.,1.));
#2851=DIRECTION('ref_axis',(1.,0.,0.));
#2852=DIRECTION('',(0.,0.,-1.));
#2853=DIRECTION('center_axis',(0.,0.,1.));
#2854=DIRECTION('ref_axis',(1.,0.,0.));
#2855=DIRECTION('',(0.,1.,0.));
#2856=DIRECTION('',(-1.,0.,0.));
#2857=DIRECTION('',(0.,-1.,0.));
#2858=DIRECTION('',(1.,0.,0.));
#2859=DIRECTION('center_axis',(0.,1.,0.));
#2860=DIRECTION('ref_axis',(-1.,0.,0.));
#2861=DIRECTION('',(0.,0.,1.));
#2862=DIRECTION('',(-1.,0.,0.));
#2863=DIRECTION('',(0.,0.,1.));
#2864=DIRECTION('center_axis',(-1.,0.,0.));
#2865=DIRECTION('ref_axis',(0.,-1.,0.));
#2866=DIRECTION('',(0.,-1.,0.));
#2867=DIRECTION('',(0.,0.,1.));
#2868=DIRECTION('center_axis',(0.,-1.,0.));
#2869=DIRECTION('ref_axis',(1.,0.,0.));
#2870=DIRECTION('',(1.,0.,0.));
#2871=DIRECTION('',(0.,0.,1.));
#2872=DIRECTION('center_axis',(1.,0.,0.));
#2873=DIRECTION('ref_axis',(0.,1.,0.));
#2874=DIRECTION('',(0.,1.,0.));
#2875=DIRECTION('center_axis',(0.,0.,1.));
#2876=DIRECTION('ref_axis',(1.,0.,0.));
#2877=DIRECTION('center_axis',(0.,0.,1.));
#2878=DIRECTION('ref_axis',(1.,0.,0.));
#2879=DIRECTION('',(0.,1.,0.));
#2880=DIRECTION('',(-1.,0.,0.));
#2881=DIRECTION('',(0.,-1.,0.));
#2882=DIRECTION('',(1.,0.,0.));
#2883=DIRECTION('',(0.,-1.,0.));
#2884=DIRECTION('',(-1.,0.,0.));
#2885=DIRECTION('',(-8.57977607901976E-17,-1.,0.));
#2886=DIRECTION('',(1.,0.,0.));
#2887=DIRECTION('',(0.,-1.,0.));
#2888=DIRECTION('',(-1.,0.,0.));
#2889=DIRECTION('',(0.,-1.,0.));
#2890=DIRECTION('',(1.,0.,0.));
#2891=DIRECTION('center_axis',(1.,0.,0.));
#2892=DIRECTION('ref_axis',(0.,1.,0.));
#2893=DIRECTION('',(0.,0.,1.));
#2894=DIRECTION('',(0.,1.,0.));
#2895=DIRECTION('',(0.,0.,1.));
#2896=DIRECTION('',(0.,-1.,0.));
#2897=DIRECTION('',(0.,0.,1.));
#2898=DIRECTION('center_axis',(0.,1.,0.));
#2899=DIRECTION('ref_axis',(-1.,0.,0.));
#2900=DIRECTION('',(0.,0.,1.));
#2901=DIRECTION('',(-1.,0.,0.));
#2902=DIRECTION('center_axis',(1.,0.,0.));
#2903=DIRECTION('ref_axis',(0.,1.,0.));
#2904=DIRECTION('',(0.,0.,1.));
#2905=DIRECTION('',(0.,-1.,0.));
#2906=DIRECTION('',(0.,0.,1.));
#2907=DIRECTION('',(0.,1.,0.));
#2908=DIRECTION('center_axis',(0.,-1.,0.));
#2909=DIRECTION('ref_axis',(1.,0.,0.));
#2910=DIRECTION('',(1.,0.,0.));
#2911=DIRECTION('center_axis',(-1.,0.,0.));
#2912=DIRECTION('ref_axis',(0.,-1.,0.));
#2913=DIRECTION('',(0.,-1.,0.));
#2914=DIRECTION('center_axis',(0.,0.,1.));
#2915=DIRECTION('ref_axis',(-1.,0.,0.));
#2916=DIRECTION('',(-1.,0.,0.));
#2917=DIRECTION('',(0.,1.,0.));
#2918=DIRECTION('',(-1.,0.,0.));
#2919=DIRECTION('',(0.,1.,0.));
#2920=DIRECTION('',(-1.,0.,0.));
#2921=DIRECTION('',(8.57977607901976E-17,1.,0.));
#2922=DIRECTION('',(-1.,0.,0.));
#2923=DIRECTION('',(1.,0.,0.));
#2924=DIRECTION('center_axis',(0.,0.,1.));
#2925=DIRECTION('ref_axis',(0.,1.,0.));
#2926=DIRECTION('',(1.,0.,0.));
#2927=DIRECTION('',(0.,1.,0.));
#2928=DIRECTION('',(-1.,0.,0.));
#2929=DIRECTION('',(0.,1.,0.));
#2930=DIRECTION('center_axis',(0.,1.,0.));
#2931=DIRECTION('ref_axis',(0.,0.,-1.));
#2932=DIRECTION('',(0.,0.,-1.));
#2933=DIRECTION('',(0.,0.,-1.));
#2934=DIRECTION('center_axis',(1.,0.,0.));
#2935=DIRECTION('ref_axis',(0.,1.,0.));
#2936=DIRECTION('',(0.,0.,1.));
#2937=DIRECTION('',(0.,0.,1.));
#2938=DIRECTION('center_axis',(0.,-1.,0.));
#2939=DIRECTION('ref_axis',(1.,0.,0.));
#2940=DIRECTION('',(0.,0.,1.));
#2941=DIRECTION('center_axis',(0.,0.,1.));
#2942=DIRECTION('ref_axis',(0.,1.,0.));
#2943=DIRECTION('',(-1.,0.,0.));
#2944=DIRECTION('center_axis',(0.,-1.,0.));
#2945=DIRECTION('ref_axis',(0.,0.,1.));
#2946=DIRECTION('center_axis',(0.,-1.,0.));
#2947=DIRECTION('ref_axis',(1.,0.,0.));
#2948=DIRECTION('',(0.,0.,1.));
#2949=DIRECTION('center_axis',(0.,1.,0.));
#2950=DIRECTION('ref_axis',(-1.,0.,0.));
#2951=DIRECTION('',(0.,0.,1.));
#2952=DIRECTION('center_axis',(1.,0.,0.));
#2953=DIRECTION('ref_axis',(0.,1.,0.));
#2954=DIRECTION('center_axis',(0.,1.,0.));
#2955=DIRECTION('ref_axis',(-1.,0.,0.));
#2956=DIRECTION('',(0.,0.,1.));
#2957=DIRECTION('center_axis',(1.,-8.57977607901976E-17,0.));
#2958=DIRECTION('ref_axis',(8.57977607901976E-17,1.,0.));
#2959=CARTESIAN_POINT('',(0.,0.,0.));
#2960=CARTESIAN_POINT('Origin',(16.6775,-2.99,2.855));
#2961=CARTESIAN_POINT('',(-4.578,-2.99,5.555));
#2962=CARTESIAN_POINT('',(0.124004279132512,-2.99,5.555));
#2963=CARTESIAN_POINT('',(-4.278,-2.99,5.555));
#2964=CARTESIAN_POINT('',(-4.578,-2.99,8.315));
#2965=CARTESIAN_POINT('',(-4.578,-2.99,2.855));
#2966=CARTESIAN_POINT('',(16.6775,-2.99,8.315));
#2967=CARTESIAN_POINT('',(11.43875,-2.99,8.315));
#2968=CARTESIAN_POINT('',(16.6775,-2.99,5.305));
#2969=CARTESIAN_POINT('',(16.6775,-2.99,2.855));
#2970=CARTESIAN_POINT('',(9.7425,-2.99000012776814,5.305));
#2971=CARTESIAN_POINT('',(16.6775,-2.99,5.305));
#2972=CARTESIAN_POINT('',(9.7425,-2.99000012776814,2.855));
#2973=CARTESIAN_POINT('',(9.7425,-2.99000012776814,2.855));
#2974=CARTESIAN_POINT('',(0.588073058208971,-2.99,2.855));
#2975=CARTESIAN_POINT('',(11.43875,-2.99,2.855));
#2976=CARTESIAN_POINT('',(0.124004279132512,-2.99,2.855));
#2977=CARTESIAN_POINT('',(14.94375,-2.99,2.855));
#2978=CARTESIAN_POINT('',(0.124004279132512,-2.99,2.855));
#2979=CARTESIAN_POINT('Origin',(6.20000000000001,6.2,8.315));
#2980=CARTESIAN_POINT('',(16.6775,-0.269999999999999,8.315));
#2981=CARTESIAN_POINT('',(16.6775,-0.269999999999999,8.315));
#2982=CARTESIAN_POINT('',(-4.578,3.71779533478803,8.315));
#2983=CARTESIAN_POINT('',(-4.578,1.705,8.315));
#2984=CARTESIAN_POINT('',(-4.278,3.71779533478803,8.315));
#2985=CARTESIAN_POINT('',(0.961000000000005,3.71779533478804,8.315));
#2986=CARTESIAN_POINT('',(-4.278,8.68220466521196,8.315));
#2987=CARTESIAN_POINT('Origin',(6.20000000000001,6.2,8.315));
#2988=CARTESIAN_POINT('',(-4.578,8.68220466521196,8.315));
#2989=CARTESIAN_POINT('',(0.961000000000005,8.68220466521196,8.315));
#2990=CARTESIAN_POINT('',(-4.578,15.39,8.315));
#2991=CARTESIAN_POINT('',(-4.578,10.695,8.315));
#2992=CARTESIAN_POINT('',(16.6775,15.39,8.315));
#2993=CARTESIAN_POINT('',(0.961000000000004,15.39,8.315));
#2994=CARTESIAN_POINT('',(16.6775,12.67,8.315));
#2995=CARTESIAN_POINT('',(16.6775,10.645,8.315));
#2996=CARTESIAN_POINT('',(19.21,12.67,8.315));
#2997=CARTESIAN_POINT('',(16.6775,12.67,8.315));
#2998=CARTESIAN_POINT('',(19.21,16.075,8.315));
#2999=CARTESIAN_POINT('',(19.21,12.67,8.315));
#3000=CARTESIAN_POINT('',(-6.80999999999999,16.075,8.315));
#3001=CARTESIAN_POINT('',(19.21,16.075,8.315));
#3002=CARTESIAN_POINT('',(-6.80999999999999,12.67,8.315));
#3003=CARTESIAN_POINT('',(-6.80999999999999,16.075,8.315));
#3004=CARTESIAN_POINT('',(-6.80999999999999,-0.269999999999999,8.315));
#3005=CARTESIAN_POINT('',(-6.80999999999999,16.075,8.315));
#3006=CARTESIAN_POINT('',(-6.80999999999999,-3.675,8.315));
#3007=CARTESIAN_POINT('',(-6.80999999999999,16.075,8.315));
#3008=CARTESIAN_POINT('',(19.21,-3.675,8.315));
#3009=CARTESIAN_POINT('',(-6.80999999999999,-3.675,8.315));
#3010=CARTESIAN_POINT('',(19.21,-0.27,8.315));
#3011=CARTESIAN_POINT('',(19.21,-3.675,8.315));
#3012=CARTESIAN_POINT('',(23.21,-0.270000000000001,8.315));
#3013=CARTESIAN_POINT('Origin',(-4.278,15.39,2.855));
#3014=CARTESIAN_POINT('',(16.6775,15.39,5.755));
#3015=CARTESIAN_POINT('',(9.7425,15.39,5.755));
#3016=CARTESIAN_POINT('',(-0.857999999999999,15.39,5.755));
#3017=CARTESIAN_POINT('',(16.6775,15.39,2.855));
#3018=CARTESIAN_POINT('',(-4.578,15.39,5.555));
#3019=CARTESIAN_POINT('',(-4.578,15.39,2.855));
#3020=CARTESIAN_POINT('',(0.124004279132512,15.39,5.555));
#3021=CARTESIAN_POINT('',(-4.278,15.39,5.555));
#3022=CARTESIAN_POINT('',(0.124004279132512,15.39,2.855));
#3023=CARTESIAN_POINT('',(0.124004279132512,15.39,2.855));
#3024=CARTESIAN_POINT('',(0.58807305820897,15.39,2.855));
#3025=CARTESIAN_POINT('',(4.466,15.39,2.855));
#3026=CARTESIAN_POINT('',(9.7425,15.39,2.855));
#3027=CARTESIAN_POINT('',(4.466,15.39,2.855));
#3028=CARTESIAN_POINT('',(9.7425,15.39,2.855));
#3029=CARTESIAN_POINT('Origin',(13.21,12.88,2.855));
#3030=CARTESIAN_POINT('',(15.9963730022902,1.73,2.855));
#3031=CARTESIAN_POINT('Origin',(6.2,6.2,2.855));
#3032=CARTESIAN_POINT('',(18.1085,1.73,2.855));
#3033=CARTESIAN_POINT('',(12.4,1.73,2.855));
#3034=CARTESIAN_POINT('',(20.1085,-0.27,2.855));
#3035=CARTESIAN_POINT('Origin',(20.1085,1.73,2.855));
#3036=CARTESIAN_POINT('',(20.71,-0.27,2.855));
#3037=CARTESIAN_POINT('',(23.21,-0.270000000000001,2.855));
#3038=CARTESIAN_POINT('',(20.71,-4.67500000000014,2.855));
#3039=CARTESIAN_POINT('Ctrl Pts',(20.71,-4.67500000000044,2.855));
#3040=CARTESIAN_POINT('Ctrl Pts',(20.71,-3.20421264937816,2.855));
#3041=CARTESIAN_POINT('Ctrl Pts',(20.71,-1.73833555554008,2.855));
#3042=CARTESIAN_POINT('Ctrl Pts',(20.71,-0.269999999999999,2.855));
#3043=CARTESIAN_POINT('',(-8.31,-4.675,2.855));
#3044=CARTESIAN_POINT('',(1.2,-4.675,2.855));
#3045=CARTESIAN_POINT('',(-8.31,17.0749999999468,2.855));
#3046=CARTESIAN_POINT('Ctrl Pts',(-8.31,17.0749999999468,2.855));
#3047=CARTESIAN_POINT('Ctrl Pts',(-8.31,9.81557047545842,2.855));
#3048=CARTESIAN_POINT('Ctrl Pts',(-8.31,2.58442952456587,2.855));
#3049=CARTESIAN_POINT('Ctrl Pts',(-8.31,-4.675,2.855));
#3050=CARTESIAN_POINT('',(20.71,17.0750000000001,2.855));
#3051=CARTESIAN_POINT('',(18.21,17.075,2.855));
#3052=CARTESIAN_POINT('',(20.71,12.67,2.855));
#3053=CARTESIAN_POINT('Ctrl Pts',(20.71,12.67,2.855));
#3054=CARTESIAN_POINT('Ctrl Pts',(20.71,14.1383357282515,2.855));
#3055=CARTESIAN_POINT('Ctrl Pts',(20.71,15.6042126493901,2.855));
#3056=CARTESIAN_POINT('Ctrl Pts',(20.71,17.0750000000004,2.855));
#3057=CARTESIAN_POINT('',(20.1085,12.67,2.855));
#3058=CARTESIAN_POINT('',(16.6775,12.67,2.855));
#3059=CARTESIAN_POINT('',(18.1085,10.67,2.855));
#3060=CARTESIAN_POINT('Origin',(20.1085,10.67,2.855));
#3061=CARTESIAN_POINT('',(15.9963730022902,10.67,2.855));
#3062=CARTESIAN_POINT('',(16.6775,10.67,2.855));
#3063=CARTESIAN_POINT('Origin',(6.2,6.2,2.855));
#3064=CARTESIAN_POINT('',(0.124004279132512,15.09,2.855));
#3065=CARTESIAN_POINT('',(0.124004279132512,13.985,2.855));
#3066=CARTESIAN_POINT('',(-0.857999999999999,14.3323096350299,2.855));
#3067=CARTESIAN_POINT('Origin',(6.2,6.2,2.855));
#3068=CARTESIAN_POINT('',(-4.568,6.2,2.855));
#3069=CARTESIAN_POINT('Origin',(6.2,6.2,2.855));
#3070=CARTESIAN_POINT('',(-0.857999999999999,-1.93230963502989,2.855));
#3071=CARTESIAN_POINT('Origin',(6.2,6.2,2.855));
#3072=CARTESIAN_POINT('',(0.124004279132512,-2.69,2.855));
#3073=CARTESIAN_POINT('Origin',(6.2,6.2,2.855));
#3074=CARTESIAN_POINT('',(0.124004279132512,5.095,2.855));
#3075=CARTESIAN_POINT('Origin',(-4.278,3.71779533478804,8.315));
#3076=CARTESIAN_POINT('',(-4.278,3.71779533478804,5.555));
#3077=CARTESIAN_POINT('',(-4.278,3.71779533478804,2.855));
#3078=CARTESIAN_POINT('',(-4.578,3.71779533478804,5.555));
#3079=CARTESIAN_POINT('',(-4.578,3.71779533478804,2.855));
#3080=CARTESIAN_POINT('',(-4.278,3.71779533478804,5.555));
#3081=CARTESIAN_POINT('Origin',(-4.578,-2.69,2.855));
#3082=CARTESIAN_POINT('',(-4.578,-2.79,5.555));
#3083=CARTESIAN_POINT('Origin',(-4.278,8.68220466521196,5.555));
#3084=CARTESIAN_POINT('',(-4.278,8.68220466521196,5.555));
#3085=CARTESIAN_POINT('',(-4.278,8.68220466521196,2.855));
#3086=CARTESIAN_POINT('',(-4.578,8.68220466521196,5.555));
#3087=CARTESIAN_POINT('',(-4.278,8.68220466521196,5.555));
#3088=CARTESIAN_POINT('',(-4.578,8.68220466521196,2.855));
#3089=CARTESIAN_POINT('Origin',(-4.578,8.68220466521196,2.855));
#3090=CARTESIAN_POINT('',(-4.578,15.09,5.555));
#3091=CARTESIAN_POINT('Origin',(6.2,6.2,7.215));
#3092=CARTESIAN_POINT('',(20.61,16.725,7.215));
#3093=CARTESIAN_POINT('',(23.21,16.725,7.215));
#3094=CARTESIAN_POINT('',(14.705,16.725,7.215));
#3095=CARTESIAN_POINT('',(20.61,12.67,7.215));
#3096=CARTESIAN_POINT('',(20.61,9.435,7.215));
#3097=CARTESIAN_POINT('',(23.21,12.67,7.215));
#3098=CARTESIAN_POINT('',(11.43875,12.67,7.215));
#3099=CARTESIAN_POINT('',(23.21,9.435,7.215));
#3100=CARTESIAN_POINT('Origin',(23.21,16.725,6.565));
#3101=CARTESIAN_POINT('',(20.61,16.725,8.065));
#3102=CARTESIAN_POINT('',(20.61,16.725,6.94));
#3103=CARTESIAN_POINT('',(23.21,16.725,6.465));
#3104=CARTESIAN_POINT('',(23.21,16.725,4.71));
#3105=CARTESIAN_POINT('',(-8.31,16.725,6.465));
#3106=CARTESIAN_POINT('',(23.21,16.725,6.465));
#3107=CARTESIAN_POINT('',(-8.31,16.725,7.315));
#3108=CARTESIAN_POINT('',(-8.31,16.725,6.565));
#3109=CARTESIAN_POINT('',(-8.31,16.725,8.065));
#3110=CARTESIAN_POINT('',(-8.30999999999999,16.725,6.94));
#3111=CARTESIAN_POINT('',(23.21,16.725,8.065));
#3112=CARTESIAN_POINT('Origin',(6.2,6.2,7.215));
#3113=CARTESIAN_POINT('',(23.21,-4.325,7.215));
#3114=CARTESIAN_POINT('',(20.61,-4.325,7.215));
#3115=CARTESIAN_POINT('',(14.705,-4.325,7.215));
#3116=CARTESIAN_POINT('',(23.21,-0.270000000000001,7.215));
#3117=CARTESIAN_POINT('',(23.21,-0.7375,7.215));
#3118=CARTESIAN_POINT('',(20.61,-0.27,7.215));
#3119=CARTESIAN_POINT('',(14.705,-0.269999999999999,7.215));
#3120=CARTESIAN_POINT('',(20.61,0.512500000000001,7.215));
#3121=CARTESIAN_POINT('Origin',(23.21,-7.675,2.855));
#3122=CARTESIAN_POINT('',(23.21,-4.325,6.465));
#3123=CARTESIAN_POINT('',(23.21,-4.325,4.71));
#3124=CARTESIAN_POINT('',(23.21,-5.175,6.465));
#3125=CARTESIAN_POINT('',(23.21,-6.05,6.465));
#3126=CARTESIAN_POINT('',(23.21,-5.17499999999997,5.85500000000004));
#3127=CARTESIAN_POINT('Ctrl Pts',(23.21,-5.17499999999997,5.85500000000004));
#3128=CARTESIAN_POINT('Ctrl Pts',(23.21,-5.17499999999997,6.05836826514383));
#3129=CARTESIAN_POINT('Ctrl Pts',(23.21,-5.17499999999997,6.26169080198131));
#3130=CARTESIAN_POINT('Ctrl Pts',(23.21,-5.17499999999998,6.46499999999989));
#3131=CARTESIAN_POINT('',(23.21,-4.67500000000014,5.355));
#3132=CARTESIAN_POINT('Ctrl Pts',(23.21,-4.67500000000014,5.355));
#3133=CARTESIAN_POINT('Ctrl Pts',(23.21,-4.69371972266812,5.355));
#3134=CARTESIAN_POINT('Ctrl Pts',(23.21,-4.73111781453533,5.35710847453068));
#3135=CARTESIAN_POINT('Ctrl Pts',(23.21,-4.80492197844457,5.36963744137507));
#3136=CARTESIAN_POINT('Ctrl Pts',(23.21,-4.89379570057502,5.40072492804622));
#3137=CARTESIAN_POINT('Ctrl Pts',(23.21,-4.96547552818531,5.44578142555844));
#3138=CARTESIAN_POINT('Ctrl Pts',(23.21,-5.02265478203675,5.49406914276337));
#3139=CARTESIAN_POINT('Ctrl Pts',(23.21,-5.07422464334315,5.5486069074688));
#3140=CARTESIAN_POINT('Ctrl Pts',(23.21,-5.12929498231486,5.6362632019728));
#3141=CARTESIAN_POINT('Ctrl Pts',(23.21,-5.16036772791714,5.72508580885931));
#3142=CARTESIAN_POINT('Ctrl Pts',(23.21,-5.17290104825335,5.79894062576669));
#3143=CARTESIAN_POINT('Ctrl Pts',(23.21,-5.17499987065684,5.83630579006938));
#3144=CARTESIAN_POINT('Ctrl Pts',(23.21,-5.17499999998803,5.85499654803853));
#3145=CARTESIAN_POINT('',(23.21,-0.270000000000001,5.355));
#3146=CARTESIAN_POINT('Ctrl Pts',(23.21,-0.269999999999999,5.355));
#3147=CARTESIAN_POINT('Ctrl Pts',(23.21,-1.73833555554008,5.355));
#3148=CARTESIAN_POINT('Ctrl Pts',(23.21,-3.20421264937816,5.355));
#3149=CARTESIAN_POINT('Ctrl Pts',(23.21,-4.67500000000044,5.355));
#3150=CARTESIAN_POINT('',(23.21,-0.270000000000001,2.855));
#3151=CARTESIAN_POINT('Origin',(23.21,-4.325,8.065));
#3152=CARTESIAN_POINT('',(20.61,-4.325,8.065));
#3153=CARTESIAN_POINT('',(20.61,-4.325,7.69));
#3154=CARTESIAN_POINT('',(-8.31,-4.325,8.065));
#3155=CARTESIAN_POINT('',(23.21,-4.325,8.065));
#3156=CARTESIAN_POINT('',(-8.30999999999999,-4.325,7.315));
#3157=CARTESIAN_POINT('',(-8.30999999999999,-4.325,7.69));
#3158=CARTESIAN_POINT('',(-8.31,-4.325,6.465));
#3159=CARTESIAN_POINT('',(-8.30999999999999,-4.325,7.69));
#3160=CARTESIAN_POINT('',(23.21,-4.325,6.465));
#3161=CARTESIAN_POINT('Origin',(20.61,-5.175,7.315));
#3162=CARTESIAN_POINT('',(20.61,-4.875,8.065));
#3163=CARTESIAN_POINT('',(20.61,-4.875,11.815));
#3164=CARTESIAN_POINT('',(20.61,-4.875,8.6275));
#3165=CARTESIAN_POINT('',(20.61,-5.55,8.065));
#3166=CARTESIAN_POINT('',(20.61,-0.27,11.815));
#3167=CARTESIAN_POINT('',(20.61,-0.270000000000001,5.085));
#3168=CARTESIAN_POINT('',(20.61,-3.94875,11.815));
#3169=CARTESIAN_POINT('Origin',(23.21,-5.925,8.065));
#3170=CARTESIAN_POINT('',(-7.00854034002037,-4.875,8.065));
#3171=CARTESIAN_POINT('',(8.20072982998982,-4.875,8.065));
#3172=CARTESIAN_POINT('',(-7.00854034002037,-5.075,8.065));
#3173=CARTESIAN_POINT('',(-7.00854034002037,-5.5,8.065));
#3174=CARTESIAN_POINT('',(-8.31,-5.075,8.065));
#3175=CARTESIAN_POINT('',(7.45000000000001,-5.075,8.065));
#3176=CARTESIAN_POINT('',(-8.30999999999999,-2.3475,8.065));
#3177=CARTESIAN_POINT('Origin',(6.95072982998982,-4.875,9.94));
#3178=CARTESIAN_POINT('',(-7.00854034002037,-4.875,11.815));
#3179=CARTESIAN_POINT('',(-0.304270170010179,-4.875,11.815));
#3180=CARTESIAN_POINT('',(-7.00854034002037,-4.875,11.815));
#3181=CARTESIAN_POINT('Origin',(20.61,12.67,7.315));
#3182=CARTESIAN_POINT('',(20.61,17.275,11.815));
#3183=CARTESIAN_POINT('',(20.61,17.275,8.065));
#3184=CARTESIAN_POINT('',(20.61,17.275,8.6275));
#3185=CARTESIAN_POINT('',(20.61,12.67,11.815));
#3186=CARTESIAN_POINT('',(20.61,13.89625,11.815));
#3187=CARTESIAN_POINT('',(20.61,12.67,5.085));
#3188=CARTESIAN_POINT('',(20.61,14.7475,8.065));
#3189=CARTESIAN_POINT('Origin',(16.6775,12.67,2.855));
#3190=CARTESIAN_POINT('',(19.21,12.67,11.815));
#3191=CARTESIAN_POINT('',(11.43875,12.67,11.815));
#3192=CARTESIAN_POINT('',(19.21,12.67,7.315));
#3193=CARTESIAN_POINT('',(16.6775,12.67,5.755));
#3194=CARTESIAN_POINT('',(16.6775,12.67,2.855));
#3195=CARTESIAN_POINT('',(20.1085,12.67,5.755));
#3196=CARTESIAN_POINT('',(16.6775,12.67,5.755));
#3197=CARTESIAN_POINT('',(20.1085,12.67,2.855));
#3198=CARTESIAN_POINT('',(23.21,12.67,5.355));
#3199=CARTESIAN_POINT('Ctrl Pts',(23.21,12.67,5.355));
#3200=CARTESIAN_POINT('Ctrl Pts',(23.21,12.67,5.33816412425746));
#3201=CARTESIAN_POINT('Ctrl Pts',(23.1937304758951,12.67,5.30284452123295));
#3202=CARTESIAN_POINT('Ctrl Pts',(23.144130226678,12.67,5.23304519223761));
#3203=CARTESIAN_POINT('Ctrl Pts',(23.094529977461,12.67,5.16324586324226));
#3204=CARTESIAN_POINT('Ctrl Pts',(23.0115990031318,12.67,5.05896680827609));
#3205=CARTESIAN_POINT('Ctrl Pts',(22.8816304352525,12.67,4.91027348198946));
#3206=CARTESIAN_POINT('Ctrl Pts',(22.7516618673731,12.67,4.76158015570282));
#3207=CARTESIAN_POINT('Ctrl Pts',(22.5746557059436,12.67,4.56847255809572));
#3208=CARTESIAN_POINT('Ctrl Pts',(22.3684656164711,12.67,4.35427405857027));
#3209=CARTESIAN_POINT('Ctrl Pts',(22.1622755269986,12.67,4.14007555904482));
#3210=CARTESIAN_POINT('Ctrl Pts',(21.9269015094832,12.67,3.90478615760102));
#3211=CARTESIAN_POINT('Ctrl Pts',(21.7123732657821,12.67,3.69825716491299));
#3212=CARTESIAN_POINT('Ctrl Pts',(21.4978450220811,12.67,3.49172817222496));
#3213=CARTESIAN_POINT('Ctrl Pts',(21.3041625521945,12.67,3.3139595882927));
#3214=CARTESIAN_POINT('Ctrl Pts',(21.1551620950548,12.67,3.18369854714857));
#3215=CARTESIAN_POINT('Ctrl Pts',(21.0806618664849,12.67,3.1185680265765));
#3216=CARTESIAN_POINT('Ctrl Pts',(21.0173321411018,12.67,3.06531439170147));
#3217=CARTESIAN_POINT('Ctrl Pts',(20.9640792751058,12.67,3.02221457260292));
#3218=CARTESIAN_POINT('Ctrl Pts',(20.8043206771178,12.67,2.89291511530728));
#3219=CARTESIAN_POINT('Ctrl Pts',(20.7352538136138,12.67,2.855));
#3220=CARTESIAN_POINT('Ctrl Pts',(20.71,12.67,2.855));
#3221=CARTESIAN_POINT('',(23.21,12.67,2.855));
#3222=CARTESIAN_POINT('Origin',(6.20000000000001,15.1225,11.815));
#3223=CARTESIAN_POINT('',(-6.89904849542641,17.275,11.815));
#3224=CARTESIAN_POINT('',(-0.2995242477132,17.275,11.815));
#3225=CARTESIAN_POINT('',(-6.89904849542641,17.475,11.815));
#3226=CARTESIAN_POINT('',(-6.89904849542641,16.29875,11.815));
#3227=CARTESIAN_POINT('',(-8.30999999999999,17.475,11.815));
#3228=CARTESIAN_POINT('',(13.455,17.475,11.815));
#3229=CARTESIAN_POINT('',(-8.30999999999999,12.67,11.815));
#3230=CARTESIAN_POINT('',(-8.30999999999999,16.34875,11.815));
#3231=CARTESIAN_POINT('',(-6.80999999999999,12.67,11.815));
#3232=CARTESIAN_POINT('',(-1.05499999999999,12.67,11.815));
#3233=CARTESIAN_POINT('',(-6.80999999999999,16.075,11.815));
#3234=CARTESIAN_POINT('',(-6.80999999999999,13.89625,11.815));
#3235=CARTESIAN_POINT('',(19.21,16.075,11.815));
#3236=CARTESIAN_POINT('',(-0.304999999999991,16.075,11.815));
#3237=CARTESIAN_POINT('',(19.21,15.59875,11.815));
#3238=CARTESIAN_POINT('Origin',(6.9554757522868,17.275,9.94));
#3239=CARTESIAN_POINT('',(-6.89904849542641,17.275,8.065));
#3240=CARTESIAN_POINT('',(8.2054757522868,17.275,8.065));
#3241=CARTESIAN_POINT('',(-6.89904849542641,17.275,11.815));
#3242=CARTESIAN_POINT('Origin',(-7.00854034002037,-5.075,8.065));
#3243=CARTESIAN_POINT('',(-7.00854034002037,-5.075,11.815));
#3244=CARTESIAN_POINT('',(-7.00854034002037,-5.075,7.69));
#3245=CARTESIAN_POINT('',(-7.00854034002037,-3.89875,11.815));
#3246=CARTESIAN_POINT('Origin',(6.20000000000001,-2.7225,11.815));
#3247=CARTESIAN_POINT('',(19.21,-0.27,11.815));
#3248=CARTESIAN_POINT('',(14.705,-0.269999999999998,11.815));
#3249=CARTESIAN_POINT('',(19.21,-3.675,11.815));
#3250=CARTESIAN_POINT('',(19.21,-1.49625,11.815));
#3251=CARTESIAN_POINT('',(-6.80999999999999,-3.675,11.815));
#3252=CARTESIAN_POINT('',(12.705,-3.675,11.815));
#3253=CARTESIAN_POINT('',(-6.80999999999999,-0.27,11.815));
#3254=CARTESIAN_POINT('',(-6.80999999999999,-3.19875,11.815));
#3255=CARTESIAN_POINT('',(-8.30999999999999,-0.27,11.815));
#3256=CARTESIAN_POINT('',(-0.304999999999991,-0.27,11.815));
#3257=CARTESIAN_POINT('',(-8.30999999999999,-5.075,11.815));
#3258=CARTESIAN_POINT('',(-8.30999999999999,-1.49625,11.815));
#3259=CARTESIAN_POINT('',(-1.05499999999999,-5.075,11.815));
#3260=CARTESIAN_POINT('Origin',(-6.89904849542641,17.475,11.815));
#3261=CARTESIAN_POINT('',(-6.89904849542641,17.475,8.065));
#3262=CARTESIAN_POINT('',(-6.89904849542641,17.475,9.565));
#3263=CARTESIAN_POINT('',(-6.89904849542641,17.15,8.065));
#3264=CARTESIAN_POINT('Origin',(23.21,16.825,8.065));
#3265=CARTESIAN_POINT('',(-8.30999999999999,17.475,8.065));
#3266=CARTESIAN_POINT('',(-8.30999999999999,17.2,8.065));
#3267=CARTESIAN_POINT('',(21.96,17.475,8.065));
#3268=CARTESIAN_POINT('Origin',(-6.80999999999999,18.325,7.315));
#3269=CARTESIAN_POINT('',(-6.80999999999999,18.325,7.315));
#3270=CARTESIAN_POINT('',(-6.80999999999999,20.075,7.315));
#3271=CARTESIAN_POINT('',(-6.80999999999999,12.2625,7.315));
#3272=CARTESIAN_POINT('',(-6.80999999999999,18.325,7.115));
#3273=CARTESIAN_POINT('',(-6.80999999999999,18.325,7.69));
#3274=CARTESIAN_POINT('',(-6.80999999999999,20.075,7.115));
#3275=CARTESIAN_POINT('',(-6.80999999999999,18.325,7.115));
#3276=CARTESIAN_POINT('',(-6.80999999999999,20.075,5.085));
#3277=CARTESIAN_POINT('Origin',(7.89778626032491,19.2,7.115));
#3278=CARTESIAN_POINT('',(20.71,20.075,7.115));
#3279=CARTESIAN_POINT('',(15.5538931301625,20.075,7.115));
#3280=CARTESIAN_POINT('',(22.6054608848773,18.325,7.115));
#3281=CARTESIAN_POINT('',(15.5538931301625,18.325,7.115));
#3282=CARTESIAN_POINT('Ctrl Pts',(20.71,20.075,7.115));
#3283=CARTESIAN_POINT('Ctrl Pts',(20.7268358757425,20.075,7.115));
#3284=CARTESIAN_POINT('Ctrl Pts',(20.7621534059266,20.0587336061985,7.115));
#3285=CARTESIAN_POINT('Ctrl Pts',(20.8319515547168,20.00913521066,7.115));
#3286=CARTESIAN_POINT('Ctrl Pts',(20.9017497035069,19.9595368151215,7.115));
#3287=CARTESIAN_POINT('Ctrl Pts',(21.0060284709031,19.8766064178459,7.115));
#3288=CARTESIAN_POINT('Ctrl Pts',(21.1547212047433,19.7466386781167,7.115));
#3289=CARTESIAN_POINT('Ctrl Pts',(21.3034139385835,19.6166709383875,7.115));
#3290=CARTESIAN_POINT('Ctrl Pts',(21.4965206388677,19.4396658562047,7.115));
#3291=CARTESIAN_POINT('Ctrl Pts',(21.7107181493669,19.2334769787203,7.115));
#3292=CARTESIAN_POINT('Ctrl Pts',(21.9249156598661,19.0272881012359,7.115));
#3293=CARTESIAN_POINT('Ctrl Pts',(22.1602039805803,18.79191542845,7.115));
#3294=CARTESIAN_POINT('Ctrl Pts',(22.3667332600992,18.5773868620109,7.115));
#3295=CARTESIAN_POINT('Ctrl Pts',(22.4511526182498,18.489697775379,7.115));
#3296=CARTESIAN_POINT('Ctrl Pts',(22.5307669560141,18.4054912928872,7.115));
#3297=CARTESIAN_POINT('Ctrl Pts',(22.6042957858851,18.3263955077718,7.115));
#3298=CARTESIAN_POINT('Origin',(-6.80494565942538,-7.675,7.315));
#3299=CARTESIAN_POINT('',(-6.80494565942538,-7.675,7.315));
#3300=CARTESIAN_POINT('',(-6.80494565942538,-5.925,7.315));
#3301=CARTESIAN_POINT('',(-6.80494565942539,-0.737499999999999,7.315));
#3302=CARTESIAN_POINT('',(-6.80494565942539,-7.675,7.115));
#3303=CARTESIAN_POINT('',(-6.80494565942539,-7.675,5.085));
#3304=CARTESIAN_POINT('',(-6.80494565942539,-5.925,7.115));
#3305=CARTESIAN_POINT('',(-6.80494565942538,-7.675,7.115));
#3306=CARTESIAN_POINT('',(-6.80494565942539,-5.925,6.94));
#3307=CARTESIAN_POINT('Origin',(7.90031343061221,-6.8,7.115));
#3308=CARTESIAN_POINT('',(22.6054608848773,-5.925,7.115));
#3309=CARTESIAN_POINT('',(15.5551567153061,-5.925,7.115));
#3310=CARTESIAN_POINT('',(20.71,-7.675,7.115));
#3311=CARTESIAN_POINT('',(-1.4548432846939,-7.675,7.115));
#3312=CARTESIAN_POINT('Ctrl Pts',(22.6054608848773,-5.925,7.115));
#3313=CARTESIAN_POINT('Ctrl Pts',(22.1110440736421,-6.45679711870112,7.115));
#3314=CARTESIAN_POINT('Ctrl Pts',(21.4333025538956,-7.11761414768033,7.115));
#3315=CARTESIAN_POINT('Ctrl Pts',(20.9478172465862,-7.52175388965125,7.115));
#3316=CARTESIAN_POINT('Ctrl Pts',(20.8329267518068,-7.6146389806099,7.115));
#3317=CARTESIAN_POINT('Ctrl Pts',(20.7482926392147,-7.66232752741755,7.115));
#3318=CARTESIAN_POINT('Ctrl Pts',(20.7338647488364,-7.6695937175247,7.115));
#3319=CARTESIAN_POINT('Ctrl Pts',(20.7179242249601,-7.67416089724879,7.115));
#3320=CARTESIAN_POINT('Ctrl Pts',(20.7137434278789,-7.675,7.115));
#3321=CARTESIAN_POINT('Ctrl Pts',(20.71,-7.675,7.115));
#3322=CARTESIAN_POINT('Origin',(23.21,20.075,2.855));
#3323=CARTESIAN_POINT('',(20.71,20.075,5.85500000000022));
#3324=CARTESIAN_POINT('Ctrl Pts',(20.71,20.075,5.85500000000022));
#3325=CARTESIAN_POINT('Ctrl Pts',(20.71,20.075,6.27509996189616));
#3326=CARTESIAN_POINT('Ctrl Pts',(20.71,20.075,6.69500479301135));
#3327=CARTESIAN_POINT('Ctrl Pts',(20.71,20.075,7.115));
#3328=CARTESIAN_POINT('',(-8.31,20.075,5.85500000000022));
#3329=CARTESIAN_POINT('',(18.21,20.075,5.855));
#3330=CARTESIAN_POINT('',(-8.31,20.075,7.315));
#3331=CARTESIAN_POINT('Ctrl Pts',(-8.31,20.075,7.315));
#3332=CARTESIAN_POINT('Ctrl Pts',(-8.31,20.075,6.82834758041363));
#3333=CARTESIAN_POINT('Ctrl Pts',(-8.31,20.075,6.34172511112394));
#3334=CARTESIAN_POINT('Ctrl Pts',(-8.31,20.075,5.85500000000022));
#3335=CARTESIAN_POINT('',(-10.81,20.075,7.315));
#3336=CARTESIAN_POINT('Origin',(6.2,6.2,7.315));
#3337=CARTESIAN_POINT('',(-10.81,17.575,7.315));
#3338=CARTESIAN_POINT('Ctrl Pts',(-10.81,17.575,7.315));
#3339=CARTESIAN_POINT('Ctrl Pts',(-10.81,17.5918358757425,7.315));
#3340=CARTESIAN_POINT('Ctrl Pts',(-10.793715555201,17.6271653490274,7.315));
#3341=CARTESIAN_POINT('Ctrl Pts',(-10.7441065352184,17.6969702249614,7.315));
#3342=CARTESIAN_POINT('Ctrl Pts',(-10.6944975152359,17.7667751008955,7.315));
#3343=CARTESIAN_POINT('Ctrl Pts',(-10.6115639200697,17.8710553794787,7.315));
#3344=CARTESIAN_POINT('Ctrl Pts',(-10.4815913002264,18.0197516173995,7.315));
#3345=CARTESIAN_POINT('Ctrl Pts',(-10.3516186803831,18.1684478553203,7.315));
#3346=CARTESIAN_POINT('Ctrl Pts',(-10.1746070358625,18.3615600525787,7.315));
#3347=CARTESIAN_POINT('Ctrl Pts',(-9.96841083337617,18.5757635885791,7.315));
#3348=CARTESIAN_POINT('Ctrl Pts',(-9.76221463088983,18.7899671245796,7.315));
#3349=CARTESIAN_POINT('Ctrl Pts',(-9.52683387043771,19.0252619993222,7.315));
#3350=CARTESIAN_POINT('Ctrl Pts',(-9.31230719100955,19.2317895690772,7.315));
#3351=CARTESIAN_POINT('Ctrl Pts',(-9.09778051158139,19.4383171388322,7.315));
#3352=CARTESIAN_POINT('Ctrl Pts',(-8.9041079131772,19.6160774035997,7.315));
#3353=CARTESIAN_POINT('Ctrl Pts',(-8.75510923481032,19.7463360191691,7.315));
#3354=CARTESIAN_POINT('Ctrl Pts',(-8.68060989562689,19.8114653269538,7.315));
#3355=CARTESIAN_POINT('Ctrl Pts',(-8.61727903645278,19.864719222439,7.315));
#3356=CARTESIAN_POINT('Ctrl Pts',(-8.5640288517399,19.9078170872469,7.315));
#3357=CARTESIAN_POINT('Ctrl Pts',(-8.40427829760129,20.0371106816708,7.315));
#3358=CARTESIAN_POINT('Ctrl Pts',(-8.33525381361381,20.075,7.315));
#3359=CARTESIAN_POINT('Ctrl Pts',(-8.31,20.075,7.315));
#3360=CARTESIAN_POINT('',(-10.81,-5.175,7.315));
#3361=CARTESIAN_POINT('',(-10.81,-7.675,7.315));
#3362=CARTESIAN_POINT('',(-8.31,-7.675,7.315));
#3363=CARTESIAN_POINT('Ctrl Pts',(-8.31,-7.675,7.315));
#3364=CARTESIAN_POINT('Ctrl Pts',(-8.32683587574254,-7.675,7.315));
#3365=CARTESIAN_POINT('Ctrl Pts',(-8.36218281418678,-7.65868908446246,7.315));
#3366=CARTESIAN_POINT('Ctrl Pts',(-8.43199708109523,-7.60906488167925,7.315));
#3367=CARTESIAN_POINT('Ctrl Pts',(-8.50181134800368,-7.55944067889604,7.315));
#3368=CARTESIAN_POINT('Ctrl Pts',(-8.60609294337633,-7.47650318886717,7.315));
#3369=CARTESIAN_POINT('Ctrl Pts',(-8.75479481378829,-7.34652282543286,7.315));
#3370=CARTESIAN_POINT('Ctrl Pts',(-8.90349668420025,-7.21654246199856,7.315));
#3371=CARTESIAN_POINT('Ctrl Pts',(-9.09661882965152,-7.03951922515882,7.315));
#3372=CARTESIAN_POINT('Ctrl Pts',(-9.31083307969915,-6.83331034015016,7.315));
#3373=CARTESIAN_POINT('Ctrl Pts',(-9.52504732974678,-6.6271014551415,7.315));
#3374=CARTESIAN_POINT('Ctrl Pts',(-9.76035368439078,-6.39170692196392,7.315));
#3375=CARTESIAN_POINT('Ctrl Pts',(-9.96687839820988,-6.17718319010853,7.315));
#3376=CARTESIAN_POINT('Ctrl Pts',(-10.173403112029,-5.96265945825315,7.315));
#3377=CARTESIAN_POINT('Ctrl Pts',(-10.3511461850232,-5.76900652771996,7.315));
#3378=CARTESIAN_POINT('Ctrl Pts',(-10.4813993333683,-5.62001168743381,7.31500000000001));
#3379=CARTESIAN_POINT('Ctrl Pts',(-10.5465259075408,-5.54551426729073,7.31500000000001));
#3380=CARTESIAN_POINT('Ctrl Pts',(-10.599780000551,-5.48218136970941,7.31500000000001));
#3381=CARTESIAN_POINT('Ctrl Pts',(-10.6428741778349,-5.42893614256394,7.31500000000001));
#3382=CARTESIAN_POINT('Ctrl Pts',(-10.7721567096863,-5.26920046112753,7.31500000000001));
#3383=CARTESIAN_POINT('Ctrl Pts',(-10.81,-5.20025381361381,7.315));
#3384=CARTESIAN_POINT('Ctrl Pts',(-10.81,-5.175,7.315));
#3385=CARTESIAN_POINT('',(23.21,-7.675,7.315));
#3386=CARTESIAN_POINT('',(-8.31,-5.925,7.315));
#3387=CARTESIAN_POINT('',(14.705,-5.925,7.315));
#3388=CARTESIAN_POINT('',(-8.30999999999999,2.965,7.315));
#3389=CARTESIAN_POINT('',(-8.30999999999999,-0.27,7.315));
#3390=CARTESIAN_POINT('',(-8.30999999999999,2.965,7.315));
#3391=CARTESIAN_POINT('',(-6.80999999999999,-0.27,7.315));
#3392=CARTESIAN_POINT('',(-0.304999999999995,-0.27,7.315));
#3393=CARTESIAN_POINT('',(-6.80999999999999,12.67,7.315));
#3394=CARTESIAN_POINT('',(-6.80999999999999,11.1375,7.315));
#3395=CARTESIAN_POINT('',(-8.30999999999999,12.67,7.315));
#3396=CARTESIAN_POINT('',(-1.05499999999999,12.67,7.315));
#3397=CARTESIAN_POINT('',(-8.30999999999999,11.8875,7.315));
#3398=CARTESIAN_POINT('',(-8.31,18.325,7.315));
#3399=CARTESIAN_POINT('',(-8.30999999999999,11.8875,7.315));
#3400=CARTESIAN_POINT('',(14.705,18.325,7.315));
#3401=CARTESIAN_POINT('Origin',(23.21,-5.925,6.565));
#3402=CARTESIAN_POINT('',(22.6054608848773,-5.925,6.565));
#3403=CARTESIAN_POINT('Ctrl Pts',(22.6054608848773,-5.925,6.565));
#3404=CARTESIAN_POINT('Ctrl Pts',(22.6054608848773,-5.925,6.74833333333334));
#3405=CARTESIAN_POINT('Ctrl Pts',(22.6054608848773,-5.925,6.93166666666668));
#3406=CARTESIAN_POINT('Ctrl Pts',(22.6054608848773,-5.925,7.11500000000001));
#3407=CARTESIAN_POINT('',(22.6054608848773,-5.925,6.465));
#3408=CARTESIAN_POINT('Ctrl Pts',(22.6054608848773,-5.925,6.465));
#3409=CARTESIAN_POINT('Ctrl Pts',(22.6054608848773,-5.925,6.49833333333333));
#3410=CARTESIAN_POINT('Ctrl Pts',(22.6054608848773,-5.925,6.53166666666667));
#3411=CARTESIAN_POINT('Ctrl Pts',(22.6054608848773,-5.925,6.565));
#3412=CARTESIAN_POINT('',(-8.31,-5.925,6.465));
#3413=CARTESIAN_POINT('',(23.21,-5.925,6.465));
#3414=CARTESIAN_POINT('',(-8.31,-5.925,6.565));
#3415=CARTESIAN_POINT('Origin',(-6.80999999999999,12.67,7.315));
#3416=CARTESIAN_POINT('',(-6.80999999999999,12.67,7.315));
#3417=CARTESIAN_POINT('',(-6.80999999999999,16.075,7.315));
#3418=CARTESIAN_POINT('Origin',(-8.30999999999999,12.67,7.315));
#3419=CARTESIAN_POINT('',(-8.30999999999999,12.67,7.315));
#3420=CARTESIAN_POINT('',(-6.80999999999999,12.67,7.315));
#3421=CARTESIAN_POINT('Origin',(-8.30999999999999,17.575,7.315));
#3422=CARTESIAN_POINT('',(-8.30999999999999,17.475,7.315));
#3423=CARTESIAN_POINT('Origin',(20.71,17.475,7.315));
#3424=CARTESIAN_POINT('Origin',(19.21,-0.27,7.315));
#3425=CARTESIAN_POINT('',(19.21,-0.27,7.315));
#3426=CARTESIAN_POINT('',(19.21,-3.675,7.315));
#3427=CARTESIAN_POINT('Origin',(23.21,-0.270000000000001,2.855));
#3428=CARTESIAN_POINT('Ctrl Pts',(20.71,-0.270000000000001,2.855));
#3429=CARTESIAN_POINT('Ctrl Pts',(20.7352538136138,-0.270000000000001,2.855));
#3430=CARTESIAN_POINT('Ctrl Pts',(20.8042645324028,-0.270000000000001,2.89288103633474));
#3431=CARTESIAN_POINT('Ctrl Pts',(20.9640124669423,-0.270000000000001,3.02217270537881));
#3432=CARTESIAN_POINT('Ctrl Pts',(21.0172617784555,-0.270000000000001,3.0652699283935));
#3433=CARTESIAN_POINT('Ctrl Pts',(21.0805930028299,-0.270000000000001,3.1185238883759));
#3434=CARTESIAN_POINT('Ctrl Pts',(21.155092033014,-0.270000000000001,3.18365276617241));
#3435=CARTESIAN_POINT('Ctrl Pts',(21.3040900933824,-0.270000000000001,3.31391052176541));
#3436=CARTESIAN_POINT('Ctrl Pts',(21.4977593769902,-0.270000000000001,3.49166794861484));
#3437=CARTESIAN_POINT('Ctrl Pts',(21.7122855444841,-0.270000000000001,3.69819503982679));
#3438=CARTESIAN_POINT('Ctrl Pts',(21.9268117119781,-0.270000000000001,3.90472213103874));
#3439=CARTESIAN_POINT('Ctrl Pts',(22.1621947633582,-0.270000000000001,4.14001888661321));
#3440=CARTESIAN_POINT('Ctrl Pts',(22.3683930567139,-0.270000000000001,4.35422416402441));
#3441=CARTESIAN_POINT('Ctrl Pts',(22.5745913500695,-0.270000000000001,4.56842944143561));
#3442=CARTESIAN_POINT('Ctrl Pts',(22.7516048854007,-0.270000000000001,4.76154324068352));
#3443=CARTESIAN_POINT('Ctrl Pts',(22.8815788432229,-0.270000000000001,4.91024044507395));
#3444=CARTESIAN_POINT('Ctrl Pts',(23.011552801045,-0.270000000000001,5.05893764946439));
#3445=CARTESIAN_POINT('Ctrl Pts',(23.0944871813582,-0.270000000000001,5.16321825899733));
#3446=CARTESIAN_POINT('Ctrl Pts',(23.1440989810969,-0.270000000000001,5.2330248776956));
#3447=CARTESIAN_POINT('Ctrl Pts',(23.1937107808357,-0.270000000000001,5.30283149639386));
#3448=CARTESIAN_POINT('Ctrl Pts',(23.21,-0.270000000000001,5.33816412425746));
#3449=CARTESIAN_POINT('Ctrl Pts',(23.21,-0.270000000000001,5.355));
#3450=CARTESIAN_POINT('',(20.1085,-0.27,5.305));
#3451=CARTESIAN_POINT('',(20.1085,-0.27,2.855));
#3452=CARTESIAN_POINT('',(16.6775,-0.269999999999999,5.305));
#3453=CARTESIAN_POINT('',(19.94375,-0.27,5.305));
#3454=CARTESIAN_POINT('',(16.6775,-0.269999999999999,2.855));
#3455=CARTESIAN_POINT('Origin',(-8.30999999999999,-5.075,7.315));
#3456=CARTESIAN_POINT('',(-8.30999999999999,-5.075,7.315));
#3457=CARTESIAN_POINT('Origin',(12.5,12.4,1.142));
#3458=CARTESIAN_POINT('',(12.5,-0.1,1.142));
#3459=CARTESIAN_POINT('',(12.5,12.5,1.142));
#3460=CARTESIAN_POINT('',(12.5,9.3,1.142));
#3461=CARTESIAN_POINT('',(12.5,-0.1,5.305));
#3462=CARTESIAN_POINT('',(12.5,-0.1,1.142));
#3463=CARTESIAN_POINT('',(12.5,1.73,5.305));
#3464=CARTESIAN_POINT('',(12.5,5.95999996805797,5.305));
#3465=CARTESIAN_POINT('',(12.5,1.73,2.855));
#3466=CARTESIAN_POINT('',(12.5,1.73,1.9985));
#3467=CARTESIAN_POINT('',(12.5,10.67,2.855));
#3468=CARTESIAN_POINT('',(12.5,9.3,2.855));
#3469=CARTESIAN_POINT('',(12.5,10.67,5.755));
#3470=CARTESIAN_POINT('',(12.5,10.67,1.9985));
#3471=CARTESIAN_POINT('',(12.5,12.5,5.755));
#3472=CARTESIAN_POINT('',(12.5,12.64,5.755));
#3473=CARTESIAN_POINT('',(12.5,12.5,1.142));
#3474=CARTESIAN_POINT('Origin',(13.21,12.88,5.755));
#3475=CARTESIAN_POINT('',(9.7425,12.5,5.755));
#3476=CARTESIAN_POINT('',(12.805,12.5,5.755));
#3477=CARTESIAN_POINT('',(18.1085,10.67,5.755));
#3478=CARTESIAN_POINT('',(16.6775,10.67,5.755));
#3479=CARTESIAN_POINT('Origin',(20.1085,10.67,5.755));
#3480=CARTESIAN_POINT('',(16.6775,15.09,5.755));
#3481=CARTESIAN_POINT('',(9.7425,15.09,5.755));
#3482=CARTESIAN_POINT('Origin',(-0.1,0.,1.142));
#3483=CARTESIAN_POINT('',(-0.1,12.5,1.142));
#3484=CARTESIAN_POINT('',(-0.1,-0.1,1.142));
#3485=CARTESIAN_POINT('',(-0.1,0.,1.142));
#3486=CARTESIAN_POINT('',(-0.1,12.5,2.855));
#3487=CARTESIAN_POINT('',(-0.1,12.5,1.142));
#3488=CARTESIAN_POINT('',(-0.1,-0.1,2.855));
#3489=CARTESIAN_POINT('',(-0.1,3.1,2.855));
#3490=CARTESIAN_POINT('',(-0.1,-0.1,1.142));
#3491=CARTESIAN_POINT('Origin',(6.2,6.2,2.855));
#3492=CARTESIAN_POINT('',(9.7425,-0.1,2.855));
#3493=CARTESIAN_POINT('',(3.1,-0.1,2.855));
#3494=CARTESIAN_POINT('',(9.7425,12.5,2.855));
#3495=CARTESIAN_POINT('',(3.1,12.5,2.855));
#3496=CARTESIAN_POINT('',(9.7425,10.645,2.855));
#3497=CARTESIAN_POINT('Origin',(6.2,6.2,2.855));
#3498=CARTESIAN_POINT('Origin',(6.2,6.2,2.855));
#3499=CARTESIAN_POINT('',(-0.857999999999999,2.13384518248505,2.855));
#3500=CARTESIAN_POINT('Origin',(6.2,6.2,2.855));
#3501=CARTESIAN_POINT('Origin',(6.2,6.2,2.855));
#3502=CARTESIAN_POINT('',(9.7425,3.1,2.855));
#3503=CARTESIAN_POINT('Origin',(12.4,-0.1,1.142));
#3504=CARTESIAN_POINT('',(12.4,-0.1,1.142));
#3505=CARTESIAN_POINT('',(9.7425,-0.1,5.305));
#3506=CARTESIAN_POINT('',(9.7425,-0.1,1.9985));
#3507=CARTESIAN_POINT('',(12.805,-0.1,5.305));
#3508=CARTESIAN_POINT('Origin',(13.21,-0.480000063884072,5.305));
#3509=CARTESIAN_POINT('',(9.7425,-2.69000012776814,5.305));
#3510=CARTESIAN_POINT('',(16.6775,-0.269999999999999,5.305));
#3511=CARTESIAN_POINT('',(18.1085,1.73,5.305));
#3512=CARTESIAN_POINT('Origin',(20.1085,1.73,5.305));
#3513=CARTESIAN_POINT('',(16.6775,1.73,5.305));
#3514=CARTESIAN_POINT('Origin',(0.,12.5,1.142));
#3515=CARTESIAN_POINT('',(0.,12.5,1.142));
#3516=CARTESIAN_POINT('',(9.7425,12.5,1.9985));
#3517=CARTESIAN_POINT('Origin',(0.124004279132512,15.09,2.855));
#3518=CARTESIAN_POINT('',(0.124004279132512,15.09,5.555));
#3519=CARTESIAN_POINT('',(0.124004279132512,15.09,2.855));
#3520=CARTESIAN_POINT('',(0.124004279132512,15.09,5.555));
#3521=CARTESIAN_POINT('Origin',(0.124004279132512,-2.69,5.555));
#3522=CARTESIAN_POINT('',(0.124004279132512,-2.69,5.555));
#3523=CARTESIAN_POINT('',(0.124004279132512,-2.69,2.855));
#3524=CARTESIAN_POINT('',(0.124004279132512,-2.69,5.555));
#3525=CARTESIAN_POINT('Origin',(23.21,-4.425,6.465));
#3526=CARTESIAN_POINT('Ctrl Pts',(23.21,-5.17499999999998,6.46503290402678));
#3527=CARTESIAN_POINT('Ctrl Pts',(23.21,-5.19183587574252,6.46503290402678));
#3528=CARTESIAN_POINT('Ctrl Pts',(23.1937152045062,-5.22716558080705,6.46503290402678));
#3529=CARTESIAN_POINT('Ctrl Pts',(23.1441059798473,-5.29697058534387,6.46503290402678));
#3530=CARTESIAN_POINT('Ctrl Pts',(23.0944967551883,-5.36677558988069,6.46503290402678));
#3531=CARTESIAN_POINT('Ctrl Pts',(23.0115631013643,-5.4710558938898,6.46503290402679));
#3532=CARTESIAN_POINT('Ctrl Pts',(22.8815903839853,-5.61975220217597,6.46503290402679));
#3533=CARTESIAN_POINT('Ctrl Pts',(22.8047443390353,-5.70766852354617,6.4650329040268));
#3534=CARTESIAN_POINT('Ctrl Pts',(22.7114546786905,-5.81111150800255,6.4650329040268));
#3535=CARTESIAN_POINT('Ctrl Pts',(22.6054116499435,-5.92526031020795,6.4650329040268));
#3536=CARTESIAN_POINT('',(-8.31,-4.425,6.465));
#3537=CARTESIAN_POINT('Ctrl Pts',(20.71,-7.675,5.85500000000022));
#3538=CARTESIAN_POINT('Ctrl Pts',(20.71,-7.675,6.27509996193962));
#3539=CARTESIAN_POINT('Ctrl Pts',(20.71,-7.675,6.69500479388401));
#3540=CARTESIAN_POINT('Ctrl Pts',(20.71,-7.675,7.11500000000001));
#3541=CARTESIAN_POINT('Ctrl Pts',(20.7352538136138,-7.675,5.85500000000022));
#3542=CARTESIAN_POINT('Ctrl Pts',(20.7352538136138,-7.675,6.27509996193961));
#3543=CARTESIAN_POINT('Ctrl Pts',(20.7352538136138,-7.675,6.69500479388401));
#3544=CARTESIAN_POINT('Ctrl Pts',(20.7352538136138,-7.675,7.11500000000001));
#3545=CARTESIAN_POINT('Ctrl Pts',(20.8272851156032,-7.62448171946044,5.85500000000021));
#3546=CARTESIAN_POINT('Ctrl Pts',(20.8272851156032,-7.62448171946044,6.27509996193961));
#3547=CARTESIAN_POINT('Ctrl Pts',(20.8272851156032,-7.62448171946044,6.695004793884));
#3548=CARTESIAN_POINT('Ctrl Pts',(20.8272851156032,-7.62448171946044,7.11500000000001));
#3549=CARTESIAN_POINT('Ctrl Pts',(21.2072704313638,-7.30495831603928,5.85500000000019));
#3550=CARTESIAN_POINT('Ctrl Pts',(21.2072704313638,-7.30495831603928,6.27509996193958));
#3551=CARTESIAN_POINT('Ctrl Pts',(21.2072704313638,-7.30495831603928,6.69500479388401));
#3552=CARTESIAN_POINT('Ctrl Pts',(21.2072704313638,-7.30495831603928,7.11500000000001));
#3553=CARTESIAN_POINT('Ctrl Pts',(21.6914513257793,-6.86055816723319,5.85500000000015));
#3554=CARTESIAN_POINT('Ctrl Pts',(21.6914513257793,-6.86055816723319,6.27509996193955));
#3555=CARTESIAN_POINT('Ctrl Pts',(21.6914513257793,-6.8605581672332,6.695004793884));
#3556=CARTESIAN_POINT('Ctrl Pts',(21.6914513257793,-6.8605581672332,7.11500000000001));
#3557=CARTESIAN_POINT('Ctrl Pts',(22.397594104738,-6.15467313558865,5.8550000000001));
#3558=CARTESIAN_POINT('Ctrl Pts',(22.397594104738,-6.15467313558865,6.27509996193949));
#3559=CARTESIAN_POINT('Ctrl Pts',(22.397594104738,-6.15467313558867,6.69500479388401));
#3560=CARTESIAN_POINT('Ctrl Pts',(22.397594104738,-6.15467313558867,7.11500000000001));
#3561=CARTESIAN_POINT('Ctrl Pts',(22.9286294475403,-5.57533619789889,5.85500000000006));
#3562=CARTESIAN_POINT('Ctrl Pts',(22.9286294475403,-5.57533619789889,6.27509996193946));
#3563=CARTESIAN_POINT('Ctrl Pts',(22.9286294475403,-5.57533619789892,6.69500479388401));
#3564=CARTESIAN_POINT('Ctrl Pts',(22.9286294475403,-5.57533619789892,7.11500000000001));
#3565=CARTESIAN_POINT('Ctrl Pts',(23.1774304090123,-5.26249528587157,5.85500000000004));
#3566=CARTESIAN_POINT('Ctrl Pts',(23.1774304090123,-5.26249528587157,6.27509996193943));
#3567=CARTESIAN_POINT('Ctrl Pts',(23.1774304090123,-5.2624952858716,6.69500479388401));
#3568=CARTESIAN_POINT('Ctrl Pts',(23.1774304090123,-5.2624952858716,7.11500000000001));
#3569=CARTESIAN_POINT('Ctrl Pts',(23.21,-5.1918358757425,5.85500000000004));
#3570=CARTESIAN_POINT('Ctrl Pts',(23.21,-5.1918358757425,6.27509996193943));
#3571=CARTESIAN_POINT('Ctrl Pts',(23.21,-5.19183587574254,6.69500479388401));
#3572=CARTESIAN_POINT('Ctrl Pts',(23.21,-5.19183587574254,7.11500000000001));
#3573=CARTESIAN_POINT('Ctrl Pts',(23.21,-5.17499999999997,5.85500000000004));
#3574=CARTESIAN_POINT('Ctrl Pts',(23.21,-5.17499999999997,6.27509996193943));
#3575=CARTESIAN_POINT('Ctrl Pts',(23.21,-5.175,6.69500479388401));
#3576=CARTESIAN_POINT('Ctrl Pts',(23.21,-5.175,7.11500000000001));
#3577=CARTESIAN_POINT('',(20.71,-7.675,5.85500000000022));
#3578=CARTESIAN_POINT('Ctrl Pts',(20.71,-7.675,7.11500000000001));
#3579=CARTESIAN_POINT('Ctrl Pts',(20.71,-7.675,6.69500479388401));
#3580=CARTESIAN_POINT('Ctrl Pts',(20.71,-7.675,6.27509996193962));
#3581=CARTESIAN_POINT('Ctrl Pts',(20.71,-7.675,5.85500000000022));
#3582=CARTESIAN_POINT('Ctrl Pts',(23.21,-5.17499999998808,5.85500345197708));
#3583=CARTESIAN_POINT('Ctrl Pts',(23.21,-5.19183587573022,5.85500356821119));
#3584=CARTESIAN_POINT('Ctrl Pts',(23.1774108146516,-5.26250822774374,5.85500405612987));
#3585=CARTESIAN_POINT('Ctrl Pts',(22.9286051351903,-5.57535104645015,5.85500621598235));
#3586=CARTESIAN_POINT('Ctrl Pts',(22.397557866022,-6.15469812057903,5.85501021576798));
#3587=CARTESIAN_POINT('Ctrl Pts',(21.6914007056954,-6.86059500259148,5.85501508924769));
#3588=CARTESIAN_POINT('Ctrl Pts',(21.2072370919889,-7.30498028163566,5.85501815726328));
#3589=CARTESIAN_POINT('Ctrl Pts',(20.8272472714014,-7.62450439796436,5.85502036324313));
#3590=CARTESIAN_POINT('Ctrl Pts',(20.7352538136138,-7.6749999999285,5.85502071186245));
#3591=CARTESIAN_POINT('Ctrl Pts',(20.71,-7.6749999999285,5.85502071186245));
#3592=CARTESIAN_POINT('Origin',(23.21,18.325,6.465));
#3593=CARTESIAN_POINT('',(22.6054608848773,18.325,6.465));
#3594=CARTESIAN_POINT('',(23.21,17.575,6.465));
#3595=CARTESIAN_POINT('Ctrl Pts',(22.6042957859209,18.3263955077333,6.46503290375573));
#3596=CARTESIAN_POINT('Ctrl Pts',(22.7106529038769,18.2119859657597,6.46503290375572));
#3597=CARTESIAN_POINT('Ctrl Pts',(22.8042774937871,18.1082693846402,6.46503290375572));
#3598=CARTESIAN_POINT('Ctrl Pts',(22.8812942847911,18.0201730301562,6.46503290375572));
#3599=CARTESIAN_POINT('Ctrl Pts',(22.9464250382158,17.9456726274945,6.46503290375571));
#3600=CARTESIAN_POINT('Ctrl Pts',(22.999678608772,17.8823431385249,6.46503290375571));
#3601=CARTESIAN_POINT('Ctrl Pts',(23.0427788291616,17.8290897181726,6.46503290375571));
#3602=CARTESIAN_POINT('Ctrl Pts',(23.1720794903305,17.6693294571156,6.4650329037557));
#3603=CARTESIAN_POINT('Ctrl Pts',(23.21,17.6002538136138,6.4650329037557));
#3604=CARTESIAN_POINT('Ctrl Pts',(23.21,17.575,6.4650329037557));
#3605=CARTESIAN_POINT('',(-8.31,18.325,6.465));
#3606=CARTESIAN_POINT('',(23.21,18.325,6.465));
#3607=CARTESIAN_POINT('',(-8.31,16.825,6.465));
#3608=CARTESIAN_POINT('',(23.21,15.4975,6.465));
#3609=CARTESIAN_POINT('Ctrl Pts',(23.21,17.575,5.85500000000004));
#3610=CARTESIAN_POINT('Ctrl Pts',(23.21,17.575,6.27509996189597));
#3611=CARTESIAN_POINT('Ctrl Pts',(23.21,17.575,6.69500479301135));
#3612=CARTESIAN_POINT('Ctrl Pts',(23.21,17.575,7.115));
#3613=CARTESIAN_POINT('Ctrl Pts',(23.21,17.6002538136138,5.85500000000004));
#3614=CARTESIAN_POINT('Ctrl Pts',(23.21,17.6002538136138,6.27509996189598));
#3615=CARTESIAN_POINT('Ctrl Pts',(23.21,17.6002538136138,6.69500479301134));
#3616=CARTESIAN_POINT('Ctrl Pts',(23.21,17.6002538136138,7.115));
#3617=CARTESIAN_POINT('Ctrl Pts',(23.1594393204406,17.6923546716162,5.85500000000004));
#3618=CARTESIAN_POINT('Ctrl Pts',(23.1594393204406,17.6923546716162,6.27509996189598));
#3619=CARTESIAN_POINT('Ctrl Pts',(23.1594393204407,17.6923546716163,6.69500479301135));
#3620=CARTESIAN_POINT('Ctrl Pts',(23.1594393204407,17.6923546716163,7.115));
#3621=CARTESIAN_POINT('Ctrl Pts',(22.8399178971034,18.0723316054336,5.85500000000007));
#3622=CARTESIAN_POINT('Ctrl Pts',(22.8399178971034,18.0723316054336,6.275099961896));
#3623=CARTESIAN_POINT('Ctrl Pts',(22.8399178971034,18.0723316054336,6.69500479301134));
#3624=CARTESIAN_POINT('Ctrl Pts',(22.8399178971034,18.0723316054336,7.115));
#3625=CARTESIAN_POINT('Ctrl Pts',(22.3954923012945,18.556542755664,5.8550000000001));
#3626=CARTESIAN_POINT('Ctrl Pts',(22.3954923012945,18.556542755664,6.27509996189604));
#3627=CARTESIAN_POINT('Ctrl Pts',(22.3954923012945,18.556542755664,6.69500479301135));
#3628=CARTESIAN_POINT('Ctrl Pts',(22.3954923012945,18.556542755664,7.115));
#3629=CARTESIAN_POINT('Ctrl Pts',(21.6896273391519,19.2626607740219,5.85500000000015));
#3630=CARTESIAN_POINT('Ctrl Pts',(21.6896273391519,19.2626607740219,6.27509996189609));
#3631=CARTESIAN_POINT('Ctrl Pts',(21.6896273391519,19.2626607740219,6.69500479301135));
#3632=CARTESIAN_POINT('Ctrl Pts',(21.6896273391519,19.2626607740219,7.115));
#3633=CARTESIAN_POINT('Ctrl Pts',(21.1103072382993,19.7936760205703,5.8550000000002));
#3634=CARTESIAN_POINT('Ctrl Pts',(21.1103072382993,19.7936760205703,6.27509996189613));
#3635=CARTESIAN_POINT('Ctrl Pts',(21.1103072382993,19.7936760205703,6.69500479301135));
#3636=CARTESIAN_POINT('Ctrl Pts',(21.1103072382993,19.7936760205703,7.11500000000001));
#3637=CARTESIAN_POINT('Ctrl Pts',(20.7974709361107,20.0424672123971,5.85500000000022));
#3638=CARTESIAN_POINT('Ctrl Pts',(20.7974709361107,20.0424672123971,6.27509996189615));
#3639=CARTESIAN_POINT('Ctrl Pts',(20.7974709361107,20.0424672123971,6.69500479301135));
#3640=CARTESIAN_POINT('Ctrl Pts',(20.7974709361107,20.0424672123971,7.115));
#3641=CARTESIAN_POINT('Ctrl Pts',(20.7268358757425,20.075,5.85500000000022));
#3642=CARTESIAN_POINT('Ctrl Pts',(20.7268358757425,20.075,6.27509996189616));
#3643=CARTESIAN_POINT('Ctrl Pts',(20.7268358757425,20.075,6.69500479301135));
#3644=CARTESIAN_POINT('Ctrl Pts',(20.7268358757425,20.075,7.115));
#3645=CARTESIAN_POINT('Ctrl Pts',(20.71,20.075,5.85500000000022));
#3646=CARTESIAN_POINT('Ctrl Pts',(20.71,20.075,6.27509996189616));
#3647=CARTESIAN_POINT('Ctrl Pts',(20.71,20.075,6.69500479301135));
#3648=CARTESIAN_POINT('Ctrl Pts',(20.71,20.075,7.115));
#3649=CARTESIAN_POINT('',(22.6054608848773,18.325,6.565));
#3650=CARTESIAN_POINT('Ctrl Pts',(22.6054608848773,18.325,7.115));
#3651=CARTESIAN_POINT('Ctrl Pts',(22.6054608848773,18.325,6.93166666666666));
#3652=CARTESIAN_POINT('Ctrl Pts',(22.6054608848773,18.325,6.74833333333333));
#3653=CARTESIAN_POINT('Ctrl Pts',(22.6054608848773,18.325,6.565));
#3654=CARTESIAN_POINT('Ctrl Pts',(22.6054608848773,18.325,6.565));
#3655=CARTESIAN_POINT('Ctrl Pts',(22.6054608848773,18.325,6.53166666666667));
#3656=CARTESIAN_POINT('Ctrl Pts',(22.6054608848773,18.325,6.49833333333333));
#3657=CARTESIAN_POINT('Ctrl Pts',(22.6054608848773,18.325,6.465));
#3658=CARTESIAN_POINT('',(23.21,17.575,5.85500000000004));
#3659=CARTESIAN_POINT('Ctrl Pts',(23.21,17.575,6.46499999999988));
#3660=CARTESIAN_POINT('Ctrl Pts',(23.21,17.575,6.26169080197732));
#3661=CARTESIAN_POINT('Ctrl Pts',(23.21,17.575,6.05836826523393));
#3662=CARTESIAN_POINT('Ctrl Pts',(23.21,17.575,5.85500000000004));
#3663=CARTESIAN_POINT('Ctrl Pts',(20.71,20.0749999999285,5.85502071186245));
#3664=CARTESIAN_POINT('Ctrl Pts',(20.7352538136138,20.0749999999285,5.85502071186245));
#3665=CARTESIAN_POINT('Ctrl Pts',(20.8273211251494,20.0244598730296,5.85502036293573));
#3666=CARTESIAN_POINT('Ctrl Pts',(21.2073021159151,19.7049373978571,5.85501815696721));
#3667=CARTESIAN_POINT('Ctrl Pts',(21.6914988892343,19.2605238043797,5.85501508875614));
#3668=CARTESIAN_POINT('Ctrl Pts',(22.3976286052355,18.5546494118691,5.8550102154317));
#3669=CARTESIAN_POINT('Ctrl Pts',(22.9286532786409,17.9753214511725,5.85500621577802));
#3670=CARTESIAN_POINT('Ctrl Pts',(23.1774493418785,17.6624827659449,5.85500405595408));
#3671=CARTESIAN_POINT('Ctrl Pts',(23.21,17.5918358757302,5.85500356821119));
#3672=CARTESIAN_POINT('Ctrl Pts',(23.21,17.5749999999881,5.85500345197707));
#3673=CARTESIAN_POINT('Origin',(20.1085,10.67,2.855));
#3674=CARTESIAN_POINT('',(18.1085,10.67,2.855));
#3675=CARTESIAN_POINT('Origin',(20.1085,1.73,2.855));
#3676=CARTESIAN_POINT('',(18.1085,1.73,2.855));
#3677=CARTESIAN_POINT('Ctrl Pts',(20.71,-0.269999999999999,2.855));
#3678=CARTESIAN_POINT('Ctrl Pts',(20.71,-1.73833555554008,2.855));
#3679=CARTESIAN_POINT('Ctrl Pts',(20.71,-3.20421264937816,2.855));
#3680=CARTESIAN_POINT('Ctrl Pts',(20.71,-4.67500000000044,2.855));
#3681=CARTESIAN_POINT('Ctrl Pts',(20.7352538136138,-0.269999999999999,2.855));
#3682=CARTESIAN_POINT('Ctrl Pts',(20.7352538136138,-1.73833555554008,2.855));
#3683=CARTESIAN_POINT('Ctrl Pts',(20.7352538136138,-3.20421264937815,2.855));
#3684=CARTESIAN_POINT('Ctrl Pts',(20.7352538136138,-4.67500000000044,2.855));
#3685=CARTESIAN_POINT('Ctrl Pts',(20.8272681053325,-0.269999999999999,2.90550804844631));
#3686=CARTESIAN_POINT('Ctrl Pts',(20.8272681053325,-1.73833555554008,2.90550804844631));
#3687=CARTESIAN_POINT('Ctrl Pts',(20.8272681053325,-3.20421264937816,2.90550804844631));
#3688=CARTESIAN_POINT('Ctrl Pts',(20.8272681053325,-4.67500000000044,2.90550804844631));
#3689=CARTESIAN_POINT('Ctrl Pts',(21.2072554515786,-0.269999999999999,3.2250318083407));
#3690=CARTESIAN_POINT('Ctrl Pts',(21.2072554515786,-1.73833555554008,3.2250318083407));
#3691=CARTESIAN_POINT('Ctrl Pts',(21.2072554515786,-3.20421264937815,3.2250318083407));
#3692=CARTESIAN_POINT('Ctrl Pts',(21.2072554515786,-4.67500000000044,3.2250318083407));
#3693=CARTESIAN_POINT('Ctrl Pts',(21.6914286605979,-0.269999999999999,3.66942537546427));
#3694=CARTESIAN_POINT('Ctrl Pts',(21.6914286605979,-1.73833555554008,3.66942537546427));
#3695=CARTESIAN_POINT('Ctrl Pts',(21.6914286605979,-3.20421264937816,3.66942537546427));
#3696=CARTESIAN_POINT('Ctrl Pts',(21.6914286605979,-4.67500000000044,3.66942537546427));
#3697=CARTESIAN_POINT('Ctrl Pts',(22.3975778147383,-0.269999999999999,4.37531564218769));
#3698=CARTESIAN_POINT('Ctrl Pts',(22.3975778147383,-1.73833555554008,4.37531564218769));
#3699=CARTESIAN_POINT('Ctrl Pts',(22.3975778147383,-3.20421264937816,4.37531564218769));
#3700=CARTESIAN_POINT('Ctrl Pts',(22.3975778147383,-4.67500000000044,4.37531564218769));
#3701=CARTESIAN_POINT('Ctrl Pts',(22.9286184207319,-0.269999999999999,4.95465703993144));
#3702=CARTESIAN_POINT('Ctrl Pts',(22.9286184207319,-1.73833555554008,4.95465703993144));
#3703=CARTESIAN_POINT('Ctrl Pts',(22.9286184207319,-3.20421264937816,4.95465703993144));
#3704=CARTESIAN_POINT('Ctrl Pts',(22.9286184207319,-4.67500000000044,4.95465703993144));
#3705=CARTESIAN_POINT('Ctrl Pts',(23.1774215616713,-0.269999999999999,5.26749886853027));
#3706=CARTESIAN_POINT('Ctrl Pts',(23.1774215616713,-1.73833555554008,5.26749886853027));
#3707=CARTESIAN_POINT('Ctrl Pts',(23.1774215616713,-3.20421264937816,5.26749886853027));
#3708=CARTESIAN_POINT('Ctrl Pts',(23.1774215616713,-4.67500000000044,5.26749886853027));
#3709=CARTESIAN_POINT('Ctrl Pts',(23.21,-0.269999999999999,5.33816412425746));
#3710=CARTESIAN_POINT('Ctrl Pts',(23.21,-1.73833555554008,5.33816412425746));
#3711=CARTESIAN_POINT('Ctrl Pts',(23.21,-3.20421264937816,5.33816412425746));
#3712=CARTESIAN_POINT('Ctrl Pts',(23.21,-4.67500000000044,5.33816412425746));
#3713=CARTESIAN_POINT('Ctrl Pts',(23.21,-0.269999999999999,5.355));
#3714=CARTESIAN_POINT('Ctrl Pts',(23.21,-1.73833555554008,5.355));
#3715=CARTESIAN_POINT('Ctrl Pts',(23.21,-3.20421264937816,5.355));
#3716=CARTESIAN_POINT('Ctrl Pts',(23.21,-4.67500000000044,5.355));
#3717=CARTESIAN_POINT('Ctrl Pts',(23.21,-4.67500000000044,5.355));
#3718=CARTESIAN_POINT('Ctrl Pts',(23.21,-4.67500000000044,5.33816412425746));
#3719=CARTESIAN_POINT('Ctrl Pts',(23.1774215616713,-4.67500000000044,5.26749886853027));
#3720=CARTESIAN_POINT('Ctrl Pts',(22.9286184207319,-4.67500000000044,4.95465703993144));
#3721=CARTESIAN_POINT('Ctrl Pts',(22.3975778147383,-4.67500000000044,4.37531564218769));
#3722=CARTESIAN_POINT('Ctrl Pts',(21.6914286605979,-4.67500000000044,3.66942537546427));
#3723=CARTESIAN_POINT('Ctrl Pts',(21.2072554515786,-4.67500000000044,3.2250318083407));
#3724=CARTESIAN_POINT('Ctrl Pts',(20.8272681053325,-4.67500000000044,2.90550804844631));
#3725=CARTESIAN_POINT('Ctrl Pts',(20.7352538136138,-4.67500000000044,2.855));
#3726=CARTESIAN_POINT('Ctrl Pts',(20.71,-4.67500000000044,2.855));
#3727=CARTESIAN_POINT('Ctrl Pts',(20.71,-4.67500000000014,2.855));
#3728=CARTESIAN_POINT('Ctrl Pts',(20.71,-4.78731833600797,2.855));
#3729=CARTESIAN_POINT('Ctrl Pts',(20.71,-5.01170688721065,2.86765084718505));
#3730=CARTESIAN_POINT('Ctrl Pts',(20.71,-5.45453187066576,2.94282464825181));
#3731=CARTESIAN_POINT('Ctrl Pts',(20.71,-5.98777420344708,3.12934956828058));
#3732=CARTESIAN_POINT('Ctrl Pts',(20.71,-6.4178531691082,3.39968855335449));
#3733=CARTESIAN_POINT('Ctrl Pts',(20.71,-6.76092869221687,3.68941485658399));
#3734=CARTESIAN_POINT('Ctrl Pts',(20.71,-7.07034786005529,4.01664144481608));
#3735=CARTESIAN_POINT('Ctrl Pts',(20.71,-7.40076989388545,4.54257921183967));
#3736=CARTESIAN_POINT('Ctrl Pts',(20.71,-7.58720636750131,5.07551485315716));
#3737=CARTESIAN_POINT('Ctrl Pts',(20.71,-7.66240860406655,5.51865739348056));
#3738=CARTESIAN_POINT('Ctrl Pts',(20.71,-7.67500077426474,5.74286234239965));
#3739=CARTESIAN_POINT('Ctrl Pts',(20.71,-7.6749999999285,5.85502071186245));
#3740=CARTESIAN_POINT('Ctrl Pts',(20.7352538136138,-4.67500000000014,2.855));
#3741=CARTESIAN_POINT('Ctrl Pts',(20.7352538136138,-4.78739192030284,2.855));
#3742=CARTESIAN_POINT('Ctrl Pts',(20.7352538136138,-5.01180334753406,2.86754444324294));
#3743=CARTESIAN_POINT('Ctrl Pts',(20.7352538136138,-5.45481713903179,2.94267177152703));
#3744=CARTESIAN_POINT('Ctrl Pts',(20.7352538136138,-5.98816985482677,3.12909692611623));
#3745=CARTESIAN_POINT('Ctrl Pts',(20.7352538136138,-6.41825698113685,3.39934572201589));
#3746=CARTESIAN_POINT('Ctrl Pts',(20.7352538136138,-6.76155134663856,3.68925857762951));
#3747=CARTESIAN_POINT('Ctrl Pts',(20.7352538136138,-7.07080816097424,4.01632789450225));
#3748=CARTESIAN_POINT('Ctrl Pts',(20.7352538136138,-7.40117572991818,4.54233622845006));
#3749=CARTESIAN_POINT('Ctrl Pts',(20.7352538136138,-7.58745048064444,5.07532146070541));
#3750=CARTESIAN_POINT('Ctrl Pts',(20.7352538136138,-7.66251153551767,5.51855488867022));
#3751=CARTESIAN_POINT('Ctrl Pts',(20.7352538136138,-7.67500077477204,5.74278886290536));
#3752=CARTESIAN_POINT('Ctrl Pts',(20.7352538136138,-7.6749999999285,5.85502071186245));
#3753=CARTESIAN_POINT('Ctrl Pts',(20.8272472714014,-4.67500000000014,2.90549560196535));
#3754=CARTESIAN_POINT('Ctrl Pts',(20.8272472714014,-4.78540530046133,2.90549560196535));
#3755=CARTESIAN_POINT('Ctrl Pts',(20.8272472714013,-5.00600997594337,2.9179660589728));
#3756=CARTESIAN_POINT('Ctrl Pts',(20.8272472714013,-5.4413236347768,2.99188875984851));
#3757=CARTESIAN_POINT('Ctrl Pts',(20.8272472714013,-5.96555673902666,3.17530463376693));
#3758=CARTESIAN_POINT('Ctrl Pts',(20.8272472714013,-6.38839417639239,3.44112089628688));
#3759=CARTESIAN_POINT('Ctrl Pts',(20.8272472714013,-6.72562815755097,3.72591350153599));
#3760=CARTESIAN_POINT('Ctrl Pts',(20.8272472714013,-7.02988888425731,4.04768036195511));
#3761=CARTESIAN_POINT('Ctrl Pts',(20.8272472714013,-7.35476595816048,4.56474402901105));
#3762=CARTESIAN_POINT('Ctrl Pts',(20.8272472714013,-7.53811382614216,5.08869419927629));
#3763=CARTESIAN_POINT('Ctrl Pts',(20.8272472714013,-7.6120934537807,5.52435002213203));
#3764=CARTESIAN_POINT('Ctrl Pts',(20.8272472714014,-7.6245051591119,5.74477230473455));
#3765=CARTESIAN_POINT('Ctrl Pts',(20.8272472714014,-7.62450439796436,5.85502036324313));
#3766=CARTESIAN_POINT('Ctrl Pts',(21.2072370919889,-4.67500000000015,3.22501971830165));
#3767=CARTESIAN_POINT('Ctrl Pts',(21.2072370919889,-4.77347887323261,3.22501971830166));
#3768=CARTESIAN_POINT('Ctrl Pts',(21.2072370919889,-4.97019567360748,3.23609015461577));
#3769=CARTESIAN_POINT('Ctrl Pts',(21.2072370919889,-5.3584382544781,3.30198326624978));
#3770=CARTESIAN_POINT('Ctrl Pts',(21.2072370919889,-5.82593133460597,3.46548341491158));
#3771=CARTESIAN_POINT('Ctrl Pts',(21.2072370919888,-6.2029659392646,3.70246181477995));
#3772=CARTESIAN_POINT('Ctrl Pts',(21.2072370919888,-6.50376781017395,3.9564884670887));
#3773=CARTESIAN_POINT('Ctrl Pts',(21.2072370919888,-6.77499264414924,4.24332531385496));
#3774=CARTESIAN_POINT('Ctrl Pts',(21.2072370919889,-7.06465018901694,4.70440726756211));
#3775=CARTESIAN_POINT('Ctrl Pts',(21.2072370919889,-7.22806112159417,5.17162002454529));
#3776=CARTESIAN_POINT('Ctrl Pts',(21.2072370919889,-7.29396130937828,5.56012253738444));
#3777=CARTESIAN_POINT('Ctrl Pts',(21.2072370919889,-7.30498096056097,5.75667954007154));
#3778=CARTESIAN_POINT('Ctrl Pts',(21.2072370919889,-7.30498028163566,5.85501815726328));
#3779=CARTESIAN_POINT('Ctrl Pts',(21.6914007056954,-4.67500000000015,3.66940499735644));
#3780=CARTESIAN_POINT('Ctrl Pts',(21.6914007056954,-4.75686256062924,3.66940499735644));
#3781=CARTESIAN_POINT('Ctrl Pts',(21.6914007056954,-4.92034763672864,3.6785707908328));
#3782=CARTESIAN_POINT('Ctrl Pts',(21.6914007056954,-5.24304971228027,3.73331512030404));
#3783=CARTESIAN_POINT('Ctrl Pts',(21.6914007056954,-5.63158628532464,3.86915684824383));
#3784=CARTESIAN_POINT('Ctrl Pts',(21.6914007056954,-5.94491632357319,4.06606434415082));
#3785=CARTESIAN_POINT('Ctrl Pts',(21.6914007056954,-6.19496208331349,4.27722810706286));
#3786=CARTESIAN_POINT('Ctrl Pts',(21.6914007056954,-6.42030631118956,4.51554802853943));
#3787=CARTESIAN_POINT('Ctrl Pts',(21.6914007056954,-6.66100324948376,4.89874400384266));
#3788=CARTESIAN_POINT('Ctrl Pts',(21.6914007056954,-6.7967509908289,5.28702814768627));
#3789=CARTESIAN_POINT('Ctrl Pts',(21.6914007056954,-6.85147086508341,5.60991487037512));
#3790=CARTESIAN_POINT('Ctrl Pts',(21.6914007056954,-6.8605955669619,5.77326911929699));
#3791=CARTESIAN_POINT('Ctrl Pts',(21.6914007056954,-6.86059500259148,5.85501508924769));
#3792=CARTESIAN_POINT('Ctrl Pts',(22.397557866022,-4.67500000000015,4.37530187938571));
#3793=CARTESIAN_POINT('Ctrl Pts',(22.397557866022,-4.73042062041503,4.37530187938571));
#3794=CARTESIAN_POINT('Ctrl Pts',(22.3975578660219,-4.84110309040539,4.38151053875713));
#3795=CARTESIAN_POINT('Ctrl Pts',(22.3975578660219,-5.05957413361282,4.41857511015462));
#3796=CARTESIAN_POINT('Ctrl Pts',(22.3975578660219,-5.32261901002482,4.51054609270555));
#3797=CARTESIAN_POINT('Ctrl Pts',(22.3975578660219,-5.53475041164606,4.64385971710703));
#3798=CARTESIAN_POINT('Ctrl Pts',(22.3975578660219,-5.70403055177273,4.78681682345182));
#3799=CARTESIAN_POINT('Ctrl Pts',(22.3975578660219,-5.85659867271819,4.94816963447623));
#3800=CARTESIAN_POINT('Ctrl Pts',(22.3975578660219,-6.01955768101141,5.20760000306002));
#3801=CARTESIAN_POINT('Ctrl Pts',(22.3975578660219,-6.11146689941356,5.47047581091646));
#3802=CARTESIAN_POINT('Ctrl Pts',(22.3975578660219,-6.14851776789207,5.6890748150819));
#3803=CARTESIAN_POINT('Ctrl Pts',(22.397557866022,-6.15469850265551,5.79966852676792));
#3804=CARTESIAN_POINT('Ctrl Pts',(22.397557866022,-6.15469812057903,5.85501021576798));
#3805=CARTESIAN_POINT('Ctrl Pts',(22.9286051351903,-4.67500000000015,4.95464895352839));
#3806=CARTESIAN_POINT('Ctrl Pts',(22.9286051351903,-4.70869475059331,4.9546489535284));
#3807=CARTESIAN_POINT('Ctrl Pts',(22.9286051351903,-4.77603325374735,4.9584657777865));
#3808=CARTESIAN_POINT('Ctrl Pts',(22.9286051351903,-4.9088969179778,4.98103548896987));
#3809=CARTESIAN_POINT('Ctrl Pts',(22.9286051351903,-5.06891117439335,5.03703362764839));
#3810=CARTESIAN_POINT('Ctrl Pts',(22.9286051351903,-5.19798364920908,5.11818398532316));
#3811=CARTESIAN_POINT('Ctrl Pts',(22.9286051351903,-5.30090513242245,5.20510055645176));
#3812=CARTESIAN_POINT('Ctrl Pts',(22.9286051351903,-5.39379774300899,5.30333651735873));
#3813=CARTESIAN_POINT('Ctrl Pts',(22.9286051351903,-5.49297330097979,5.46116606683641));
#3814=CARTESIAN_POINT('Ctrl Pts',(22.9286051351903,-5.54895659335509,5.62109975786521));
#3815=CARTESIAN_POINT('Ctrl Pts',(22.9286051351903,-5.57155272017458,5.75407721432513));
#3816=CARTESIAN_POINT('Ctrl Pts',(22.9286051351903,-5.57535127874585,5.82135945428422));
#3817=CARTESIAN_POINT('Ctrl Pts',(22.9286051351903,-5.57535104645015,5.85500621598235));
#3818=CARTESIAN_POINT('Ctrl Pts',(23.1774108146516,-4.67500000000015,5.26749177224227));
#3819=CARTESIAN_POINT('Ctrl Pts',(23.1774108146516,-4.69701290027683,5.26749177224227));
#3820=CARTESIAN_POINT('Ctrl Pts',(23.1774108146516,-4.7409615331572,5.26994480069873));
#3821=CARTESIAN_POINT('Ctrl Pts',(23.1774108146516,-4.82772604994993,5.28465585814317));
#3822=CARTESIAN_POINT('Ctrl Pts',(23.1774108146516,-4.93217951457564,5.32116122901755));
#3823=CARTESIAN_POINT('Ctrl Pts',(23.1774108146516,-5.01640636779802,5.37408261922001));
#3824=CARTESIAN_POINT('Ctrl Pts',(23.1774108146516,-5.08364324703516,5.43086437264022));
#3825=CARTESIAN_POINT('Ctrl Pts',(23.1774108146516,-5.14420135524834,5.49491098464426));
#3826=CARTESIAN_POINT('Ctrl Pts',(23.1774108146516,-5.20889738748175,5.59792479747767));
#3827=CARTESIAN_POINT('Ctrl Pts',(23.1774108146516,-5.24537119243918,5.70230422386862));
#3828=CARTESIAN_POINT('Ctrl Pts',(23.1774108146516,-5.26006604362488,5.78910841642862));
#3829=CARTESIAN_POINT('Ctrl Pts',(23.1774108146516,-5.26250837950334,5.83302250716882));
#3830=CARTESIAN_POINT('Ctrl Pts',(23.1774108146516,-5.26250822774374,5.85500405612987));
#3831=CARTESIAN_POINT('Ctrl Pts',(23.21,-4.67500000000014,5.33816412425746));
#3832=CARTESIAN_POINT('Ctrl Pts',(23.21,-4.69435115604548,5.33816412425747));
#3833=CARTESIAN_POINT('Ctrl Pts',(23.21,-4.73300885147846,5.34034199331751));
#3834=CARTESIAN_POINT('Ctrl Pts',(23.21,-4.80930097263046,5.3532921329513));
#3835=CARTESIAN_POINT('Ctrl Pts',(23.21,-4.90116889003667,5.38542488816395));
#3836=CARTESIAN_POINT('Ctrl Pts',(23.21,-4.97526242581583,5.43199715941294));
#3837=CARTESIAN_POINT('Ctrl Pts',(23.21,-5.03437029912143,5.48191361645818));
#3838=CARTESIAN_POINT('Ctrl Pts',(23.21,-5.08767416437591,5.53828539610944));
#3839=CARTESIAN_POINT('Ctrl Pts',(23.21,-5.14459799835682,5.628894293691));
#3840=CARTESIAN_POINT('Ctrl Pts',(23.21,-5.1767145836125,5.7207084597232));
#3841=CARTESIAN_POINT('Ctrl Pts',(23.21,-5.18966819659738,5.79705381532191));
#3842=CARTESIAN_POINT('Ctrl Pts',(23.21,-5.19183600913944,5.83567997255969));
#3843=CARTESIAN_POINT('Ctrl Pts',(23.21,-5.19183587573022,5.85500356821119));
#3844=CARTESIAN_POINT('Ctrl Pts',(23.21,-4.67500000000014,5.355));
#3845=CARTESIAN_POINT('Ctrl Pts',(23.21,-4.69371972266812,5.355));
#3846=CARTESIAN_POINT('Ctrl Pts',(23.21,-4.73111781453533,5.35710847453068));
#3847=CARTESIAN_POINT('Ctrl Pts',(23.21,-4.80492197844457,5.36963744137507));
#3848=CARTESIAN_POINT('Ctrl Pts',(23.21,-4.89379570057502,5.40072492804622));
#3849=CARTESIAN_POINT('Ctrl Pts',(23.21,-4.96547552818531,5.44578142555844));
#3850=CARTESIAN_POINT('Ctrl Pts',(23.21,-5.02265478203675,5.49406914276337));
#3851=CARTESIAN_POINT('Ctrl Pts',(23.21,-5.07422464334315,5.5486069074688));
#3852=CARTESIAN_POINT('Ctrl Pts',(23.21,-5.12929498231486,5.6362632019728));
#3853=CARTESIAN_POINT('Ctrl Pts',(23.21,-5.16036772791714,5.72508580885931));
#3854=CARTESIAN_POINT('Ctrl Pts',(23.21,-5.1729014340112,5.79894289891334));
#3855=CARTESIAN_POINT('Ctrl Pts',(23.21,-5.17500012904412,5.83631039039994));
#3856=CARTESIAN_POINT('Ctrl Pts',(23.21,-5.17499999998808,5.85500345197708));
#3857=CARTESIAN_POINT('Ctrl Pts',(20.71,-7.67499999999992,5.85500000000042));
#3858=CARTESIAN_POINT('Ctrl Pts',(20.71,-7.67499999912487,5.74284854137498));
#3859=CARTESIAN_POINT('Ctrl Pts',(20.71,-7.66240744679046,5.51865057402556));
#3860=CARTESIAN_POINT('Ctrl Pts',(20.71,-7.58720636750131,5.07551485315716));
#3861=CARTESIAN_POINT('Ctrl Pts',(20.71,-7.40076989388545,4.54257921183967));
#3862=CARTESIAN_POINT('Ctrl Pts',(20.71,-7.07034786005529,4.01664144481608));
#3863=CARTESIAN_POINT('Ctrl Pts',(20.71,-6.76092869221687,3.68941485658399));
#3864=CARTESIAN_POINT('Ctrl Pts',(20.71,-6.4178531691082,3.39968855335449));
#3865=CARTESIAN_POINT('Ctrl Pts',(20.71,-5.98777420344708,3.12934956828058));
#3866=CARTESIAN_POINT('Ctrl Pts',(20.71,-5.45453187066576,2.94282464825181));
#3867=CARTESIAN_POINT('Ctrl Pts',(20.71,-5.01170688721065,2.86765084718505));
#3868=CARTESIAN_POINT('Ctrl Pts',(20.71,-4.78731833600797,2.855));
#3869=CARTESIAN_POINT('Ctrl Pts',(20.71,-4.67500000000014,2.855));
#3870=CARTESIAN_POINT('Ctrl Pts',(20.71,17.0750000000004,2.855));
#3871=CARTESIAN_POINT('Ctrl Pts',(20.71,15.6042126493901,2.855));
#3872=CARTESIAN_POINT('Ctrl Pts',(20.71,14.1383357282515,2.855));
#3873=CARTESIAN_POINT('Ctrl Pts',(20.71,12.67,2.855));
#3874=CARTESIAN_POINT('Ctrl Pts',(20.7352538136138,17.0750000000004,2.855));
#3875=CARTESIAN_POINT('Ctrl Pts',(20.7352538136138,15.6042126493901,2.855));
#3876=CARTESIAN_POINT('Ctrl Pts',(20.7352538136138,14.1383357282515,2.855));
#3877=CARTESIAN_POINT('Ctrl Pts',(20.7352538136138,12.67,2.855));
#3878=CARTESIAN_POINT('Ctrl Pts',(20.8273429649524,17.0750000000005,2.90555348707637));
#3879=CARTESIAN_POINT('Ctrl Pts',(20.8273429649524,15.6042126493901,2.90555348707637));
#3880=CARTESIAN_POINT('Ctrl Pts',(20.8273429649524,14.1383357282516,2.90555348707637));
#3881=CARTESIAN_POINT('Ctrl Pts',(20.8273429649524,12.67,2.90555348707637));
#3882=CARTESIAN_POINT('Ctrl Pts',(21.2073213172511,17.0750000000004,3.22507529632657));
#3883=CARTESIAN_POINT('Ctrl Pts',(21.2073213172511,15.6042126493901,3.22507529632657));
#3884=CARTESIAN_POINT('Ctrl Pts',(21.2073213172511,14.1383357282516,3.22507529632657));
#3885=CARTESIAN_POINT('Ctrl Pts',(21.2073213172511,12.67,3.22507529632657));
#3886=CARTESIAN_POINT('Ctrl Pts',(21.6915274919677,17.0750000000005,3.66949675615722));
#3887=CARTESIAN_POINT('Ctrl Pts',(21.6915274919677,15.6042126493901,3.66949675615722));
#3888=CARTESIAN_POINT('Ctrl Pts',(21.6915274919677,14.1383357282516,3.66949675615722));
#3889=CARTESIAN_POINT('Ctrl Pts',(21.6915274919677,12.67,3.66949675615722));
#3890=CARTESIAN_POINT('Ctrl Pts',(22.3976495445141,17.0750000000005,4.37536496048862));
#3891=CARTESIAN_POINT('Ctrl Pts',(22.3976495445141,15.6042126493901,4.37536496048862));
#3892=CARTESIAN_POINT('Ctrl Pts',(22.3976495445141,14.1383357282516,4.37536496048862));
#3893=CARTESIAN_POINT('Ctrl Pts',(22.3976495445141,12.67,4.37536496048862));
#3894=CARTESIAN_POINT('Ctrl Pts',(22.9286680288026,17.0750000000004,4.95468775330992));
#3895=CARTESIAN_POINT('Ctrl Pts',(22.9286680288026,15.6042126493901,4.95468775330992));
#3896=CARTESIAN_POINT('Ctrl Pts',(22.9286680288026,14.1383357282515,4.95468775330992));
#3897=CARTESIAN_POINT('Ctrl Pts',(22.9286680288026,12.67,4.95468775330992));
#3898=CARTESIAN_POINT('Ctrl Pts',(23.1774609517901,17.0750000000004,5.26752491820843));
#3899=CARTESIAN_POINT('Ctrl Pts',(23.1774609517901,15.6042126493901,5.26752491820843));
#3900=CARTESIAN_POINT('Ctrl Pts',(23.1774609517901,14.1383357282515,5.26752491820843));
#3901=CARTESIAN_POINT('Ctrl Pts',(23.1774609517901,12.67,5.26752491820843));
#3902=CARTESIAN_POINT('Ctrl Pts',(23.21,17.0750000000004,5.33816412425746));
#3903=CARTESIAN_POINT('Ctrl Pts',(23.21,15.6042126493901,5.33816412425746));
#3904=CARTESIAN_POINT('Ctrl Pts',(23.21,14.1383357282516,5.33816412425746));
#3905=CARTESIAN_POINT('Ctrl Pts',(23.21,12.67,5.33816412425746));
#3906=CARTESIAN_POINT('Ctrl Pts',(23.21,17.0750000000004,5.355));
#3907=CARTESIAN_POINT('Ctrl Pts',(23.21,15.6042126493901,5.355));
#3908=CARTESIAN_POINT('Ctrl Pts',(23.21,14.1383357282515,5.355));
#3909=CARTESIAN_POINT('Ctrl Pts',(23.21,12.67,5.355));
#3910=CARTESIAN_POINT('',(23.21,17.0750000000001,5.355));
#3911=CARTESIAN_POINT('Ctrl Pts',(20.71,17.0750000000004,2.855));
#3912=CARTESIAN_POINT('Ctrl Pts',(20.7352538136138,17.0750000000004,2.855));
#3913=CARTESIAN_POINT('Ctrl Pts',(20.8273429649524,17.0750000000005,2.90555348707637));
#3914=CARTESIAN_POINT('Ctrl Pts',(21.2073213172511,17.0750000000004,3.22507529632657));
#3915=CARTESIAN_POINT('Ctrl Pts',(21.6915274919677,17.0750000000005,3.66949675615722));
#3916=CARTESIAN_POINT('Ctrl Pts',(22.3976495445141,17.0750000000005,4.37536496048862));
#3917=CARTESIAN_POINT('Ctrl Pts',(22.9286680288026,17.0750000000004,4.95468775330992));
#3918=CARTESIAN_POINT('Ctrl Pts',(23.1774609517901,17.0750000000004,5.26752491820843));
#3919=CARTESIAN_POINT('Ctrl Pts',(23.21,17.0750000000004,5.33816412425746));
#3920=CARTESIAN_POINT('Ctrl Pts',(23.21,17.0750000000004,5.355));
#3921=CARTESIAN_POINT('Ctrl Pts',(23.21,17.0750000000004,5.355));
#3922=CARTESIAN_POINT('Ctrl Pts',(23.21,15.6042126493901,5.355));
#3923=CARTESIAN_POINT('Ctrl Pts',(23.21,14.1383357282515,5.355));
#3924=CARTESIAN_POINT('Ctrl Pts',(23.21,12.67,5.355));
#3925=CARTESIAN_POINT('Ctrl Pts',(20.71,20.0749999999285,5.85502071186245));
#3926=CARTESIAN_POINT('Ctrl Pts',(20.71,20.0750003870966,5.7989415271311));
#3927=CARTESIAN_POINT('Ctrl Pts',(20.71,20.071872805195,5.68678732832307));
#3928=CARTESIAN_POINT('Ctrl Pts',(20.71,20.0529648191806,5.46328637650329));
#3929=CARTESIAN_POINT('Ctrl Pts',(20.71,19.9500344841084,4.85370275451547));
#3930=CARTESIAN_POINT('Ctrl Pts',(20.71,19.6253142120839,4.18024782210613));
#3931=CARTESIAN_POINT('Ctrl Pts',(20.71,19.0060490648788,3.52566844916914));
#3932=CARTESIAN_POINT('Ctrl Pts',(20.71,18.4412097988074,3.14787575911589));
#3933=CARTESIAN_POINT('Ctrl Pts',(20.71,17.8544989182632,2.94283238342696));
#3934=CARTESIAN_POINT('Ctrl Pts',(20.71,17.4670648817579,2.87703066753754));
#3935=CARTESIAN_POINT('Ctrl Pts',(20.71,17.2434024806613,2.85815193315732));
#3936=CARTESIAN_POINT('Ctrl Pts',(20.71,17.1311591680036,2.855));
#3937=CARTESIAN_POINT('Ctrl Pts',(20.71,17.0750000000001,2.855));
#3938=CARTESIAN_POINT('Ctrl Pts',(20.7352538136138,20.0749999999285,5.85502071186245));
#3939=CARTESIAN_POINT('Ctrl Pts',(20.7352538136138,20.0750003873503,5.79890478738395));
#3940=CARTESIAN_POINT('Ctrl Pts',(20.7352538136138,20.0718982908379,5.68670569739035));
#3941=CARTESIAN_POINT('Ctrl Pts',(20.7352538136138,20.0530105364972,5.46309184074804));
#3942=CARTESIAN_POINT('Ctrl Pts',(20.7352538136138,19.9502210812221,4.85332528714021));
#3943=CARTESIAN_POINT('Ctrl Pts',(20.7352538136138,19.6260707987224,4.18022517294139));
#3944=CARTESIAN_POINT('Ctrl Pts',(20.7352538136138,19.0066468512199,3.52546694140671));
#3945=CARTESIAN_POINT('Ctrl Pts',(20.7352538136138,18.4416938379117,3.14767508902849));
#3946=CARTESIAN_POINT('Ctrl Pts',(20.7352538136138,17.8548346375563,2.94272443020881));
#3947=CARTESIAN_POINT('Ctrl Pts',(20.7352538136138,17.4672653143347,2.87699179084405));
#3948=CARTESIAN_POINT('Ctrl Pts',(20.7352538136138,17.2434794884107,2.85812256322516));
#3949=CARTESIAN_POINT('Ctrl Pts',(20.7352538136138,17.131195960151,2.855));
#3950=CARTESIAN_POINT('Ctrl Pts',(20.7352538136138,17.0750000000001,2.855));
#3951=CARTESIAN_POINT('Ctrl Pts',(20.8273211251494,20.0244598730296,5.85502036293573));
#3952=CARTESIAN_POINT('Ctrl Pts',(20.8273211251494,20.0244602536034,5.7998963336815));
#3953=CARTESIAN_POINT('Ctrl Pts',(20.8273211251495,20.0213781429549,5.68964427851923));
#3954=CARTESIAN_POINT('Ctrl Pts',(20.8273211251495,20.0027829640752,5.46994056014235));
#3955=CARTESIAN_POINT('Ctrl Pts',(20.8273211251494,19.9015467651156,4.87067822761956));
#3956=CARTESIAN_POINT('Ctrl Pts',(20.8273211251494,19.5821355232756,4.2084682995456));
#3957=CARTESIAN_POINT('Ctrl Pts',(20.8273211251494,18.9733479326756,3.56496709279535));
#3958=CARTESIAN_POINT('Ctrl Pts',(20.8273211251494,18.418056565883,3.19353872898713));
#3959=CARTESIAN_POINT('Ctrl Pts',(20.8273211251494,17.8412718413071,2.99192339923999));
#3960=CARTESIAN_POINT('Ctrl Pts',(20.8273211251494,17.4604031104205,2.92721066121196));
#3961=CARTESIAN_POINT('Ctrl Pts',(20.8273211251494,17.2405436422294,2.90864727878215));
#3962=CARTESIAN_POINT('Ctrl Pts',(20.8273211251494,17.1302026502303,2.90554012690009));
#3963=CARTESIAN_POINT('Ctrl Pts',(20.8273211251494,17.0750000000002,2.90554012690009));
#3964=CARTESIAN_POINT('Ctrl Pts',(21.2073021159151,19.7049373978571,5.85501815696721));
#3965=CARTESIAN_POINT('Ctrl Pts',(21.2073021159151,19.7049377373197,5.80584884837139));
#3966=CARTESIAN_POINT('Ctrl Pts',(21.2073021159152,19.7022013157105,5.70751989987991));
#3967=CARTESIAN_POINT('Ctrl Pts',(21.2073021159151,19.685629964196,5.51156498389391));
#3968=CARTESIAN_POINT('Ctrl Pts',(21.2073021159152,19.5954261472865,4.97713758932425));
#3969=CARTESIAN_POINT('Ctrl Pts',(21.2073021159151,19.3108813614787,4.38683077493998));
#3970=CARTESIAN_POINT('Ctrl Pts',(21.2073021159151,18.7679717736445,3.81295890092654));
#3971=CARTESIAN_POINT('Ctrl Pts',(21.2073021159151,18.2727838811562,3.48176870235726));
#3972=CARTESIAN_POINT('Ctrl Pts',(21.2073021159151,17.7584150586298,3.30203778801268));
#3973=CARTESIAN_POINT('Ctrl Pts',(21.2073021159151,17.4187441853677,3.24436751793128));
#3974=CARTESIAN_POINT('Ctrl Pts',(21.2073021159151,17.2226455230501,3.22781955414288));
#3975=CARTESIAN_POINT('Ctrl Pts',(21.2073021159151,17.124239436616,3.22506260208023));
#3976=CARTESIAN_POINT('Ctrl Pts',(21.2073021159151,17.0750000000002,3.22506260208023));
#3977=CARTESIAN_POINT('Ctrl Pts',(21.6914988892343,19.2605238043797,5.85501508875614));
#3978=CARTESIAN_POINT('Ctrl Pts',(21.6914988892343,19.2605240865649,5.81414210378083));
#3979=CARTESIAN_POINT('Ctrl Pts',(21.6914988892343,19.2582586967982,5.73241384299137));
#3980=CARTESIAN_POINT('Ctrl Pts',(21.6914988892343,19.2444944613451,5.56953368621735));
#3981=CARTESIAN_POINT('Ctrl Pts',(21.6914988892343,19.1695811915063,5.125353304729));
#3982=CARTESIAN_POINT('Ctrl Pts',(21.6914988892343,18.9333124011338,4.63491812657727));
#3983=CARTESIAN_POINT('Ctrl Pts',(21.6914988892343,18.4820913352959,4.1579600736631));
#3984=CARTESIAN_POINT('Ctrl Pts',(21.6914988892343,18.0705430758289,3.88273553111989));
#3985=CARTESIAN_POINT('Ctrl Pts',(21.6914988892343,17.6430434298891,3.73340738493222));
#3986=CARTESIAN_POINT('Ctrl Pts',(21.6914988892343,17.3607252343147,3.68550576113021));
#3987=CARTESIAN_POINT('Ctrl Pts',(21.6914988892343,17.1977220618576,3.67175733196756));
#3988=CARTESIAN_POINT('Ctrl Pts',(21.6914988892343,17.1159312803144,3.66947619556826));
#3989=CARTESIAN_POINT('Ctrl Pts',(21.6914988892343,17.0750000000002,3.66947619556826));
#3990=CARTESIAN_POINT('Ctrl Pts',(22.3976286052355,18.5546494118691,5.8550102154317));
#3991=CARTESIAN_POINT('Ctrl Pts',(22.3976286052355,18.5546496029073,5.8273393709317));
#3992=CARTESIAN_POINT('Ctrl Pts',(22.3976286052355,18.553115121041,5.772008817359));
#3993=CARTESIAN_POINT('Ctrl Pts',(22.3976286052355,18.5437958156035,5.66173861310409));
#3994=CARTESIAN_POINT('Ctrl Pts',(22.3976286052355,18.4930736162565,5.3610238394589));
#3995=CARTESIAN_POINT('Ctrl Pts',(22.3976286052355,18.3330972333945,5.02897744925081));
#3996=CARTESIAN_POINT('Ctrl Pts',(22.3976286052355,18.0276150351,4.70607132354208));
#3997=CARTESIAN_POINT('Ctrl Pts',(22.3976286052355,17.7489908846838,4.51973801233131));
#3998=CARTESIAN_POINT('Ctrl Pts',(22.3976286052355,17.4595683150382,4.41863668505421));
#3999=CARTESIAN_POINT('Ctrl Pts',(22.3976286052355,17.2684365058275,4.38620413065316));
#4000=CARTESIAN_POINT('Ctrl Pts',(22.3976286052355,17.1580833314384,4.37689584684213));
#4001=CARTESIAN_POINT('Ctrl Pts',(22.3976286052355,17.1027103102074,4.37535058809566));
#4002=CARTESIAN_POINT('Ctrl Pts',(22.3976286052355,17.0750000000002,4.37535058809566));
#4003=CARTESIAN_POINT('Ctrl Pts',(22.9286532786409,17.9753214511725,5.85500621577802));
#4004=CARTESIAN_POINT('Ctrl Pts',(22.9286532786409,17.9753215673203,5.83818283492897));
#4005=CARTESIAN_POINT('Ctrl Pts',(22.9286532786409,17.9743785295792,5.80453235769734));
#4006=CARTESIAN_POINT('Ctrl Pts',(22.9286532786409,17.9687005925529,5.7374777409832));
#4007=CARTESIAN_POINT('Ctrl Pts',(22.9286532786409,17.9377859853463,5.55456912136033));
#4008=CARTESIAN_POINT('Ctrl Pts',(22.9286532786409,17.8402360749868,5.35239883152848));
#4009=CARTESIAN_POINT('Ctrl Pts',(22.9286532786409,17.6544177676375,5.15598595762669));
#4010=CARTESIAN_POINT('Ctrl Pts',(22.9286532786409,17.48492522848,5.04260752442889));
#4011=CARTESIAN_POINT('Ctrl Pts',(22.9286532786409,17.3088748683624,4.98105643182262));
#4012=CARTESIAN_POINT('Ctrl Pts',(22.9286532786409,17.1926266495686,4.96129686443069));
#4013=CARTESIAN_POINT('Ctrl Pts',(22.9286532786409,17.1255254086075,4.95562956946687));
#4014=CARTESIAN_POINT('Ctrl Pts',(22.9286532786409,17.0918473752966,4.95467854880605));
#4015=CARTESIAN_POINT('Ctrl Pts',(22.9286532786409,17.0750000000002,4.95467854880605));
#4016=CARTESIAN_POINT('Ctrl Pts',(23.1774493418785,17.6624827659449,5.85500405595408));
#4017=CARTESIAN_POINT('Ctrl Pts',(23.1774493418785,17.6624828418247,5.84401328147357));
#4018=CARTESIAN_POINT('Ctrl Pts',(23.1774493418785,17.6618765646242,5.82203949246762));
#4019=CARTESIAN_POINT('Ctrl Pts',(23.1774493418785,17.6581787729715,5.77824441888274));
#4020=CARTESIAN_POINT('Ctrl Pts',(23.1774493418785,17.6380563890494,5.65882669961056));
#4021=CARTESIAN_POINT('Ctrl Pts',(23.1774493418784,17.5746056342157,5.52703181862202));
#4022=CARTESIAN_POINT('Ctrl Pts',(23.1774493418785,17.453297865966,5.39880367915455));
#4023=CARTESIAN_POINT('Ctrl Pts',(23.1774493418785,17.3426591287897,5.3248216510964));
#4024=CARTESIAN_POINT('Ctrl Pts',(23.1774493418785,17.2277289294701,5.28469101935807));
#4025=CARTESIAN_POINT('Ctrl Pts',(23.1774493418785,17.1518257993333,5.27182200458153));
#4026=CARTESIAN_POINT('Ctrl Pts',(23.1774493418785,17.1079965545384,5.26812733645263));
#4027=CARTESIAN_POINT('Ctrl Pts',(23.1774493418785,17.0860064501384,5.26751723404115));
#4028=CARTESIAN_POINT('Ctrl Pts',(23.1774493418785,17.0750000000002,5.26751723404115));
#4029=CARTESIAN_POINT('Ctrl Pts',(23.21,17.5918358757302,5.85500356821119));
#4030=CARTESIAN_POINT('Ctrl Pts',(23.21,17.5918359424348,5.84534177038545));
#4031=CARTESIAN_POINT('Ctrl Pts',(23.21,17.5912975105088,5.82601932353535));
#4032=CARTESIAN_POINT('Ctrl Pts',(23.21,17.5880403731818,5.78751318746758));
#4033=CARTESIAN_POINT('Ctrl Pts',(23.21,17.5703097969616,5.68249220576782));
#4034=CARTESIAN_POINT('Ctrl Pts',(23.21,17.5143760139019,5.56647565626599));
#4035=CARTESIAN_POINT('Ctrl Pts',(23.21,17.4076874755515,5.45370292975453));
#4036=CARTESIAN_POINT('Ctrl Pts',(23.21,17.3103760312808,5.38861733709159));
#4037=CARTESIAN_POINT('Ctrl Pts',(23.21,17.2092960549799,5.35329414170692));
#4038=CARTESIAN_POINT('Ctrl Pts',(23.21,17.1425474155768,5.34195895223536));
#4039=CARTESIAN_POINT('Ctrl Pts',(23.21,17.1040133069115,5.33870669291758));
#4040=CARTESIAN_POINT('Ctrl Pts',(23.21,17.0846755780227,5.33816412425746));
#4041=CARTESIAN_POINT('Ctrl Pts',(23.21,17.0750000000001,5.33816412425746));
#4042=CARTESIAN_POINT('Ctrl Pts',(23.21,17.5749999999881,5.85500345197707));
#4043=CARTESIAN_POINT('Ctrl Pts',(23.21,17.5750000645161,5.84565692118852));
#4044=CARTESIAN_POINT('Ctrl Pts',(23.21,17.5744788008659,5.8269645547205));
#4045=CARTESIAN_POINT('Ctrl Pts',(23.21,17.5713274698635,5.78971439608386));
#4046=CARTESIAN_POINT('Ctrl Pts',(23.21,17.5541724140183,5.68811712575243));
#4047=CARTESIAN_POINT('Ctrl Pts',(23.21,17.5000523686811,5.57587463701734));
#4048=CARTESIAN_POINT('Ctrl Pts',(23.21,17.3968415108135,5.4667780748612));
#4049=CARTESIAN_POINT('Ctrl Pts',(23.21,17.3027016331349,5.40381262651901));
#4050=CARTESIAN_POINT('Ctrl Pts',(23.21,17.2049164863774,5.36963873057104));
#4051=CARTESIAN_POINT('Ctrl Pts',(23.21,17.1403441469598,5.35867177792287));
#4052=CARTESIAN_POINT('Ctrl Pts',(23.21,17.1030670801104,5.35552532219286));
#4053=CARTESIAN_POINT('Ctrl Pts',(23.21,17.0843598613341,5.355));
#4054=CARTESIAN_POINT('Ctrl Pts',(23.21,17.0750000000001,5.355));
#4055=CARTESIAN_POINT('Ctrl Pts',(23.21,17.5749999999883,5.85499654803817));
#4056=CARTESIAN_POINT('Ctrl Pts',(23.21,17.574999936154,5.84565231873471));
#4057=CARTESIAN_POINT('Ctrl Pts',(23.21,17.5744786068848,5.82696226177684));
#4058=CARTESIAN_POINT('Ctrl Pts',(23.21,17.5713274698635,5.78971439608386));
#4059=CARTESIAN_POINT('Ctrl Pts',(23.21,17.5541724140183,5.68811712575243));
#4060=CARTESIAN_POINT('Ctrl Pts',(23.21,17.5000523686811,5.57587463701734));
#4061=CARTESIAN_POINT('Ctrl Pts',(23.21,17.3968415108135,5.4667780748612));
#4062=CARTESIAN_POINT('Ctrl Pts',(23.21,17.3027016331349,5.40381262651901));
#4063=CARTESIAN_POINT('Ctrl Pts',(23.21,17.2049164863774,5.36963873057104));
#4064=CARTESIAN_POINT('Ctrl Pts',(23.21,17.1403441469598,5.35867177792287));
#4065=CARTESIAN_POINT('Ctrl Pts',(23.21,17.1030670801104,5.35552532219286));
#4066=CARTESIAN_POINT('Ctrl Pts',(23.21,17.0843598613341,5.355));
#4067=CARTESIAN_POINT('Ctrl Pts',(23.21,17.0750000000001,5.355));
#4068=CARTESIAN_POINT('Ctrl Pts',(20.71,17.0750000000001,2.855));
#4069=CARTESIAN_POINT('Ctrl Pts',(20.71,17.1311591680036,2.855));
#4070=CARTESIAN_POINT('Ctrl Pts',(20.71,17.2434024806613,2.85815193315732));
#4071=CARTESIAN_POINT('Ctrl Pts',(20.71,17.4670648817579,2.87703066753754));
#4072=CARTESIAN_POINT('Ctrl Pts',(20.71,17.8544989182632,2.94283238342696));
#4073=CARTESIAN_POINT('Ctrl Pts',(20.71,18.4412097988074,3.14787575911589));
#4074=CARTESIAN_POINT('Ctrl Pts',(20.71,19.0060490648788,3.52566844916914));
#4075=CARTESIAN_POINT('Ctrl Pts',(20.71,19.6253142120839,4.18024782210613));
#4076=CARTESIAN_POINT('Ctrl Pts',(20.71,19.9500344841084,4.85370275451547));
#4077=CARTESIAN_POINT('Ctrl Pts',(20.71,20.0529648191806,5.46328637650329));
#4078=CARTESIAN_POINT('Ctrl Pts',(20.71,20.0718722232506,5.6867804494769));
#4079=CARTESIAN_POINT('Ctrl Pts',(20.71,20.0750000020335,5.79892771973764));
#4080=CARTESIAN_POINT('Ctrl Pts',(20.71,20.0750000000004,5.85499999999987));
#4081=CARTESIAN_POINT('Origin',(23.21,12.67,2.855));
#4082=CARTESIAN_POINT('Ctrl Pts',(-8.31,20.075,5.85500000000022));
#4083=CARTESIAN_POINT('Ctrl Pts',(-8.31,20.075,6.34172511112394));
#4084=CARTESIAN_POINT('Ctrl Pts',(-8.31,20.075,6.82834758041363));
#4085=CARTESIAN_POINT('Ctrl Pts',(-8.31,20.075,7.315));
#4086=CARTESIAN_POINT('Ctrl Pts',(-8.33525381361381,20.075,5.85500000000022));
#4087=CARTESIAN_POINT('Ctrl Pts',(-8.33525381361381,20.075,6.34172511112394));
#4088=CARTESIAN_POINT('Ctrl Pts',(-8.33525381361381,20.075,6.82834758041363));
#4089=CARTESIAN_POINT('Ctrl Pts',(-8.33525381361381,20.075,7.315));
#4090=CARTESIAN_POINT('Ctrl Pts',(-8.42728645893045,20.0244809088944,5.85500000000022));
#4091=CARTESIAN_POINT('Ctrl Pts',(-8.42728645893045,20.0244809088944,6.34172511112394));
#4092=CARTESIAN_POINT('Ctrl Pts',(-8.42728645893045,20.0244809088944,6.82834758041363));
#4093=CARTESIAN_POINT('Ctrl Pts',(-8.42728645893045,20.0244809088944,7.315));
#4094=CARTESIAN_POINT('Ctrl Pts',(-8.8072716139751,19.7049575359835,5.85500000000022));
#4095=CARTESIAN_POINT('Ctrl Pts',(-8.8072716139751,19.7049575359835,6.34172511112394));
#4096=CARTESIAN_POINT('Ctrl Pts',(-8.8072716139751,19.7049575359835,6.82834758041363));
#4097=CARTESIAN_POINT('Ctrl Pts',(-8.8072716139751,19.7049575359835,7.315));
#4098=CARTESIAN_POINT('Ctrl Pts',(-9.29145310998559,19.2605568740647,5.85500000000022));
#4099=CARTESIAN_POINT('Ctrl Pts',(-9.29145310998559,19.2605568740647,6.34172511112394));
#4100=CARTESIAN_POINT('Ctrl Pts',(-9.29145310998559,19.2605568740647,6.82834758041363));
#4101=CARTESIAN_POINT('Ctrl Pts',(-9.29145310998559,19.2605568740647,7.315));
#4102=CARTESIAN_POINT('Ctrl Pts',(-9.99759539134195,18.554672249837,5.85500000000022));
#4103=CARTESIAN_POINT('Ctrl Pts',(-9.99759539134195,18.554672249837,6.34172511112394));
#4104=CARTESIAN_POINT('Ctrl Pts',(-9.99759539134195,18.554672249837,6.82834758041363));
#4105=CARTESIAN_POINT('Ctrl Pts',(-9.99759539134195,18.554672249837,7.315));
#4106=CARTESIAN_POINT('Ctrl Pts',(-10.5286303249036,17.975335658062,5.85500000000022));
#4107=CARTESIAN_POINT('Ctrl Pts',(-10.5286303249036,17.975335658062,6.34172511112394));
#4108=CARTESIAN_POINT('Ctrl Pts',(-10.5286303249036,17.975335658062,6.82834758041363));
#4109=CARTESIAN_POINT('Ctrl Pts',(-10.5286303249036,17.975335658062,7.315));
#4110=CARTESIAN_POINT('Ctrl Pts',(-10.777431110402,17.6624948223122,5.85500000000022));
#4111=CARTESIAN_POINT('Ctrl Pts',(-10.777431110402,17.6624948223122,6.34172511112394));
#4112=CARTESIAN_POINT('Ctrl Pts',(-10.777431110402,17.6624948223122,6.82834758041363));
#4113=CARTESIAN_POINT('Ctrl Pts',(-10.777431110402,17.6624948223122,7.315));
#4114=CARTESIAN_POINT('Ctrl Pts',(-10.81,17.5918358757425,5.85500000000022));
#4115=CARTESIAN_POINT('Ctrl Pts',(-10.81,17.5918358757425,6.34172511112394));
#4116=CARTESIAN_POINT('Ctrl Pts',(-10.81,17.5918358757425,6.82834758041363));
#4117=CARTESIAN_POINT('Ctrl Pts',(-10.81,17.5918358757425,7.315));
#4118=CARTESIAN_POINT('Ctrl Pts',(-10.81,17.575,5.85500000000022));
#4119=CARTESIAN_POINT('Ctrl Pts',(-10.81,17.575,6.34172511112394));
#4120=CARTESIAN_POINT('Ctrl Pts',(-10.81,17.575,6.82834758041363));
#4121=CARTESIAN_POINT('Ctrl Pts',(-10.81,17.575,7.315));
#4122=CARTESIAN_POINT('',(-10.81,17.575,5.85500000000022));
#4123=CARTESIAN_POINT('Ctrl Pts',(-8.31,20.075,5.85500000000022));
#4124=CARTESIAN_POINT('Ctrl Pts',(-8.33525381361381,20.075,5.85500000000022));
#4125=CARTESIAN_POINT('Ctrl Pts',(-8.42728645893045,20.0244809088944,5.85500000000022));
#4126=CARTESIAN_POINT('Ctrl Pts',(-8.8072716139751,19.7049575359835,5.85500000000022));
#4127=CARTESIAN_POINT('Ctrl Pts',(-9.29145310998559,19.2605568740647,5.85500000000022));
#4128=CARTESIAN_POINT('Ctrl Pts',(-9.99759539134195,18.554672249837,5.85500000000022));
#4129=CARTESIAN_POINT('Ctrl Pts',(-10.5286303249036,17.975335658062,5.85500000000022));
#4130=CARTESIAN_POINT('Ctrl Pts',(-10.777431110402,17.6624948223122,5.85500000000022));
#4131=CARTESIAN_POINT('Ctrl Pts',(-10.81,17.5918358757425,5.85500000000022));
#4132=CARTESIAN_POINT('Ctrl Pts',(-10.81,17.575,5.85500000000022));
#4133=CARTESIAN_POINT('Ctrl Pts',(-10.81,17.575,5.85500000000022));
#4134=CARTESIAN_POINT('Ctrl Pts',(-10.81,17.575,6.34172511112394));
#4135=CARTESIAN_POINT('Ctrl Pts',(-10.81,17.575,6.82834758041363));
#4136=CARTESIAN_POINT('Ctrl Pts',(-10.81,17.575,7.315));
#4137=CARTESIAN_POINT('Ctrl Pts',(-8.31,17.0749999999468,2.855));
#4138=CARTESIAN_POINT('Ctrl Pts',(-8.31,17.1311430116854,2.854999999999));
#4139=CARTESIAN_POINT('Ctrl Pts',(-8.31,17.2433291847718,2.85812317901063));
#4140=CARTESIAN_POINT('Ctrl Pts',(-8.31,17.4670899730076,2.87708212592882));
#4141=CARTESIAN_POINT('Ctrl Pts',(-8.31,18.0761203615472,2.97993514035617));
#4142=CARTESIAN_POINT('Ctrl Pts',(-8.31,18.801802127722,3.32965693794788));
#4143=CARTESIAN_POINT('Ctrl Pts',(-8.31000000000001,19.4402815324826,3.96896377962587));
#4144=CARTESIAN_POINT('Ctrl Pts',(-8.31000000000001,19.8009006198919,4.54257253230738));
#4145=CARTESIAN_POINT('Ctrl Pts',(-8.31000000000001,19.9872190167414,5.07560613483173));
#4146=CARTESIAN_POINT('Ctrl Pts',(-8.31000000000001,20.053004597027,5.46318803978397));
#4147=CARTESIAN_POINT('Ctrl Pts',(-8.31000000000001,20.071859170104,5.68679626251794));
#4148=CARTESIAN_POINT('Ctrl Pts',(-8.31000000000001,20.075,5.79892179831999));
#4149=CARTESIAN_POINT('Ctrl Pts',(-8.31000000000001,20.075,5.85500000000022));
#4150=CARTESIAN_POINT('Ctrl Pts',(-8.33525381361382,17.0749999999468,2.855));
#4151=CARTESIAN_POINT('Ctrl Pts',(-8.33525381361382,17.1311797932482,2.854999999999));
#4152=CARTESIAN_POINT('Ctrl Pts',(-8.33525381361382,17.243410428852,2.85809756890206));
#4153=CARTESIAN_POINT('Ctrl Pts',(-8.33525381361382,17.467286004888,2.87703830818141));
#4154=CARTESIAN_POINT('Ctrl Pts',(-8.33525381361382,18.0764868275693,2.97974074412027));
#4155=CARTESIAN_POINT('Ctrl Pts',(-8.33525381361381,18.8018459698951,3.32891201125532));
#4156=CARTESIAN_POINT('Ctrl Pts',(-8.33525381361382,19.4404279215484,3.96832350480283));
#4157=CARTESIAN_POINT('Ctrl Pts',(-8.33525381361381,19.8011077712353,4.54212472942954));
#4158=CARTESIAN_POINT('Ctrl Pts',(-8.33525381361381,19.9873198542671,5.07526643581343));
#4159=CARTESIAN_POINT('Ctrl Pts',(-8.33525381361381,20.0530442362505,5.46298973479015));
#4160=CARTESIAN_POINT('Ctrl Pts',(-8.33525381361381,20.0718876665429,5.68671915521418));
#4161=CARTESIAN_POINT('Ctrl Pts',(-8.33525381361381,20.075,5.79888505921688));
#4162=CARTESIAN_POINT('Ctrl Pts',(-8.33525381361381,20.075,5.85500000000022));
#4163=CARTESIAN_POINT('Ctrl Pts',(-8.42724727131134,17.0749999999477,2.90549560191193));
#4164=CARTESIAN_POINT('Ctrl Pts',(-8.42724727131134,17.1301867690908,2.90549560191095));
#4165=CARTESIAN_POINT('Ctrl Pts',(-8.42724727131134,17.2404710390495,2.90857404569666));
#4166=CARTESIAN_POINT('Ctrl Pts',(-8.42724727131134,17.4604304036997,2.92721944755178));
#4167=CARTESIAN_POINT('Ctrl Pts',(-8.42724727131133,18.0591575405693,3.02838731315846));
#4168=CARTESIAN_POINT('Ctrl Pts',(-8.42724727131131,18.7727234128522,3.37239103802411));
#4169=CARTESIAN_POINT('Ctrl Pts',(-8.4272472713113,19.4004246495966,4.00090514049983));
#4170=CARTESIAN_POINT('Ctrl Pts',(-8.4272472713113,19.7549552582032,4.56480011278602));
#4171=CARTESIAN_POINT('Ctrl Pts',(-8.4272472713113,19.9381700881598,5.08882869726093));
#4172=CARTESIAN_POINT('Ctrl Pts',(-8.42724727131129,20.0028670938363,5.46984362492529));
#4173=CARTESIAN_POINT('Ctrl Pts',(-8.42724727131129,20.0214077176348,5.68965103135661));
#4174=CARTESIAN_POINT('Ctrl Pts',(-8.42724727131129,20.0245043980882,5.79987693705352));
#4175=CARTESIAN_POINT('Ctrl Pts',(-8.42724727131129,20.0245043980882,5.85500000000023));
#4176=CARTESIAN_POINT('Ctrl Pts',(-8.80723709190961,17.0749999999534,3.22501971825062));
#4177=CARTESIAN_POINT('Ctrl Pts',(-8.80723709190961,17.1242252710214,3.22501971824975));
#4178=CARTESIAN_POINT('Ctrl Pts',(-8.80723709190961,17.2225827929981,3.22775285728924));
#4179=CARTESIAN_POINT('Ctrl Pts',(-8.8072370919096,17.4187665835036,3.24436997743422));
#4180=CARTESIAN_POINT('Ctrl Pts',(-8.80723709190958,17.9527113470275,3.33450872749569));
#4181=CARTESIAN_POINT('Ctrl Pts',(-8.80723709190953,18.5888267794758,3.64099209942078));
#4182=CARTESIAN_POINT('Ctrl Pts',(-8.80723709190951,19.1485755239486,4.2014666215957));
#4183=CARTESIAN_POINT('Ctrl Pts',(-8.80723709190951,19.4647273403437,4.70436280450739));
#4184=CARTESIAN_POINT('Ctrl Pts',(-8.8072370919095,19.628045204048,5.17167246954661));
#4185=CARTESIAN_POINT('Ctrl Pts',(-8.8072370919095,19.6857052614925,5.51147671074684));
#4186=CARTESIAN_POINT('Ctrl Pts',(-8.8072370919095,19.7022322129427,5.70752796139458));
#4187=CARTESIAN_POINT('Ctrl Pts',(-8.80723709190949,19.7049802817506,5.80583155332748));
#4188=CARTESIAN_POINT('Ctrl Pts',(-8.80723709190949,19.7049802817506,5.85500000000023));
#4189=CARTESIAN_POINT('Ctrl Pts',(-9.29140070557425,17.0749999999613,3.66940499727047));
#4190=CARTESIAN_POINT('Ctrl Pts',(-9.29140070557425,17.1159195048766,3.66940499726975));
#4191=CARTESIAN_POINT('Ctrl Pts',(-9.29140070557424,17.1976718910128,3.6716681173529));
#4192=CARTESIAN_POINT('Ctrl Pts',(-9.29140070557424,17.3607434591966,3.68547162644116));
#4193=CARTESIAN_POINT('Ctrl Pts',(-9.29140070557421,17.8045226722553,3.76033148621154));
#4194=CARTESIAN_POINT('Ctrl Pts',(-9.29140070557412,18.3330509441913,4.01485231533357));
#4195=CARTESIAN_POINT('Ctrl Pts',(-9.29140070557409,18.7982523193518,4.48065750845856));
#4196=CARTESIAN_POINT('Ctrl Pts',(-9.29140070557408,19.0610037250043,4.89864144899783));
#4197=CARTESIAN_POINT('Ctrl Pts',(-9.29140070557408,19.1966918710318,5.28702486840888));
#4198=CARTESIAN_POINT('Ctrl Pts',(-9.29140070557407,19.2445895610359,5.56945799776564));
#4199=CARTESIAN_POINT('Ctrl Pts',(-9.29140070557407,19.2583204000548,5.73242147434416));
#4200=CARTESIAN_POINT('Ctrl Pts',(-9.29140070557406,19.2605950027322,5.81412773151596));
#4201=CARTESIAN_POINT('Ctrl Pts',(-9.29140070557406,19.2605950027322,5.85500000000023));
#4202=CARTESIAN_POINT('Ctrl Pts',(-9.99755786593594,17.0749999999738,4.37530187933118));
#4203=CARTESIAN_POINT('Ctrl Pts',(-9.99755786593594,17.1027023382839,4.37530187933069));
#4204=CARTESIAN_POINT('Ctrl Pts',(-9.99755786593594,17.1580492455461,4.37683483541419));
#4205=CARTESIAN_POINT('Ctrl Pts',(-9.99755786593593,17.2684489916197,4.386180677413));
#4206=CARTESIAN_POINT('Ctrl Pts',(-9.9975578659359,17.5688925972936,4.43686706277861));
#4207=CARTESIAN_POINT('Ctrl Pts',(-9.99755786593578,17.9267281235373,4.60920011107759));
#4208=CARTESIAN_POINT('Ctrl Pts',(-9.99755786593575,18.2416770716275,4.92455779439832));
#4209=CARTESIAN_POINT('Ctrl Pts',(-9.99755786593574,18.4195639898355,5.20753674281404));
#4210=CARTESIAN_POINT('Ctrl Pts',(-9.99755786593573,18.5114311912166,5.47047799936773));
#4211=CARTESIAN_POINT('Ctrl Pts',(-9.99755786593572,18.5438608738301,5.66168746787549));
#4212=CARTESIAN_POINT('Ctrl Pts',(-9.99755786593572,18.5531573036371,5.77201384029772));
#4213=CARTESIAN_POINT('Ctrl Pts',(-9.99755786593572,18.5546981206738,5.82732964056174));
#4214=CARTESIAN_POINT('Ctrl Pts',(-9.99755786593572,18.5546981206738,5.85500000000023));
#4215=CARTESIAN_POINT('Ctrl Pts',(-10.5286051351336,17.074999999984,4.95464895350082));
#4216=CARTESIAN_POINT('Ctrl Pts',(-10.5286051351336,17.091842528509,4.95464895350052));
#4217=CARTESIAN_POINT('Ctrl Pts',(-10.5286051351336,17.1255031131424,4.95559110802004));
#4218=CARTESIAN_POINT('Ctrl Pts',(-10.5286051351336,17.1926358604075,4.96128444830723));
#4219=CARTESIAN_POINT('Ctrl Pts',(-10.5286051351336,17.3753840638867,4.99218081823393));
#4220=CARTESIAN_POINT('Ctrl Pts',(-10.5286051351335,17.5932344232463,5.09724222412746));
#4221=CARTESIAN_POINT('Ctrl Pts',(-10.5286051351335,17.7848335951393,5.28908932648406));
#4222=CARTESIAN_POINT('Ctrl Pts',(-10.5286051351334,17.8930500470703,5.4612027334434));
#4223=CARTESIAN_POINT('Ctrl Pts',(-10.5286051351334,17.9489874410092,5.62115477667981));
#4224=CARTESIAN_POINT('Ctrl Pts',(-10.5286051351334,17.9687423676667,5.73744800514077));
#4225=CARTESIAN_POINT('Ctrl Pts',(-10.5286051351334,17.9744030496977,5.80453375467358));
#4226=CARTESIAN_POINT('Ctrl Pts',(-10.5286051351334,17.9753510465061,5.83817691405995));
#4227=CARTESIAN_POINT('Ctrl Pts',(-10.5286051351334,17.9753510465061,5.85500000000023));
#4228=CARTESIAN_POINT('Ctrl Pts',(-10.7774108146055,17.0749999999896,5.26749177221961));
#4229=CARTESIAN_POINT('Ctrl Pts',(-10.7774108146055,17.0860032837148,5.26749177221942));
#4230=CARTESIAN_POINT('Ctrl Pts',(-10.7774108146055,17.107983606204,5.26809751520542));
#4231=CARTESIAN_POINT('Ctrl Pts',(-10.7774108146055,17.1518304323012,5.27180617477289));
#4232=CARTESIAN_POINT('Ctrl Pts',(-10.7774108146055,17.271139738999,5.29191388533335));
#4233=CARTESIAN_POINT('Ctrl Pts',(-10.7774108146054,17.4131802325526,5.36027545489041));
#4234=CARTESIAN_POINT('Ctrl Pts',(-10.7774108146054,17.5382411107626,5.48549885906282));
#4235=CARTESIAN_POINT('Ctrl Pts',(-10.7774108146054,17.6088773078759,5.59787639840159));
#4236=CARTESIAN_POINT('Ctrl Pts',(-10.7774108146054,17.6453407284975,5.7022884621051));
#4237=CARTESIAN_POINT('Ctrl Pts',(-10.7774108146054,17.6582098480148,5.7782234900115));
#4238=CARTESIAN_POINT('Ctrl Pts',(-10.7774108146054,17.6618996917315,5.82204191200621));
#4239=CARTESIAN_POINT('Ctrl Pts',(-10.7774108146054,17.6625082277883,5.84400941818465));
#4240=CARTESIAN_POINT('Ctrl Pts',(-10.7774108146054,17.6625082277883,5.85500000000022));
#4241=CARTESIAN_POINT('Ctrl Pts',(-10.81,17.0749999999908,5.33816412426553));
#4242=CARTESIAN_POINT('Ctrl Pts',(-10.81,17.084672794475,5.33816412426536));
#4243=CARTESIAN_POINT('Ctrl Pts',(-10.81,17.1040007433579,5.33870179579026));
#4244=CARTESIAN_POINT('Ctrl Pts',(-10.81,17.1425516720272,5.34196774305551));
#4245=CARTESIAN_POINT('Ctrl Pts',(-10.81,17.2474771553278,5.35968485260379));
#4246=CARTESIAN_POINT('Ctrl Pts',(-10.81,17.372491756514,5.41992615699526));
#4247=CARTESIAN_POINT('Ctrl Pts',(-10.81,17.4824896540631,5.53006663592001));
#4248=CARTESIAN_POINT('Ctrl Pts',(-10.81,17.5446175292216,5.62889006018443));
#4249=CARTESIAN_POINT('Ctrl Pts',(-10.81,17.5767146063442,5.72072198352421));
#4250=CARTESIAN_POINT('Ctrl Pts',(-10.81,17.5880471345723,5.78749618942175));
#4251=CARTESIAN_POINT('Ctrl Pts',(-10.81,17.59129520679,5.82602093079222));
#4252=CARTESIAN_POINT('Ctrl Pts',(-10.81,17.5918358757425,5.84533837154287));
#4253=CARTESIAN_POINT('Ctrl Pts',(-10.81,17.5918358757425,5.85500000000022));
#4254=CARTESIAN_POINT('Ctrl Pts',(-10.81,17.0749999999911,5.35500000000811));
#4255=CARTESIAN_POINT('Ctrl Pts',(-10.81,17.0843571686142,5.35500000000794));
#4256=CARTESIAN_POINT('Ctrl Pts',(-10.81,17.1030548641287,5.35552052984302));
#4257=CARTESIAN_POINT('Ctrl Pts',(-10.81,17.1403483288347,5.35868035432922));
#4258=CARTESIAN_POINT('Ctrl Pts',(-10.81,17.2418533935915,5.37582252339913));
#4259=CARTESIAN_POINT('Ctrl Pts',(-10.81,17.362800354621,5.43410948966086));
#4260=CARTESIAN_POINT('Ctrl Pts',(-10.81,17.4692135887479,5.5406606299393));
#4261=CARTESIAN_POINT('Ctrl Pts',(-10.81,17.5293167699825,5.6362620887191));
#4262=CARTESIAN_POINT('Ctrl Pts',(-10.81,17.5603698361238,5.72510102247255));
#4263=CARTESIAN_POINT('Ctrl Pts',(-10.81,17.5713340995046,5.78969800663098));
#4264=CARTESIAN_POINT('Ctrl Pts',(-10.81,17.5744765283507,5.82696604375325));
#4265=CARTESIAN_POINT('Ctrl Pts',(-10.81,17.575,5.84565363305352));
#4266=CARTESIAN_POINT('Ctrl Pts',(-10.81,17.575,5.85500000000022));
#4267=CARTESIAN_POINT('',(-10.81,17.0749999999911,5.35500000000811));
#4268=CARTESIAN_POINT('Ctrl Pts',(-8.31,17.0749999999468,2.855));
#4269=CARTESIAN_POINT('Ctrl Pts',(-8.33525381361382,17.0749999999468,2.855));
#4270=CARTESIAN_POINT('Ctrl Pts',(-8.42724727131134,17.0749999999477,2.90549560191193));
#4271=CARTESIAN_POINT('Ctrl Pts',(-8.80723709190961,17.0749999999534,3.22501971825062));
#4272=CARTESIAN_POINT('Ctrl Pts',(-9.29140070557425,17.0749999999613,3.66940499727047));
#4273=CARTESIAN_POINT('Ctrl Pts',(-9.99755786593594,17.0749999999738,4.37530187933118));
#4274=CARTESIAN_POINT('Ctrl Pts',(-10.5286051351336,17.074999999984,4.95464895350082));
#4275=CARTESIAN_POINT('Ctrl Pts',(-10.7774108146055,17.0749999999896,5.26749177221961));
#4276=CARTESIAN_POINT('Ctrl Pts',(-10.81,17.0749999999908,5.33816412426553));
#4277=CARTESIAN_POINT('Ctrl Pts',(-10.81,17.0749999999911,5.35500000000811));
#4278=CARTESIAN_POINT('Ctrl Pts',(-10.81,17.0749999999911,5.35500000000811));
#4279=CARTESIAN_POINT('Ctrl Pts',(-10.81,17.0843571686142,5.35500000000794));
#4280=CARTESIAN_POINT('Ctrl Pts',(-10.81,17.1030548641287,5.35552052984302));
#4281=CARTESIAN_POINT('Ctrl Pts',(-10.81,17.1403483288347,5.35868035432922));
#4282=CARTESIAN_POINT('Ctrl Pts',(-10.81,17.2418533935915,5.37582252339913));
#4283=CARTESIAN_POINT('Ctrl Pts',(-10.81,17.362800354621,5.43410948966086));
#4284=CARTESIAN_POINT('Ctrl Pts',(-10.81,17.4692135887479,5.5406606299393));
#4285=CARTESIAN_POINT('Ctrl Pts',(-10.81,17.5293167699825,5.6362620887191));
#4286=CARTESIAN_POINT('Ctrl Pts',(-10.81,17.5603698361238,5.72510102247255));
#4287=CARTESIAN_POINT('Ctrl Pts',(-10.81,17.5713340995046,5.78969800663098));
#4288=CARTESIAN_POINT('Ctrl Pts',(-10.81,17.5744765283507,5.82696604375325));
#4289=CARTESIAN_POINT('Ctrl Pts',(-10.81,17.575,5.84565363305352));
#4290=CARTESIAN_POINT('Ctrl Pts',(-10.81,17.575,5.85500000000022));
#4291=CARTESIAN_POINT('Ctrl Pts',(-8.31000000000001,20.075,5.85500000000022));
#4292=CARTESIAN_POINT('Ctrl Pts',(-8.31000000000001,20.075,5.79892179831999));
#4293=CARTESIAN_POINT('Ctrl Pts',(-8.31000000000001,20.071859170104,5.68679626251794));
#4294=CARTESIAN_POINT('Ctrl Pts',(-8.31000000000001,20.053004597027,5.46318803978397));
#4295=CARTESIAN_POINT('Ctrl Pts',(-8.31000000000001,19.9872190167414,5.07560613483173));
#4296=CARTESIAN_POINT('Ctrl Pts',(-8.31000000000001,19.8009006198919,4.54257253230738));
#4297=CARTESIAN_POINT('Ctrl Pts',(-8.31000000000001,19.4402815324826,3.96896377962587));
#4298=CARTESIAN_POINT('Ctrl Pts',(-8.31,18.801802127722,3.32965693794788));
#4299=CARTESIAN_POINT('Ctrl Pts',(-8.31,18.0761203615472,2.97993514035617));
#4300=CARTESIAN_POINT('Ctrl Pts',(-8.31,17.4670899730076,2.87708212592882));
#4301=CARTESIAN_POINT('Ctrl Pts',(-8.31,17.2433291847718,2.85812317901063));
#4302=CARTESIAN_POINT('Ctrl Pts',(-8.31,17.1311430116854,2.854999999999));
#4303=CARTESIAN_POINT('Ctrl Pts',(-8.31,17.0749999999468,2.855));
#4304=CARTESIAN_POINT('Ctrl Pts',(-8.31,-4.675,2.855));
#4305=CARTESIAN_POINT('Ctrl Pts',(-8.31,2.58442952456587,2.855));
#4306=CARTESIAN_POINT('Ctrl Pts',(-8.31,9.81557047545842,2.855));
#4307=CARTESIAN_POINT('Ctrl Pts',(-8.31,17.0749999999468,2.855));
#4308=CARTESIAN_POINT('Ctrl Pts',(-8.33525381361381,-4.675,2.855));
#4309=CARTESIAN_POINT('Ctrl Pts',(-8.33525381361381,2.58442952456585,2.855));
#4310=CARTESIAN_POINT('Ctrl Pts',(-8.33525381361383,9.8155704754586,2.855));
#4311=CARTESIAN_POINT('Ctrl Pts',(-8.33525381361383,17.0749999999471,2.855));
#4312=CARTESIAN_POINT('Ctrl Pts',(-8.42726810533247,-4.675,2.90550804844631));
#4313=CARTESIAN_POINT('Ctrl Pts',(-8.42726810533247,2.58442952456589,2.90550804844631));
#4314=CARTESIAN_POINT('Ctrl Pts',(-8.42726810533252,9.81557047545992,2.90550804844648));
#4315=CARTESIAN_POINT('Ctrl Pts',(-8.42726810533252,17.0749999999483,2.90550804844648));
#4316=CARTESIAN_POINT('Ctrl Pts',(-8.80725545157856,-4.675,3.2250318083407));
#4317=CARTESIAN_POINT('Ctrl Pts',(-8.80725545157856,2.58442952456585,3.2250318083407));
#4318=CARTESIAN_POINT('Ctrl Pts',(-8.80725545157868,9.81557047546609,3.22503180834191));
#4319=CARTESIAN_POINT('Ctrl Pts',(-8.80725545157868,17.0749999999545,3.22503180834191));
#4320=CARTESIAN_POINT('Ctrl Pts',(-9.29142866059792,-4.675,3.66942537546427));
#4321=CARTESIAN_POINT('Ctrl Pts',(-9.29142866059792,2.58442952456589,3.66942537546427));
#4322=CARTESIAN_POINT('Ctrl Pts',(-9.2914286605981,9.81557047547434,3.66942537546695));
#4323=CARTESIAN_POINT('Ctrl Pts',(-9.2914286605981,17.0749999999628,3.66942537546695));
#4324=CARTESIAN_POINT('Ctrl Pts',(-9.99757781473833,-4.675,4.37531564218769));
#4325=CARTESIAN_POINT('Ctrl Pts',(-9.99757781473833,2.58442952456585,4.37531564218769));
#4326=CARTESIAN_POINT('Ctrl Pts',(-9.99757781473855,9.81557047548683,4.3753156421927));
#4327=CARTESIAN_POINT('Ctrl Pts',(-9.99757781473855,17.0749999999753,4.3753156421927));
#4328=CARTESIAN_POINT('Ctrl Pts',(-10.5286184207319,-4.675,4.95465703993144));
#4329=CARTESIAN_POINT('Ctrl Pts',(-10.5286184207319,2.58442952456589,4.95465703993144));
#4330=CARTESIAN_POINT('Ctrl Pts',(-10.5286184207321,9.81557047549669,4.95465703993834));
#4331=CARTESIAN_POINT('Ctrl Pts',(-10.5286184207321,17.0749999999851,4.95465703993834));
#4332=CARTESIAN_POINT('Ctrl Pts',(-10.7774215616713,-4.675,5.26749886853027));
#4333=CARTESIAN_POINT('Ctrl Pts',(-10.7774215616713,2.58442952456585,5.26749886853027));
#4334=CARTESIAN_POINT('Ctrl Pts',(-10.7774215616714,9.81557047550165,5.26749886853814));
#4335=CARTESIAN_POINT('Ctrl Pts',(-10.7774215616714,17.0749999999901,5.26749886853814));
#4336=CARTESIAN_POINT('Ctrl Pts',(-10.81,-4.675,5.33816412425746));
#4337=CARTESIAN_POINT('Ctrl Pts',(-10.81,2.58442952456588,5.33816412425746));
#4338=CARTESIAN_POINT('Ctrl Pts',(-10.81,9.81557047550257,5.33816412426553));
#4339=CARTESIAN_POINT('Ctrl Pts',(-10.81,17.074999999991,5.33816412426553));
#4340=CARTESIAN_POINT('Ctrl Pts',(-10.81,-4.675,5.355));
#4341=CARTESIAN_POINT('Ctrl Pts',(-10.81,2.58442952456587,5.355));
#4342=CARTESIAN_POINT('Ctrl Pts',(-10.81,9.81557047550272,5.35500000000811));
#4343=CARTESIAN_POINT('Ctrl Pts',(-10.81,17.0749999999911,5.35500000000811));
#4344=CARTESIAN_POINT('',(-10.81,-4.675,5.355));
#4345=CARTESIAN_POINT('Ctrl Pts',(-8.31,-4.675,2.855));
#4346=CARTESIAN_POINT('Ctrl Pts',(-8.33525381361381,-4.675,2.855));
#4347=CARTESIAN_POINT('Ctrl Pts',(-8.42726810533247,-4.675,2.90550804844631));
#4348=CARTESIAN_POINT('Ctrl Pts',(-8.80725545157856,-4.675,3.2250318083407));
#4349=CARTESIAN_POINT('Ctrl Pts',(-9.29142866059792,-4.675,3.66942537546427));
#4350=CARTESIAN_POINT('Ctrl Pts',(-9.99757781473833,-4.675,4.37531564218769));
#4351=CARTESIAN_POINT('Ctrl Pts',(-10.5286184207319,-4.675,4.95465703993144));
#4352=CARTESIAN_POINT('Ctrl Pts',(-10.7774215616713,-4.675,5.26749886853027));
#4353=CARTESIAN_POINT('Ctrl Pts',(-10.81,-4.675,5.33816412425746));
#4354=CARTESIAN_POINT('Ctrl Pts',(-10.81,-4.675,5.355));
#4355=CARTESIAN_POINT('Ctrl Pts',(-10.81,-4.675,5.355));
#4356=CARTESIAN_POINT('Ctrl Pts',(-10.81,2.58442952456587,5.355));
#4357=CARTESIAN_POINT('Ctrl Pts',(-10.81,9.81557047550272,5.35500000000811));
#4358=CARTESIAN_POINT('Ctrl Pts',(-10.81,17.0749999999911,5.35500000000811));
#4359=CARTESIAN_POINT('Ctrl Pts',(-8.31,-7.67499999955566,5.85505163361141));
#4360=CARTESIAN_POINT('Ctrl Pts',(-8.31,-7.67500096473977,5.79897280742081));
#4361=CARTESIAN_POINT('Ctrl Pts',(-8.31000000000001,-7.67187841287128,5.68683237604155));
#4362=CARTESIAN_POINT('Ctrl Pts',(-8.31,-7.65295577765101,5.46325928949547));
#4363=CARTESIAN_POINT('Ctrl Pts',(-8.31,-7.55010531253551,4.85388978425612));
#4364=CARTESIAN_POINT('Ctrl Pts',(-8.31,-7.22522867552645,4.18017776312394));
#4365=CARTESIAN_POINT('Ctrl Pts',(-8.31,-6.606114431879,3.5256718486258));
#4366=CARTESIAN_POINT('Ctrl Pts',(-8.31,-6.04103929780839,3.14779440862165));
#4367=CARTESIAN_POINT('Ctrl Pts',(-8.31,-5.45446724846443,2.94282473273801));
#4368=CARTESIAN_POINT('Ctrl Pts',(-8.31,-5.06717629031656,2.87705001505558));
#4369=CARTESIAN_POINT('Ctrl Pts',(-8.31,-4.84330158295422,2.85814035409158));
#4370=CARTESIAN_POINT('Ctrl Pts',(-8.31,-4.7311436271312,2.855));
#4371=CARTESIAN_POINT('Ctrl Pts',(-8.31,-4.675,2.855));
#4372=CARTESIAN_POINT('Ctrl Pts',(-8.34367175148508,-7.67499999955566,5.85505163361141));
#4373=CARTESIAN_POINT('Ctrl Pts',(-8.34367175148508,-7.67500096527006,5.79894199666542));
#4374=CARTESIAN_POINT('Ctrl Pts',(-8.34367175148508,-7.6718992014203,5.686764283573));
#4375=CARTESIAN_POINT('Ctrl Pts',(-8.34367175148508,-7.65299301638276,5.46309677287928));
#4376=CARTESIAN_POINT('Ctrl Pts',(-8.34367175148507,-7.55025576509961,4.85357626382931));
#4377=CARTESIAN_POINT('Ctrl Pts',(-8.34367175148507,-7.22584723163041,4.18016363276708));
#4378=CARTESIAN_POINT('Ctrl Pts',(-8.34367175148507,-6.60659776507386,3.52550833641915));
#4379=CARTESIAN_POINT('Ctrl Pts',(-8.34367175148507,-6.04143270330391,3.14763011293627));
#4380=CARTESIAN_POINT('Ctrl Pts',(-8.34367175148507,-5.45474235043134,2.94273622205333));
#4381=CARTESIAN_POINT('Ctrl Pts',(-8.34367175148508,-5.06734231367162,2.8770180841466));
#4382=CARTESIAN_POINT('Ctrl Pts',(-8.34367175148507,-4.84336482332212,2.85811611757544));
#4383=CARTESIAN_POINT('Ctrl Pts',(-8.34367175148508,-4.73117447348943,2.855));
#4384=CARTESIAN_POINT('Ctrl Pts',(-8.34367175148508,-4.675,2.855));
#4385=CARTESIAN_POINT('Ctrl Pts',(-8.51504667077342,-7.57243565544671,5.85504986835559));
#4386=CARTESIAN_POINT('Ctrl Pts',(-8.51504667077342,-7.57243658736996,5.80090355460387));
#4387=CARTESIAN_POINT('Ctrl Pts',(-8.51504667077342,-7.56941047815677,5.69261548604943));
#4388=CARTESIAN_POINT('Ctrl Pts',(-8.51504667077342,-7.55112661235588,5.47673277915637));
#4389=CARTESIAN_POINT('Ctrl Pts',(-8.51504667077342,-7.45173625314485,4.88827137106511));
#4390=CARTESIAN_POINT('Ctrl Pts',(-8.51504667077341,-7.13773434190087,4.23744378697182));
#4391=CARTESIAN_POINT('Ctrl Pts',(-8.5150466707734,-6.53985352181621,3.60538829381579));
#4392=CARTESIAN_POINT('Ctrl Pts',(-8.51504667077341,-5.99414184819403,3.24043015970625));
#4393=CARTESIAN_POINT('Ctrl Pts',(-8.51504667077342,-5.42768227360027,3.0424304188874));
#4394=CARTESIAN_POINT('Ctrl Pts',(-8.51504667077342,-5.05368616955116,2.97887634946322));
#4395=CARTESIAN_POINT('Ctrl Pts',(-8.51504667077342,-4.8375162999342,2.96060935749832));
#4396=CARTESIAN_POINT('Ctrl Pts',(-8.51504667077342,-4.7292088816102,2.95756434412414));
#4397=CARTESIAN_POINT('Ctrl Pts',(-8.51504667077342,-4.675,2.95756434412414));
#4398=CARTESIAN_POINT('Ctrl Pts',(-9.29167531566886,-6.86065860984058,5.85503761781579));
#4399=CARTESIAN_POINT('Ctrl Pts',(-9.29167531566886,-6.86065931331194,5.81416474396141));
#4400=CARTESIAN_POINT('Ctrl Pts',(-9.29167531566886,-6.85839549099879,5.73244456471526));
#4401=CARTESIAN_POINT('Ctrl Pts',(-9.29167531566885,-6.84461815182391,5.56950923291546));
#4402=CARTESIAN_POINT('Ctrl Pts',(-9.29167531566884,-6.76974672088966,5.12547054229442));
#4403=CARTESIAN_POINT('Ctrl Pts',(-9.29167531566883,-6.53330735498722,4.63479589259995));
#4404=CARTESIAN_POINT('Ctrl Pts',(-9.29167531566882,-6.08217755018235,4.15787380923573));
#4405=CARTESIAN_POINT('Ctrl Pts',(-9.29167531566884,-5.67044232717716,3.88256969662264));
#4406=CARTESIAN_POINT('Ctrl Pts',(-9.29167531566885,-5.24303028347938,3.73327899676997));
#4407=CARTESIAN_POINT('Ctrl Pts',(-9.29167531566885,-4.96080998614958,3.68538890821109));
#4408=CARTESIAN_POINT('Ctrl Pts',(-9.29167531566885,-4.7976504355698,3.67161633702654));
#4409=CARTESIAN_POINT('Ctrl Pts',(-9.29167531566886,-4.71592010381354,3.6693413898357));
#4410=CARTESIAN_POINT('Ctrl Pts',(-9.29167531566886,-4.675,3.6693413898357));
#4411=CARTESIAN_POINT('Ctrl Pts',(-9.99718018942112,-6.15493820895305,5.85502547151814));
#4412=CARTESIAN_POINT('Ctrl Pts',(-9.99718018942112,-6.1549386851968,5.82735490551299));
#4413=CARTESIAN_POINT('Ctrl Pts',(-9.99718018942112,-6.15340245133278,5.77202714047708));
#4414=CARTESIAN_POINT('Ctrl Pts',(-9.99718018942112,-6.14407096689307,5.66171679028219));
#4415=CARTESIAN_POINT('Ctrl Pts',(-9.99718018942111,-6.09335618236964,5.36107682861573));
#4416=CARTESIAN_POINT('Ctrl Pts',(-9.9971801894211,-5.93318409096874,5.02878603115306));
#4417=CARTESIAN_POINT('Ctrl Pts',(-9.99718018942108,-5.62774008429624,4.70588002856118));
#4418=CARTESIAN_POINT('Ctrl Pts',(-9.9971801894211,-5.34896332452268,4.51946811779883));
#4419=CARTESIAN_POINT('Ctrl Pts',(-9.99718018942111,-5.05957618320069,4.41836913455531));
#4420=CARTESIAN_POINT('Ctrl Pts',(-9.99718018942112,-4.86849878866411,4.38593295308886));
#4421=CARTESIAN_POINT('Ctrl Pts',(-9.99718018942112,-4.75803797204891,4.37660611653493));
#4422=CARTESIAN_POINT('Ctrl Pts',(-9.99718018942112,-4.70270254026042,4.37506179082775));
#4423=CARTESIAN_POINT('Ctrl Pts',(-9.99718018942112,-4.675,4.37506179082775));
#4424=CARTESIAN_POINT('Ctrl Pts',(-10.5285854428027,-5.57540791214923,5.85501549710409));
#4425=CARTESIAN_POINT('Ctrl Pts',(-10.5285854428027,-5.575408201699,5.8381921666654));
#4426=CARTESIAN_POINT('Ctrl Pts',(-10.5285854428027,-5.574465652758,5.80454440003603));
#4427=CARTESIAN_POINT('Ctrl Pts',(-10.5285854428027,-5.56878204868393,5.73746641564084));
#4428=CARTESIAN_POINT('Ctrl Pts',(-10.5285854428027,-5.53788373985457,5.55461163389888));
#4429=CARTESIAN_POINT('Ctrl Pts',(-10.5285854428027,-5.44025590573874,5.35232924465315));
#4430=CARTESIAN_POINT('Ctrl Pts',(-10.5285854428027,-5.25447230942191,5.15592698478695));
#4431=CARTESIAN_POINT('Ctrl Pts',(-10.5285854428027,-5.0848961173666,5.04251257447095));
#4432=CARTESIAN_POINT('Ctrl Pts',(-10.5285854428027,-4.90887524259291,4.9809742657134));
#4433=CARTESIAN_POINT('Ctrl Pts',(-10.5285854428027,-4.7926634135501,4.9612183216474));
#4434=CARTESIAN_POINT('Ctrl Pts',(-10.5285854428027,-4.72549705666789,4.95554086871102));
#4435=CARTESIAN_POINT('Ctrl Pts',(-10.5285854428027,-4.69184277035408,4.95459208771741));
#4436=CARTESIAN_POINT('Ctrl Pts',(-10.5285854428027,-4.675,4.95459208771741));
#4437=CARTESIAN_POINT('Ctrl Pts',(-10.7772600750128,-5.26260764271292,5.8550101134349));
#4438=CARTESIAN_POINT('Ctrl Pts',(-10.7772600750128,-5.26260783187528,5.84401946086665));
#4439=CARTESIAN_POINT('Ctrl Pts',(-10.7772600750128,-5.26200063057176,5.8220466928327));
#4440=CARTESIAN_POINT('Ctrl Pts',(-10.7772600750128,-5.25829775902241,5.77823557459749));
#4441=CARTESIAN_POINT('Ctrl Pts',(-10.7772600750128,-5.23817653917778,5.65884681077575));
#4442=CARTESIAN_POINT('Ctrl Pts',(-10.7772600750128,-5.17464252245824,5.52695088646745));
#4443=CARTESIAN_POINT('Ctrl Pts',(-10.7772600750128,-5.05334841252722,5.39872163375146));
#4444=CARTESIAN_POINT('Ctrl Pts',(-10.7772600750128,-4.94264851055889,5.32470691026292));
#4445=CARTESIAN_POINT('Ctrl Pts',(-10.7772600750128,-4.82773200434614,5.28457573977835));
#4446=CARTESIAN_POINT('Ctrl Pts',(-10.7772600750128,-4.7518504860832,5.27170450172143));
#4447=CARTESIAN_POINT('Ctrl Pts',(-10.7772600750128,-4.70797851616756,5.26800231376261));
#4448=CARTESIAN_POINT('Ctrl Pts',(-10.7772600750128,-4.68600335263122,5.26739235720005));
#4449=CARTESIAN_POINT('Ctrl Pts',(-10.7772600750128,-4.675,5.26739235720005));
#4450=CARTESIAN_POINT('Ctrl Pts',(-10.81,-5.19183587566599,5.85500889536759));
#4451=CARTESIAN_POINT('Ctrl Pts',(-10.81,-5.19183604195661,5.8453471296296));
#4452=CARTESIAN_POINT('Ctrl Pts',(-10.81,-5.19129848613177,5.82602702524944));
#4453=CARTESIAN_POINT('Ctrl Pts',(-10.81,-5.18803883163629,5.78750837561967));
#4454=CARTESIAN_POINT('Ctrl Pts',(-10.81,-5.17032203586574,5.68252417938447));
#4455=CARTESIAN_POINT('Ctrl Pts',(-10.81,-5.11436158768488,5.56646366027981));
#4456=CARTESIAN_POINT('Ctrl Pts',(-10.81,-5.00769887974354,5.45370345618124));
#4457=CARTESIAN_POINT('Ctrl Pts',(-10.81,-4.91034681187819,5.3886032354895));
#4458=CARTESIAN_POINT('Ctrl Pts',(-10.81,-4.80929074839257,5.35329277466709));
#4459=CARTESIAN_POINT('Ctrl Pts',(-10.81,-4.74256673178685,5.34196226669841));
#4460=CARTESIAN_POINT('Ctrl Pts',(-10.81,-4.70399596126505,5.33870468181089));
#4461=CARTESIAN_POINT('Ctrl Pts',(-10.81,-4.68467293022823,5.33816412425746));
#4462=CARTESIAN_POINT('Ctrl Pts',(-10.81,-4.675,5.33816412425746));
#4463=CARTESIAN_POINT('Ctrl Pts',(-10.81,-5.17499999992594,5.8550086056019));
#4464=CARTESIAN_POINT('Ctrl Pts',(-10.81,-5.17500016078996,5.84566213457014));
#4465=CARTESIAN_POINT('Ctrl Pts',(-10.81,-5.17447973547858,5.82697206267357));
#4466=CARTESIAN_POINT('Ctrl Pts',(-10.81,-5.17132596294188,5.78970988158253));
#4467=CARTESIAN_POINT('Ctrl Pts',(-10.81,-5.15418421875615,5.68814829737576));
#4468=CARTESIAN_POINT('Ctrl Pts',(-10.81,-5.10003811258829,5.57586296051995));
#4469=CARTESIAN_POINT('Ctrl Pts',(-10.81,-4.99685240531405,5.46677864143646));
#4470=CARTESIAN_POINT('Ctrl Pts',(-10.81,-4.90267321630192,5.40379906810287));
#4471=CARTESIAN_POINT('Ctrl Pts',(-10.81,-4.80491120807764,5.369637455456));
#4472=CARTESIAN_POINT('Ctrl Pts',(-10.81,-4.74036271505283,5.35867500250914));
#4473=CARTESIAN_POINT('Ctrl Pts',(-10.81,-4.70305026382575,5.35552339234852));
#4474=CARTESIAN_POINT('Ctrl Pts',(-10.81,-4.68435727118853,5.355));
#4475=CARTESIAN_POINT('Ctrl Pts',(-10.81,-4.675,5.355));
#4476=CARTESIAN_POINT('',(-8.31,-7.675,5.85500000000049));
#4477=CARTESIAN_POINT('',(-10.81,-5.17499999999959,5.85500000000008));
#4478=CARTESIAN_POINT('Ctrl Pts',(-8.31,-7.67499999955566,5.85505163361141));
#4479=CARTESIAN_POINT('Ctrl Pts',(-8.34367175148508,-7.67499999955566,5.85505163361141));
#4480=CARTESIAN_POINT('Ctrl Pts',(-8.51504667077342,-7.57243565544671,5.85504986835559));
#4481=CARTESIAN_POINT('Ctrl Pts',(-9.29167531566886,-6.86065860984058,5.85503761781579));
#4482=CARTESIAN_POINT('Ctrl Pts',(-9.99718018942112,-6.15493820895305,5.85502547151814));
#4483=CARTESIAN_POINT('Ctrl Pts',(-10.5285854428027,-5.57540791214923,5.85501549710409));
#4484=CARTESIAN_POINT('Ctrl Pts',(-10.7772600750128,-5.26260764271292,5.8550101134349));
#4485=CARTESIAN_POINT('Ctrl Pts',(-10.81,-5.19183587566599,5.85500889536759));
#4486=CARTESIAN_POINT('Ctrl Pts',(-10.81,-5.17499999992594,5.8550086056019));
#4487=CARTESIAN_POINT('Ctrl Pts',(-10.81,-5.17499999992786,5.85499139449406));
#4488=CARTESIAN_POINT('Ctrl Pts',(-10.81,-5.17499984124378,5.84565066226447));
#4489=CARTESIAN_POINT('Ctrl Pts',(-10.81,-5.17447925151763,5.82696634461988));
#4490=CARTESIAN_POINT('Ctrl Pts',(-10.81,-5.17132596294188,5.78970988158253));
#4491=CARTESIAN_POINT('Ctrl Pts',(-10.81,-5.15418421875615,5.68814829737576));
#4492=CARTESIAN_POINT('Ctrl Pts',(-10.81,-5.10003811258829,5.57586296051995));
#4493=CARTESIAN_POINT('Ctrl Pts',(-10.81,-4.99685240531405,5.46677864143646));
#4494=CARTESIAN_POINT('Ctrl Pts',(-10.81,-4.90267321630192,5.40379906810287));
#4495=CARTESIAN_POINT('Ctrl Pts',(-10.81,-4.80491120807764,5.369637455456));
#4496=CARTESIAN_POINT('Ctrl Pts',(-10.81,-4.74036271505283,5.35867500250914));
#4497=CARTESIAN_POINT('Ctrl Pts',(-10.81,-4.70305026382575,5.35552339234852));
#4498=CARTESIAN_POINT('Ctrl Pts',(-10.81,-4.68435727118853,5.355));
#4499=CARTESIAN_POINT('Ctrl Pts',(-10.81,-4.675,5.355));
#4500=CARTESIAN_POINT('Ctrl Pts',(-8.31,-4.675,2.855));
#4501=CARTESIAN_POINT('Ctrl Pts',(-8.31,-4.7311436271312,2.855));
#4502=CARTESIAN_POINT('Ctrl Pts',(-8.31,-4.84330158295422,2.85814035409158));
#4503=CARTESIAN_POINT('Ctrl Pts',(-8.31,-5.06717629031656,2.87705001505558));
#4504=CARTESIAN_POINT('Ctrl Pts',(-8.31,-5.45446724846443,2.94282473273801));
#4505=CARTESIAN_POINT('Ctrl Pts',(-8.31,-6.04103929780839,3.14779440862165));
#4506=CARTESIAN_POINT('Ctrl Pts',(-8.31,-6.606114431879,3.5256718486258));
#4507=CARTESIAN_POINT('Ctrl Pts',(-8.31,-7.22522867552645,4.18017776312394));
#4508=CARTESIAN_POINT('Ctrl Pts',(-8.31,-7.55010531253551,4.85388978425612));
#4509=CARTESIAN_POINT('Ctrl Pts',(-8.31,-7.65295577765101,5.46325928949547));
#4510=CARTESIAN_POINT('Ctrl Pts',(-8.31000000000001,-7.67187696098045,5.6868152217863));
#4511=CARTESIAN_POINT('Ctrl Pts',(-8.31,-7.67500000624524,5.79893839030653));
#4512=CARTESIAN_POINT('Ctrl Pts',(-8.31,-7.67500000000287,5.85500000000194));
#4513=CARTESIAN_POINT('Ctrl Pts',(-10.81,-5.17499999999959,5.85500000000008));
#4514=CARTESIAN_POINT('Ctrl Pts',(-10.81,-5.17499999999959,6.34172511112232));
#4515=CARTESIAN_POINT('Ctrl Pts',(-10.81,-5.175,6.82834757202481));
#4516=CARTESIAN_POINT('Ctrl Pts',(-10.81,-5.175,7.31500000000001));
#4517=CARTESIAN_POINT('Ctrl Pts',(-10.81,-5.2002538136134,5.85500000000009));
#4518=CARTESIAN_POINT('Ctrl Pts',(-10.81,-5.2002538136134,6.34172511112232));
#4519=CARTESIAN_POINT('Ctrl Pts',(-10.81,-5.20025381361381,6.82834757202481));
#4520=CARTESIAN_POINT('Ctrl Pts',(-10.81,-5.20025381361381,7.31500000000001));
#4521=CARTESIAN_POINT('Ctrl Pts',(-10.7595422795818,-5.29218267696505,5.8550000000001));
#4522=CARTESIAN_POINT('Ctrl Pts',(-10.7595422795818,-5.29218267696505,6.34172511112233));
#4523=CARTESIAN_POINT('Ctrl Pts',(-10.7595422795818,-5.29218267696544,6.82834757202481));
#4524=CARTESIAN_POINT('Ctrl Pts',(-10.7595422795818,-5.29218267696544,7.31500000000001));
#4525=CARTESIAN_POINT('Ctrl Pts',(-10.4400177215203,-5.67218006245303,5.85500000000016));
#4526=CARTESIAN_POINT('Ctrl Pts',(-10.4400177215203,-5.67218006245303,6.34172511112239));
#4527=CARTESIAN_POINT('Ctrl Pts',(-10.4400177215203,-5.67218006245337,6.82834757202481));
#4528=CARTESIAN_POINT('Ctrl Pts',(-10.4400177215203,-5.67218006245337,7.31500000000001));
#4529=CARTESIAN_POINT('Ctrl Pts',(-9.99566003903479,-6.15631238878608,5.85500000000023));
#4530=CARTESIAN_POINT('Ctrl Pts',(-9.99566003903479,-6.15631238878608,6.34172511112246));
#4531=CARTESIAN_POINT('Ctrl Pts',(-9.99566003903478,-6.15631238878633,6.82834757202481));
#4532=CARTESIAN_POINT('Ctrl Pts',(-9.99566003903478,-6.15631238878633,7.31500000000001));
#4533=CARTESIAN_POINT('Ctrl Pts',(-9.2897409751028,-6.86249598831894,5.85500000000034));
#4534=CARTESIAN_POINT('Ctrl Pts',(-9.2897409751028,-6.86249598831894,6.34172511112257));
#4535=CARTESIAN_POINT('Ctrl Pts',(-9.28974097510278,-6.86249598831908,6.82834757202481));
#4536=CARTESIAN_POINT('Ctrl Pts',(-9.28974097510278,-6.86249598831908,7.31500000000001));
#4537=CARTESIAN_POINT('Ctrl Pts',(-8.710374538749,-7.39356569883825,5.85500000000043));
#4538=CARTESIAN_POINT('Ctrl Pts',(-8.710374538749,-7.39356569883825,6.34172511112267));
#4539=CARTESIAN_POINT('Ctrl Pts',(-8.71037453874899,-7.3935656988383,6.82834757202481));
#4540=CARTESIAN_POINT('Ctrl Pts',(-8.71037453874899,-7.3935656988383,7.31500000000001));
#4541=CARTESIAN_POINT('Ctrl Pts',(-8.39752975263103,-7.64237816892491,5.85500000000048));
#4542=CARTESIAN_POINT('Ctrl Pts',(-8.39752975263103,-7.64237816892491,6.34172511112271));
#4543=CARTESIAN_POINT('Ctrl Pts',(-8.39752975263102,-7.64237816892491,6.82834757202481));
#4544=CARTESIAN_POINT('Ctrl Pts',(-8.39752975263102,-7.64237816892491,7.31500000000001));
#4545=CARTESIAN_POINT('Ctrl Pts',(-8.32683587574254,-7.675,5.85500000000049));
#4546=CARTESIAN_POINT('Ctrl Pts',(-8.32683587574254,-7.675,6.34172511112272));
#4547=CARTESIAN_POINT('Ctrl Pts',(-8.32683587574254,-7.675,6.82834757202481));
#4548=CARTESIAN_POINT('Ctrl Pts',(-8.32683587574254,-7.675,7.31500000000001));
#4549=CARTESIAN_POINT('Ctrl Pts',(-8.31,-7.675,5.85500000000049));
#4550=CARTESIAN_POINT('Ctrl Pts',(-8.31,-7.675,6.34172511112272));
#4551=CARTESIAN_POINT('Ctrl Pts',(-8.31,-7.675,6.82834757202481));
#4552=CARTESIAN_POINT('Ctrl Pts',(-8.31,-7.675,7.31500000000001));
#4553=CARTESIAN_POINT('Ctrl Pts',(-10.81,-5.175,7.31500000000001));
#4554=CARTESIAN_POINT('Ctrl Pts',(-10.81,-5.175,6.82834757202481));
#4555=CARTESIAN_POINT('Ctrl Pts',(-10.81,-5.17499999999959,6.34172511112232));
#4556=CARTESIAN_POINT('Ctrl Pts',(-10.81,-5.17499999999959,5.85500000000008));
#4557=CARTESIAN_POINT('Ctrl Pts',(-8.31,-7.675,5.85500000000049));
#4558=CARTESIAN_POINT('Ctrl Pts',(-8.31,-7.675,6.34172511112272));
#4559=CARTESIAN_POINT('Ctrl Pts',(-8.31,-7.675,6.82834757202481));
#4560=CARTESIAN_POINT('Ctrl Pts',(-8.31,-7.675,7.31500000000001));
#4561=CARTESIAN_POINT('Origin',(1.2,-4.675,5.855));
#4562=CARTESIAN_POINT('',(1.2,-7.675,5.855));
#4563=CARTESIAN_POINT('Origin',(18.21,17.075,5.855));
#4564=CARTESIAN_POINT('Origin',(-10.81,20.075,2.855));
#4565=CARTESIAN_POINT('Origin',(-10.81,-7.675,2.855));
#4566=CARTESIAN_POINT('Origin',(-8.31,17.575,7.315));
#4567=CARTESIAN_POINT('',(-8.31,18.325,6.565));
#4568=CARTESIAN_POINT('Origin',(23.21,18.325,8.065));
#4569=CARTESIAN_POINT('Origin',(-8.31,-5.175,7.315));
#4570=CARTESIAN_POINT('Origin',(-6.80999999999999,16.075,7.315));
#4571=CARTESIAN_POINT('',(19.21,16.075,7.315));
#4572=CARTESIAN_POINT('Origin',(19.21,16.075,7.315));
#4573=CARTESIAN_POINT('Origin',(-6.80999999999999,16.075,7.315));
#4574=CARTESIAN_POINT('',(-6.80999999999999,-0.269999999999999,7.315));
#4575=CARTESIAN_POINT('Origin',(19.21,-3.675,7.315));
#4576=CARTESIAN_POINT('',(-6.80999999999999,-3.675,7.315));
#4577=CARTESIAN_POINT('Origin',(-6.80999999999999,-3.675,7.315));
#4578=CARTESIAN_POINT('',(-6.80999999999999,-0.27,7.315));
#4579=CARTESIAN_POINT('Origin',(-8.30999999999999,-0.27,7.315));
#4580=CARTESIAN_POINT('',(-8.30999999999999,-0.27,7.315));
#4581=CARTESIAN_POINT('Origin',(-6.80999999999999,-0.27,7.315));
#4582=CARTESIAN_POINT('Origin',(16.6775,-0.269999999999999,2.855));
#4583=CARTESIAN_POINT('Origin',(16.6775,15.09,2.855));
#4584=CARTESIAN_POINT('Origin',(6.2,6.2,2.855));
#4585=CARTESIAN_POINT('Origin',(6.2,6.2,5.555));
#4586=CARTESIAN_POINT('Origin',(6.2,6.2,2.855));
#4587=CARTESIAN_POINT('',(-0.857999999999999,14.3323096350299,5.555));
#4588=CARTESIAN_POINT('Origin',(6.2,6.2,5.555));
#4589=CARTESIAN_POINT('',(-0.857999999999999,14.3323096350299,2.855));
#4590=CARTESIAN_POINT('Origin',(-0.857999999999999,-1.93230963502989,2.855));
#4591=CARTESIAN_POINT('',(-0.857999999999999,-1.93230963502989,5.555));
#4592=CARTESIAN_POINT('',(-0.857999999999999,15.09,5.555));
#4593=CARTESIAN_POINT('',(-0.857999999999999,-1.93230963502989,2.855));
#4594=CARTESIAN_POINT('Origin',(6.2,6.2,2.855));
#4595=CARTESIAN_POINT('Origin',(6.2,6.2,5.555));
#4596=CARTESIAN_POINT('Origin',(-2.22199786043374,6.2,5.555));
#4597=CARTESIAN_POINT('Origin',(9.7425,15.09,2.855));
#4598=CARTESIAN_POINT('Origin',(12.4,10.67,2.855));
#4599=CARTESIAN_POINT('',(9.3,10.67,2.855));
#4600=CARTESIAN_POINT('Origin',(6.2,6.2,2.855));
#4601=CARTESIAN_POINT('',(11.43875,1.73,2.855));
#4602=CARTESIAN_POINT('Origin',(6.2,6.2,2.855));
#4603=CARTESIAN_POINT('Origin',(9.7425,0.,2.855));
#4604=CARTESIAN_POINT('Origin',(16.6775,1.73,2.855));
#4605=CARTESIAN_POINT('Origin',(6.2,6.2,2.5));
#4606=CARTESIAN_POINT('',(-4.568,6.2,2.5));
#4607=CARTESIAN_POINT('Origin',(6.2,6.2,2.5));
#4608=CARTESIAN_POINT('',(-2.068,6.2,0.));
#4609=CARTESIAN_POINT('Origin',(-2.068,6.2,2.5));
#4610=CARTESIAN_POINT('Origin',(6.2,6.2,0.));
#4611=CARTESIAN_POINT('Origin',(6.2,6.2,0.));
#4612=CARTESIAN_POINT('',(-4.568,6.2,0.));
#4613=CARTESIAN_POINT('Origin',(6.2,6.2,0.));
#4614=CARTESIAN_POINT('',(4.55,3.4,0.));
#4615=CARTESIAN_POINT('',(4.55,9.,0.));
#4616=CARTESIAN_POINT('',(4.55,9.,0.));
#4617=CARTESIAN_POINT('',(7.85,3.4,0.));
#4618=CARTESIAN_POINT('',(4.55,3.4,0.));
#4619=CARTESIAN_POINT('',(7.85,9.,0.));
#4620=CARTESIAN_POINT('',(7.85,3.4,0.));
#4621=CARTESIAN_POINT('',(7.85,9.,0.));
#4622=CARTESIAN_POINT('Origin',(7.85,3.4,0.));
#4623=CARTESIAN_POINT('',(4.55,3.4,1.142));
#4624=CARTESIAN_POINT('',(4.55,3.4,0.));
#4625=CARTESIAN_POINT('',(7.85,3.4,1.142));
#4626=CARTESIAN_POINT('',(4.55,3.4,1.142));
#4627=CARTESIAN_POINT('',(7.85,3.4,0.));
#4628=CARTESIAN_POINT('Origin',(7.85,9.,0.));
#4629=CARTESIAN_POINT('',(7.85,9.,1.142));
#4630=CARTESIAN_POINT('',(7.85,3.4,1.142));
#4631=CARTESIAN_POINT('',(7.85,9.,0.));
#4632=CARTESIAN_POINT('Origin',(4.55,9.,0.));
#4633=CARTESIAN_POINT('',(4.55,9.,1.142));
#4634=CARTESIAN_POINT('',(7.85,9.,1.142));
#4635=CARTESIAN_POINT('',(4.55,9.,0.));
#4636=CARTESIAN_POINT('Origin',(4.55,3.4,0.));
#4637=CARTESIAN_POINT('',(4.55,9.,1.142));
#4638=CARTESIAN_POINT('Origin',(6.2,6.2,1.142));
#4639=CARTESIAN_POINT('Origin',(-8.81,6.2,13.015));
#4640=CARTESIAN_POINT('',(-10.81,17.575,13.015));
#4641=CARTESIAN_POINT('',(-8.31,20.075,13.015));
#4642=CARTESIAN_POINT('Ctrl Pts',(-10.81,17.575,13.015));
#4643=CARTESIAN_POINT('Ctrl Pts',(-10.81,17.5918358757425,13.015));
#4644=CARTESIAN_POINT('Ctrl Pts',(-10.7937247433418,17.6271592729456,13.015));
#4645=CARTESIAN_POINT('Ctrl Pts',(-10.7441211109015,17.6969607493719,13.015));
#4646=CARTESIAN_POINT('Ctrl Pts',(-10.6945174784613,17.7667622257981,13.015));
#4647=CARTESIAN_POINT('Ctrl Pts',(-10.611585470239,17.8710417814477,13.015));
#4648=CARTESIAN_POINT('Ctrl Pts',(-10.4816153670192,18.0197362084008,13.015));
#4649=CARTESIAN_POINT('Ctrl Pts',(-10.3516452637994,18.1684306353538,13.015));
#4650=CARTESIAN_POINT('Ctrl Pts',(-10.1746370655819,18.3615399336105,13.015));
#4651=CARTESIAN_POINT('Ctrl Pts',(-9.96844469665903,18.575740301716,13.015));
#4652=CARTESIAN_POINT('Ctrl Pts',(-9.76225232773618,18.7899406698216,13.015));
#4653=CARTESIAN_POINT('Ctrl Pts',(-9.52687578810793,19.0252321077761,13.015));
#4654=CARTESIAN_POINT('Ctrl Pts',(-9.31234813988291,19.2317605654058,13.015));
#4655=CARTESIAN_POINT('Ctrl Pts',(-9.09782049165788,19.4382890230356,13.015));
#4656=CARTESIAN_POINT('Ctrl Pts',(-8.90414173483608,19.6160545003406,13.015));
#4657=CARTESIAN_POINT('Ctrl Pts',(-8.75514193638588,19.7463146521749,13.015));
#4658=CARTESIAN_POINT('Ctrl Pts',(-8.68064203716077,19.811444728092,13.015));
#4659=CARTESIAN_POINT('Ctrl Pts',(-8.61731187752856,19.8646984726415,13.015));
#4660=CARTESIAN_POINT('Ctrl Pts',(-8.56406003374077,19.9077975494105,13.015));
#4661=CARTESIAN_POINT('Ctrl Pts',(-8.40430450237741,20.0370947797175,13.015));
#4662=CARTESIAN_POINT('Ctrl Pts',(-8.33525381361381,20.075,13.015));
#4663=CARTESIAN_POINT('Ctrl Pts',(-8.31,20.075,13.015));
#4664=CARTESIAN_POINT('',(-10.81,-5.175,13.015));
#4665=CARTESIAN_POINT('',(-10.81,13.1375,13.015));
#4666=CARTESIAN_POINT('',(-8.31,-7.675,13.015));
#4667=CARTESIAN_POINT('Ctrl Pts',(-8.31,-7.675,13.015));
#4668=CARTESIAN_POINT('Ctrl Pts',(-8.32683587574253,-7.675,13.015));
#4669=CARTESIAN_POINT('Ctrl Pts',(-8.36217392954414,-7.65870256194919,13.015));
#4670=CARTESIAN_POINT('Ctrl Pts',(-8.43198350349686,-7.60908601459065,13.015));
#4671=CARTESIAN_POINT('Ctrl Pts',(-8.50179307744957,-7.55946946723211,13.015));
#4672=CARTESIAN_POINT('Ctrl Pts',(-8.60607417155339,-7.47653381056584,13.015));
#4673=CARTESIAN_POINT('Ctrl Pts',(-8.75477308621031,-7.3465574941748,13.015));
#4674=CARTESIAN_POINT('Ctrl Pts',(-8.90347200086722,-7.21658117778376,13.015));
#4675=CARTESIAN_POINT('Ctrl Pts',(-9.09658873607723,-7.03956420166794,13.015));
#4676=CARTESIAN_POINT('Ctrl Pts',(-9.31079718854132,-6.83336212587365,13.015));
#4677=CARTESIAN_POINT('Ctrl Pts',(-9.5250056410054,-6.62716005007937,13.015));
#4678=CARTESIAN_POINT('Ctrl Pts',(-9.76030581072357,-6.39177287460662,13.015));
#4679=CARTESIAN_POINT('Ctrl Pts',(-9.96683204506054,-6.17724760562027,13.015));
#4680=CARTESIAN_POINT('Ctrl Pts',(-10.1733582793975,-5.96272233663391,13.015));
#4681=CARTESIAN_POINT('Ctrl Pts',(-10.3511105783533,-5.76905897413395,13.015));
#4682=CARTESIAN_POINT('Ctrl Pts',(-10.4813667374479,-5.62006204570095,13.015));
#4683=CARTESIAN_POINT('Ctrl Pts',(-10.5464948169952,-5.54556358148445,13.015));
#4684=CARTESIAN_POINT('Ctrl Pts',(-10.5997488615772,-5.48223172578469,13.015));
#4685=CARTESIAN_POINT('Ctrl Pts',(-10.642844957806,-5.4289839374429,13.015));
#4686=CARTESIAN_POINT('Ctrl Pts',(-10.7721332464924,-5.26924057241752,13.015));
#4687=CARTESIAN_POINT('Ctrl Pts',(-10.81,-5.20025381361381,13.015));
#4688=CARTESIAN_POINT('Ctrl Pts',(-10.81,-5.175,13.015));
#4689=CARTESIAN_POINT('',(-6.80999999999999,-7.675,13.015));
#4690=CARTESIAN_POINT('',(-9.81,-7.675,13.015));
#4691=CARTESIAN_POINT('',(-6.80999999999999,-5.175,13.015));
#4692=CARTESIAN_POINT('',(-6.80999999999999,-0.7375,13.015));
#4693=CARTESIAN_POINT('',(-8.30999999999999,-5.175,13.015));
#4694=CARTESIAN_POINT('',(-7.81,-5.175,13.015));
#4695=CARTESIAN_POINT('',(-8.30999999999999,-0.269999999999999,13.015));
#4696=CARTESIAN_POINT('',(-8.30999999999999,0.512500000000001,13.015));
#4697=CARTESIAN_POINT('',(-6.80999999999999,-0.269999999999999,13.015));
#4698=CARTESIAN_POINT('',(-8.56,-0.27,13.015));
#4699=CARTESIAN_POINT('',(-6.80999999999999,12.67,13.015));
#4700=CARTESIAN_POINT('',(-6.80999999999999,2.965,13.015));
#4701=CARTESIAN_POINT('',(-8.30999999999999,12.67,13.015));
#4702=CARTESIAN_POINT('',(-7.81,12.67,13.015));
#4703=CARTESIAN_POINT('',(-8.30999999999999,17.575,13.015));
#4704=CARTESIAN_POINT('',(-8.30999999999999,9.435,13.015));
#4705=CARTESIAN_POINT('',(-6.80999999999999,17.575,13.015));
#4706=CARTESIAN_POINT('',(-8.56,17.575,13.015));
#4707=CARTESIAN_POINT('',(-6.80999999999999,20.075,13.015));
#4708=CARTESIAN_POINT('',(-6.80999999999999,11.8875,13.015));
#4709=CARTESIAN_POINT('',(-7.81,20.075,13.015));
#4710=CARTESIAN_POINT('Origin',(-8.30999999999999,-5.175,7.315));
#4711=CARTESIAN_POINT('',(-8.30999999999999,-5.175,8.065));
#4712=CARTESIAN_POINT('',(-8.30999999999999,-5.175,7.315));
#4713=CARTESIAN_POINT('',(-8.31,-5.925,8.065));
#4714=CARTESIAN_POINT('',(-8.31,-5.925,8.065));
#4715=CARTESIAN_POINT('',(-8.31,-5.925,7.315));
#4716=CARTESIAN_POINT('',(-8.31,-5.925,6.565));
#4717=CARTESIAN_POINT('',(-8.30999999999999,-0.27,7.315));
#4718=CARTESIAN_POINT('',(-8.31,0.5125,7.315));
#4719=CARTESIAN_POINT('',(-8.30999999999999,-0.27,7.315));
#4720=CARTESIAN_POINT('Origin',(-6.80999999999999,-5.175,7.315));
#4721=CARTESIAN_POINT('',(-6.80999999999999,-5.175,8.065));
#4722=CARTESIAN_POINT('',(-6.80999999999999,-5.175,7.315));
#4723=CARTESIAN_POINT('',(8.20000000000001,-5.175,8.065));
#4724=CARTESIAN_POINT('Origin',(-6.80999999999999,-7.675,7.315));
#4725=CARTESIAN_POINT('',(-6.80999999999999,-7.675,7.315));
#4726=CARTESIAN_POINT('',(-6.80999999999999,-7.675,7.315));
#4727=CARTESIAN_POINT('',(-6.80999999999999,-5.925,7.315));
#4728=CARTESIAN_POINT('',(-6.80999999999999,-5.175,7.315));
#4729=CARTESIAN_POINT('',(-6.80999999999999,-5.925,8.065));
#4730=CARTESIAN_POINT('',(-6.80999999999999,-5.925,6.94));
#4731=CARTESIAN_POINT('',(-6.80999999999999,-6.8,8.065));
#4732=CARTESIAN_POINT('Origin',(-10.81,-7.675,7.315));
#4733=CARTESIAN_POINT('',(-8.31,-7.675,7.315));
#4734=CARTESIAN_POINT('Ctrl Pts',(-8.31,-7.675,7.315));
#4735=CARTESIAN_POINT('Ctrl Pts',(-8.31,-7.675,9.215));
#4736=CARTESIAN_POINT('Ctrl Pts',(-8.31,-7.675,11.115));
#4737=CARTESIAN_POINT('Ctrl Pts',(-8.31,-7.675,13.015));
#4738=CARTESIAN_POINT('',(-10.81,-7.675,7.315));
#4739=CARTESIAN_POINT('Ctrl Pts',(-10.81,-5.175,7.315));
#4740=CARTESIAN_POINT('Ctrl Pts',(-10.81,-5.175,9.215));
#4741=CARTESIAN_POINT('Ctrl Pts',(-10.81,-5.175,11.115));
#4742=CARTESIAN_POINT('Ctrl Pts',(-10.81,-5.175,13.015));
#4743=CARTESIAN_POINT('Ctrl Pts',(-10.81,-5.20025381361381,7.315));
#4744=CARTESIAN_POINT('Ctrl Pts',(-10.81,-5.20025381361381,9.21500000000001));
#4745=CARTESIAN_POINT('Ctrl Pts',(-10.81,-5.20025381361381,11.115));
#4746=CARTESIAN_POINT('Ctrl Pts',(-10.81,-5.20025381361381,13.015));
#4747=CARTESIAN_POINT('Ctrl Pts',(-10.7595109953232,-5.29223615868542,7.315));
#4748=CARTESIAN_POINT('Ctrl Pts',(-10.7595109953232,-5.29223615868542,9.215));
#4749=CARTESIAN_POINT('Ctrl Pts',(-10.7595109953232,-5.29223615868542,11.115));
#4750=CARTESIAN_POINT('Ctrl Pts',(-10.7595109953232,-5.29223615868542,13.015));
#4751=CARTESIAN_POINT('Ctrl Pts',(-10.4399867278312,-5.67222729288397,7.315));
#4752=CARTESIAN_POINT('Ctrl Pts',(-10.4399867278312,-5.67222729288397,9.215));
#4753=CARTESIAN_POINT('Ctrl Pts',(-10.4399867278312,-5.67222729288397,11.115));
#4754=CARTESIAN_POINT('Ctrl Pts',(-10.4399867278312,-5.67222729288397,13.015));
#4755=CARTESIAN_POINT('Ctrl Pts',(-9.99560598044173,-6.15638569913388,7.315));
#4756=CARTESIAN_POINT('Ctrl Pts',(-9.99560598044173,-6.15638569913388,9.215));
#4757=CARTESIAN_POINT('Ctrl Pts',(-9.99560598044173,-6.15638569913388,11.115));
#4758=CARTESIAN_POINT('Ctrl Pts',(-9.99560598044173,-6.15638569913388,13.015));
#4759=CARTESIAN_POINT('Ctrl Pts',(-9.28970547128724,-6.86254722555212,7.315));
#4760=CARTESIAN_POINT('Ctrl Pts',(-9.28970547128724,-6.86254722555212,9.215));
#4761=CARTESIAN_POINT('Ctrl Pts',(-9.28970547128724,-6.86254722555212,11.115));
#4762=CARTESIAN_POINT('Ctrl Pts',(-9.28970547128724,-6.86254722555212,13.015));
#4763=CARTESIAN_POINT('Ctrl Pts',(-8.71035526565721,-7.39359815389958,7.315));
#4764=CARTESIAN_POINT('Ctrl Pts',(-8.71035526565721,-7.39359815389958,9.215));
#4765=CARTESIAN_POINT('Ctrl Pts',(-8.71035526565721,-7.39359815389958,11.115));
#4766=CARTESIAN_POINT('Ctrl Pts',(-8.71035526565721,-7.39359815389958,13.015));
#4767=CARTESIAN_POINT('Ctrl Pts',(-8.39751198334575,-7.64240512389838,7.315));
#4768=CARTESIAN_POINT('Ctrl Pts',(-8.39751198334575,-7.64240512389838,9.215));
#4769=CARTESIAN_POINT('Ctrl Pts',(-8.39751198334575,-7.64240512389838,11.115));
#4770=CARTESIAN_POINT('Ctrl Pts',(-8.39751198334575,-7.64240512389838,13.015));
#4771=CARTESIAN_POINT('Ctrl Pts',(-8.32683587574253,-7.675,7.315));
#4772=CARTESIAN_POINT('Ctrl Pts',(-8.32683587574253,-7.675,9.215));
#4773=CARTESIAN_POINT('Ctrl Pts',(-8.32683587574253,-7.675,11.115));
#4774=CARTESIAN_POINT('Ctrl Pts',(-8.32683587574253,-7.675,13.015));
#4775=CARTESIAN_POINT('Ctrl Pts',(-8.31,-7.675,7.315));
#4776=CARTESIAN_POINT('Ctrl Pts',(-8.31,-7.675,9.215));
#4777=CARTESIAN_POINT('Ctrl Pts',(-8.31,-7.675,11.115));
#4778=CARTESIAN_POINT('Ctrl Pts',(-8.31,-7.675,13.015));
#4779=CARTESIAN_POINT('',(-10.81,-5.175,7.315));
#4780=CARTESIAN_POINT('Ctrl Pts',(-10.81,-5.175,13.015));
#4781=CARTESIAN_POINT('Ctrl Pts',(-10.81,-5.175,11.115));
#4782=CARTESIAN_POINT('Ctrl Pts',(-10.81,-5.175,9.215));
#4783=CARTESIAN_POINT('Ctrl Pts',(-10.81,-5.175,7.315));
#4784=CARTESIAN_POINT('Ctrl Pts',(-10.81,-5.175,7.315));
#4785=CARTESIAN_POINT('Ctrl Pts',(-10.81,-5.20025381361381,7.315));
#4786=CARTESIAN_POINT('Ctrl Pts',(-10.7721332464924,-5.26924057241752,7.315));
#4787=CARTESIAN_POINT('Ctrl Pts',(-10.642844957806,-5.4289839374429,7.315));
#4788=CARTESIAN_POINT('Ctrl Pts',(-10.5997488615772,-5.48223172578469,7.315));
#4789=CARTESIAN_POINT('Ctrl Pts',(-10.5464948169952,-5.54556358148445,7.315));
#4790=CARTESIAN_POINT('Ctrl Pts',(-10.4813667374479,-5.62006204570095,7.315));
#4791=CARTESIAN_POINT('Ctrl Pts',(-10.3511105783533,-5.76905897413395,7.315));
#4792=CARTESIAN_POINT('Ctrl Pts',(-10.1733582793975,-5.96272233663391,7.315));
#4793=CARTESIAN_POINT('Ctrl Pts',(-9.96683204506054,-6.17724760562027,7.315));
#4794=CARTESIAN_POINT('Ctrl Pts',(-9.76030581072357,-6.39177287460662,7.315));
#4795=CARTESIAN_POINT('Ctrl Pts',(-9.5250056410054,-6.62716005007937,7.315));
#4796=CARTESIAN_POINT('Ctrl Pts',(-9.31079718854132,-6.83336212587365,7.315));
#4797=CARTESIAN_POINT('Ctrl Pts',(-9.09658873607723,-7.03956420166794,7.315));
#4798=CARTESIAN_POINT('Ctrl Pts',(-8.90347200086722,-7.21658117778376,7.315));
#4799=CARTESIAN_POINT('Ctrl Pts',(-8.75477308621031,-7.3465574941748,7.315));
#4800=CARTESIAN_POINT('Ctrl Pts',(-8.60607417155339,-7.47653381056584,7.315));
#4801=CARTESIAN_POINT('Ctrl Pts',(-8.50179307744957,-7.55946946723211,7.315));
#4802=CARTESIAN_POINT('Ctrl Pts',(-8.43198350349686,-7.60908601459065,7.315));
#4803=CARTESIAN_POINT('Ctrl Pts',(-8.36217392954414,-7.65870256194919,7.315));
#4804=CARTESIAN_POINT('Ctrl Pts',(-8.32683587574253,-7.675,7.315));
#4805=CARTESIAN_POINT('Ctrl Pts',(-8.31,-7.675,7.315));
#4806=CARTESIAN_POINT('Origin',(-10.81,20.075,7.315));
#4807=CARTESIAN_POINT('',(-10.81,17.575,7.315));
#4808=CARTESIAN_POINT('Ctrl Pts',(-10.81,17.575,7.31499999999999));
#4809=CARTESIAN_POINT('Ctrl Pts',(-10.81,17.575,9.215));
#4810=CARTESIAN_POINT('Ctrl Pts',(-10.81,17.575,11.115));
#4811=CARTESIAN_POINT('Ctrl Pts',(-10.81,17.575,13.015));
#4812=CARTESIAN_POINT('',(-10.81,20.075,7.315));
#4813=CARTESIAN_POINT('Ctrl Pts',(-8.31,20.075,7.31499999999999));
#4814=CARTESIAN_POINT('Ctrl Pts',(-8.31,20.075,9.215));
#4815=CARTESIAN_POINT('Ctrl Pts',(-8.31,20.075,11.115));
#4816=CARTESIAN_POINT('Ctrl Pts',(-8.31,20.075,13.015));
#4817=CARTESIAN_POINT('Ctrl Pts',(-8.33525381361381,20.075,7.31499999999999));
#4818=CARTESIAN_POINT('Ctrl Pts',(-8.33525381361381,20.075,9.215));
#4819=CARTESIAN_POINT('Ctrl Pts',(-8.33525381361381,20.075,11.115));
#4820=CARTESIAN_POINT('Ctrl Pts',(-8.33525381361381,20.075,13.015));
#4821=CARTESIAN_POINT('Ctrl Pts',(-8.42732139863194,20.02445970629,7.31499999999999));
#4822=CARTESIAN_POINT('Ctrl Pts',(-8.42732139863194,20.02445970629,9.21499999999999));
#4823=CARTESIAN_POINT('Ctrl Pts',(-8.42732139863194,20.02445970629,11.115));
#4824=CARTESIAN_POINT('Ctrl Pts',(-8.42732139863194,20.02445970629,13.015));
#4825=CARTESIAN_POINT('Ctrl Pts',(-8.80730235642519,19.7049372389931,7.31499999999999));
#4826=CARTESIAN_POINT('Ctrl Pts',(-8.80730235642519,19.7049372389931,9.215));
#4827=CARTESIAN_POINT('Ctrl Pts',(-8.80730235642519,19.7049372389931,11.115));
#4828=CARTESIAN_POINT('Ctrl Pts',(-8.80730235642519,19.7049372389931,13.015));
#4829=CARTESIAN_POINT('Ctrl Pts',(-9.29149924847968,19.2605235457306,7.31499999999999));
#4830=CARTESIAN_POINT('Ctrl Pts',(-9.29149924847968,19.2605235457306,9.215));
#4831=CARTESIAN_POINT('Ctrl Pts',(-9.29149924847968,19.2605235457306,11.115));
#4832=CARTESIAN_POINT('Ctrl Pts',(-9.29149924847968,19.2605235457306,13.015));
#4833=CARTESIAN_POINT('Ctrl Pts',(-9.99762886736443,18.5546492318671,7.315));
#4834=CARTESIAN_POINT('Ctrl Pts',(-9.99762886736443,18.5546492318671,9.215));
#4835=CARTESIAN_POINT('Ctrl Pts',(-9.99762886736443,18.5546492318671,11.115));
#4836=CARTESIAN_POINT('Ctrl Pts',(-9.99762886736443,18.5546492318671,13.015));
#4837=CARTESIAN_POINT('Ctrl Pts',(-10.5286534620168,17.9753213370972,7.315));
#4838=CARTESIAN_POINT('Ctrl Pts',(-10.5286534620168,17.9753213370972,9.215));
#4839=CARTESIAN_POINT('Ctrl Pts',(-10.5286534620168,17.9753213370972,11.115));
#4840=CARTESIAN_POINT('Ctrl Pts',(-10.5286534620168,17.9753213370972,13.015));
#4841=CARTESIAN_POINT('Ctrl Pts',(-10.7774494866835,17.6624826701486,7.315));
#4842=CARTESIAN_POINT('Ctrl Pts',(-10.7774494866835,17.6624826701486,9.21500000000001));
#4843=CARTESIAN_POINT('Ctrl Pts',(-10.7774494866835,17.6624826701486,11.115));
#4844=CARTESIAN_POINT('Ctrl Pts',(-10.7774494866835,17.6624826701486,13.015));
#4845=CARTESIAN_POINT('Ctrl Pts',(-10.81,17.5918358757425,7.31499999999999));
#4846=CARTESIAN_POINT('Ctrl Pts',(-10.81,17.5918358757425,9.215));
#4847=CARTESIAN_POINT('Ctrl Pts',(-10.81,17.5918358757425,11.115));
#4848=CARTESIAN_POINT('Ctrl Pts',(-10.81,17.5918358757425,13.015));
#4849=CARTESIAN_POINT('Ctrl Pts',(-10.81,17.575,7.31499999999999));
#4850=CARTESIAN_POINT('Ctrl Pts',(-10.81,17.575,9.215));
#4851=CARTESIAN_POINT('Ctrl Pts',(-10.81,17.575,11.115));
#4852=CARTESIAN_POINT('Ctrl Pts',(-10.81,17.575,13.015));
#4853=CARTESIAN_POINT('',(-8.31,20.075,7.315));
#4854=CARTESIAN_POINT('Ctrl Pts',(-8.31,20.075,13.015));
#4855=CARTESIAN_POINT('Ctrl Pts',(-8.31,20.075,11.115));
#4856=CARTESIAN_POINT('Ctrl Pts',(-8.31,20.075,9.215));
#4857=CARTESIAN_POINT('Ctrl Pts',(-8.31,20.075,7.31499999999999));
#4858=CARTESIAN_POINT('Ctrl Pts',(-8.31,20.075,7.315));
#4859=CARTESIAN_POINT('Ctrl Pts',(-8.33525381361381,20.075,7.315));
#4860=CARTESIAN_POINT('Ctrl Pts',(-8.40430450237741,20.0370947797175,7.315));
#4861=CARTESIAN_POINT('Ctrl Pts',(-8.56406003374077,19.9077975494105,7.315));
#4862=CARTESIAN_POINT('Ctrl Pts',(-8.61731187752856,19.8646984726415,7.315));
#4863=CARTESIAN_POINT('Ctrl Pts',(-8.68064203716077,19.811444728092,7.315));
#4864=CARTESIAN_POINT('Ctrl Pts',(-8.75514193638588,19.7463146521749,7.315));
#4865=CARTESIAN_POINT('Ctrl Pts',(-8.90414173483608,19.6160545003406,7.315));
#4866=CARTESIAN_POINT('Ctrl Pts',(-9.09782049165788,19.4382890230356,7.315));
#4867=CARTESIAN_POINT('Ctrl Pts',(-9.31234813988291,19.2317605654058,7.315));
#4868=CARTESIAN_POINT('Ctrl Pts',(-9.52687578810793,19.0252321077761,7.315));
#4869=CARTESIAN_POINT('Ctrl Pts',(-9.76225232773618,18.7899406698216,7.315));
#4870=CARTESIAN_POINT('Ctrl Pts',(-9.96844469665903,18.575740301716,7.315));
#4871=CARTESIAN_POINT('Ctrl Pts',(-10.1746370655819,18.3615399336105,7.315));
#4872=CARTESIAN_POINT('Ctrl Pts',(-10.3516452637994,18.1684306353538,7.315));
#4873=CARTESIAN_POINT('Ctrl Pts',(-10.4816153670192,18.0197362084008,7.315));
#4874=CARTESIAN_POINT('Ctrl Pts',(-10.611585470239,17.8710417814477,7.315));
#4875=CARTESIAN_POINT('Ctrl Pts',(-10.6945174784613,17.7667622257981,7.315));
#4876=CARTESIAN_POINT('Ctrl Pts',(-10.7441211109015,17.6969607493719,7.315));
#4877=CARTESIAN_POINT('Ctrl Pts',(-10.7937247433418,17.6271592729456,7.315));
#4878=CARTESIAN_POINT('Ctrl Pts',(-10.81,17.5918358757425,7.315));
#4879=CARTESIAN_POINT('Ctrl Pts',(-10.81,17.575,7.315));
#4880=CARTESIAN_POINT('Origin',(-8.81,6.2,7.315));
#4881=CARTESIAN_POINT('',(-6.80999999999999,20.075,7.315));
#4882=CARTESIAN_POINT('',(23.21,20.075,7.315));
#4883=CARTESIAN_POINT('',(-6.80999999999999,18.325,7.315));
#4884=CARTESIAN_POINT('',(-6.80999999999999,17.575,7.315));
#4885=CARTESIAN_POINT('',(-8.31,18.325,7.315));
#4886=CARTESIAN_POINT('',(7.2,18.325,7.315));
#4887=CARTESIAN_POINT('',(-8.30999999999999,12.67,7.315));
#4888=CARTESIAN_POINT('',(-8.30999999999999,12.67,7.315));
#4889=CARTESIAN_POINT('',(-6.80999999999999,12.67,7.315));
#4890=CARTESIAN_POINT('',(-6.80999999999999,12.67,7.315));
#4891=CARTESIAN_POINT('',(-6.80999999999999,-0.27,7.315));
#4892=CARTESIAN_POINT('',(-6.80999999999999,-0.27,7.315));
#4893=CARTESIAN_POINT('',(-6.80999999999999,-0.27,7.315));
#4894=CARTESIAN_POINT('',(7.2,-5.925,7.315));
#4895=CARTESIAN_POINT('Origin',(23.21,16.825,8.065));
#4896=CARTESIAN_POINT('',(-8.31,17.575,8.065));
#4897=CARTESIAN_POINT('',(-6.80999999999999,17.575,8.065));
#4898=CARTESIAN_POINT('',(7.45000000000001,17.575,8.065));
#4899=CARTESIAN_POINT('',(-8.31,18.325,8.065));
#4900=CARTESIAN_POINT('',(-8.31,18.325,8.065));
#4901=CARTESIAN_POINT('',(-6.80999999999999,18.325,8.065));
#4902=CARTESIAN_POINT('',(23.21,18.325,8.065));
#4903=CARTESIAN_POINT('',(-6.80999999999999,17.2,8.065));
#4904=CARTESIAN_POINT('Origin',(23.21,18.325,8.065));
#4905=CARTESIAN_POINT('',(-6.80999999999999,18.325,7.69));
#4906=CARTESIAN_POINT('',(-8.31,18.325,6.565));
#4907=CARTESIAN_POINT('Origin',(-8.30999999999999,12.67,7.315));
#4908=CARTESIAN_POINT('',(-8.30999999999999,12.67,7.315));
#4909=CARTESIAN_POINT('',(-8.30999999999999,17.575,7.315));
#4910=CARTESIAN_POINT('Origin',(-8.30999999999999,17.575,7.315));
#4911=CARTESIAN_POINT('',(-6.80999999999999,17.575,7.315));
#4912=CARTESIAN_POINT('Origin',(23.21,-5.925,8.065));
#4913=CARTESIAN_POINT('',(23.21,-5.925,8.065));
#4914=CARTESIAN_POINT('Origin',(23.21,-5.925,6.565));
#4915=CARTESIAN_POINT('Origin',(-8.30999999999999,-0.27,7.315));
#4916=CARTESIAN_POINT('',(-6.80999999999999,-0.27,7.315));
#4917=CARTESIAN_POINT('Origin',(-6.80999999999999,20.075,7.315));
#4918=CARTESIAN_POINT('',(-6.80999999999999,20.075,7.315));
#4919=CARTESIAN_POINT('Origin',(-6.80999999999999,17.575,7.315));
#4920=CARTESIAN_POINT('Origin',(-6.80999999999999,12.67,7.315));
#4921=CARTESIAN_POINT('',(-6.80999999999999,12.67,7.315));
#4922=CARTESIAN_POINT('Origin',(-6.80999999999999,-0.27,7.315));
#4923=UNCERTAINTY_MEASURE_WITH_UNIT(LENGTH_MEASURE(0.01),#4927,
'DISTANCE_ACCURACY_VALUE',
'Maximum model space distance between geometric entities at asserted c
onnectivities');
#4924=UNCERTAINTY_MEASURE_WITH_UNIT(LENGTH_MEASURE(0.01),#4927,
'DISTANCE_ACCURACY_VALUE',
'Maximum model space distance between geometric entities at asserted c
onnectivities');
#4925=(
GEOMETRIC_REPRESENTATION_CONTEXT(3)
GLOBAL_UNCERTAINTY_ASSIGNED_CONTEXT((#4923))
GLOBAL_UNIT_ASSIGNED_CONTEXT((#4927,#4929,#4930))
REPRESENTATION_CONTEXT('','3D')
);
#4926=(
GEOMETRIC_REPRESENTATION_CONTEXT(3)
GLOBAL_UNCERTAINTY_ASSIGNED_CONTEXT((#4924))
GLOBAL_UNIT_ASSIGNED_CONTEXT((#4927,#4929,#4930))
REPRESENTATION_CONTEXT('','3D')
);
#4927=(
LENGTH_UNIT()
NAMED_UNIT(*)
SI_UNIT(.MILLI.,.METRE.)
);
#4928=(
LENGTH_UNIT()
NAMED_UNIT(*)
SI_UNIT($,.METRE.)
);
#4929=(
NAMED_UNIT(*)
PLANE_ANGLE_UNIT()
SI_UNIT($,.RADIAN.)
);
#4930=(
NAMED_UNIT(*)
SI_UNIT($,.STERADIAN.)
SOLID_ANGLE_UNIT()
);
#4931=SHAPE_DEFINITION_REPRESENTATION(#4932,#4933);
#4932=PRODUCT_DEFINITION_SHAPE('',$,#4935);
#4933=SHAPE_REPRESENTATION('',(#2316),#4925);
#4934=PRODUCT_DEFINITION_CONTEXT('part definition',#4939,'design');
#4935=PRODUCT_DEFINITION('2026-07-14-10-36-30-027','New_Case',#4936,#4934);
#4936=PRODUCT_DEFINITION_FORMATION('',$,#4941);
#4937=PRODUCT_RELATED_PRODUCT_CATEGORY('New_Case','New_Case',(#4941));
#4938=APPLICATION_PROTOCOL_DEFINITION('international standard',
'automotive_design',2009,#4939);
#4939=APPLICATION_CONTEXT(
'Core Data for Automotive Mechanical Design Process');
#4940=PRODUCT_CONTEXT('part definition',#4939,'mechanical');
#4941=PRODUCT('2026-07-14-10-36-30-027','New_Case',$,(#4940));
#4942=PRESENTATION_STYLE_ASSIGNMENT((#4943));
#4943=SURFACE_STYLE_USAGE(.BOTH.,#4944);
#4944=SURFACE_SIDE_STYLE('',(#4945));
#4945=SURFACE_STYLE_FILL_AREA(#4946);
#4946=FILL_AREA_STYLE('Acier - Satin\X\E9',(#4947));
#4947=FILL_AREA_STYLE_COLOUR('Acier - Satin\X\E9',#4948);
#4948=COLOUR_RGB('Acier - Satin\X\E9',0.627450980392157,0.627450980392157,
0.627450980392157);
ENDSEC;
END-ISO-10303-21;
