ISO-10303-21;
HEADER;
/* Generated by software containing ST-Developer
 * from STEP Tools, Inc. (www.steptools.com) 
 */

FILE_DESCRIPTION(
/* description */ (''),
/* implementation_level */ '2;1');

FILE_NAME(
/* name */ 'lid_model.step',
/* time_stamp */ '2026-08-27T10:50:32-07:00',
/* author */ (''),
/* organization */ (''),
/* preprocessor_version */ 'ST-DEVELOPER v20.1',
/* originating_system */ 'Autodesk Translation Framework v15.8.0.0',
/* authorisation */ '');

FILE_SCHEMA (('AUTOMOTIVE_DESIGN { 1 0 10303 214 3 1 1 }'));
ENDSEC;

DATA;
#10=MECHANICAL_DESIGN_GEOMETRIC_PRESENTATION_REPRESENTATION('',(#13),#2977);
#11=SHAPE_REPRESENTATION_RELATIONSHIP('SRR','None',#2984,#12);
#12=ADVANCED_BREP_SHAPE_REPRESENTATION('',(#14),#2976);
#13=STYLED_ITEM('',(#2993),#14);
#14=MANIFOLD_SOLID_BREP('Corps1',#1344);
#15=B_SPLINE_SURFACE_WITH_KNOTS('',3,3,((#1810,#1811,#1812,#1813),(#1814,
#1815,#1816,#1817),(#1818,#1819,#1820,#1821),(#1822,#1823,#1824,#1825),
(#1826,#1827,#1828,#1829),(#1830,#1831,#1832,#1833),(#1834,#1835,#1836,
#1837),(#1838,#1839,#1840,#1841),(#1842,#1843,#1844,#1845),(#1846,#1847,
#1848,#1849)),.UNSPECIFIED.,.F.,.F.,.F.,(4,1,1,1,1,1,1,4),(4,4),(0.,0.178571428571429,
0.285714285714286,0.428571428571429,0.571428571428571,0.714285714285714,
0.857142857142857,1.),(-0.122147347628934,0.450501598774213),
 .UNSPECIFIED.);
#16=B_SPLINE_SURFACE_WITH_KNOTS('',3,3,((#1916,#1917,#1918,#1919),(#1920,
#1921,#1922,#1923),(#1924,#1925,#1926,#1927),(#1928,#1929,#1930,#1931),
(#1932,#1933,#1934,#1935),(#1936,#1937,#1938,#1939),(#1940,#1941,#1942,
#1943),(#1944,#1945,#1946,#1947),(#1948,#1949,#1950,#1951),(#1952,#1953,
#1954,#1955)),.UNSPECIFIED.,.F.,.F.,.F.,(4,1,1,1,1,1,1,4),(4,4),(0.,0.178571428571429,
0.285714285714286,0.428571428571429,0.571428571428571,0.714285714285714,
0.857142857142857,1.),(-0.122147347626425,0.450501598774399),
 .UNSPECIFIED.);
#17=B_SPLINE_SURFACE_WITH_KNOTS('',3,3,((#2106,#2107,#2108,#2109),(#2110,
#2111,#2112,#2113),(#2114,#2115,#2116,#2117),(#2118,#2119,#2120,#2121),
(#2122,#2123,#2124,#2125),(#2126,#2127,#2128,#2129),(#2130,#2131,#2132,
#2133),(#2134,#2135,#2136,#2137),(#2138,#2139,#2140,#2141),(#2142,#2143,
#2144,#2145),(#2146,#2147,#2148,#2149)),.UNSPECIFIED.,.F.,.F.,.F.,(4,1,
1,1,1,1,1,1,4),(4,4),(0.,0.178571428571429,0.285714285714286,0.428571428571429,
0.571428571428571,0.678571428571428,0.857142857142857,0.892857142857143,
1.),(-0.970500046903735,0.323500054028352),.UNSPECIFIED.);
#18=B_SPLINE_SURFACE_WITH_KNOTS('',3,3,((#2341,#2342,#2343,#2344),(#2345,
#2346,#2347,#2348),(#2349,#2350,#2351,#2352),(#2353,#2354,#2355,#2356),
(#2357,#2358,#2359,#2360),(#2361,#2362,#2363,#2364),(#2365,#2366,#2367,
#2368),(#2369,#2370,#2371,#2372),(#2373,#2374,#2375,#2376),(#2377,#2378,
#2379,#2380)),.UNSPECIFIED.,.F.,.F.,.F.,(4,1,1,1,1,1,1,4),(4,4),(0.,0.178571428571429,
0.285714285714286,0.428571428571429,0.571428571428571,0.714285714285714,
0.857142857142857,1.),(0.10572771977353,2.66927228022647),.UNSPECIFIED.);
#19=B_SPLINE_SURFACE_WITH_KNOTS('',3,3,((#2425,#2426,#2427,#2428),(#2429,
#2430,#2431,#2432),(#2433,#2434,#2435,#2436),(#2437,#2438,#2439,#2440),
(#2441,#2442,#2443,#2444),(#2445,#2446,#2447,#2448),(#2449,#2450,#2451,
#2452),(#2453,#2454,#2455,#2456),(#2457,#2458,#2459,#2460),(#2461,#2462,
#2463,#2464)),.UNSPECIFIED.,.F.,.F.,.F.,(4,1,1,1,1,1,1,4),(4,4),(0.,0.178571428571429,
0.285714285714286,0.428571428571429,0.571428571428571,0.714285714285714,
0.857142857142857,1.),(2.45049840122553,3.02314734762542),.UNSPECIFIED.);
#20=B_SPLINE_SURFACE_WITH_KNOTS('',3,3,((#2490,#2491,#2492,#2493),(#2494,
#2495,#2496,#2497),(#2498,#2499,#2500,#2501),(#2502,#2503,#2504,#2505),
(#2506,#2507,#2508,#2509),(#2510,#2511,#2512,#2513),(#2514,#2515,#2516,
#2517),(#2518,#2519,#2520,#2521),(#2522,#2523,#2524,#2525),(#2526,#2527,
#2528,#2529)),.UNSPECIFIED.,.F.,.F.,.F.,(4,1,1,1,1,1,1,4),(4,4),(0.,0.285714285714286,
0.428571428571429,0.571428571428571,0.642857142857143,0.785714285714286,
0.857142857142857,1.),(2.45049840122596,3.0231473476312),.UNSPECIFIED.);
#21=B_SPLINE_SURFACE_WITH_KNOTS('',3,3,((#2542,#2543,#2544,#2545),(#2546,
#2547,#2548,#2549),(#2550,#2551,#2552,#2553),(#2554,#2555,#2556,#2557),
(#2558,#2559,#2560,#2561),(#2562,#2563,#2564,#2565),(#2566,#2567,#2568,
#2569),(#2570,#2571,#2572,#2573),(#2574,#2575,#2576,#2577),(#2578,#2579,
#2580,#2581)),.UNSPECIFIED.,.F.,.F.,.F.,(4,1,1,1,1,1,1,4),(4,4),(0.,0.178571428571429,
0.285714285714286,0.428571428571429,0.571428571428571,0.714285714285714,
0.857142857142857,1.),(-2.66927228022647,-0.10572771977353),
 .UNSPECIFIED.);
#22=B_SPLINE_SURFACE_WITH_KNOTS('',3,3,((#2610,#2611,#2612,#2613),(#2614,
#2615,#2616,#2617),(#2618,#2619,#2620,#2621),(#2622,#2623,#2624,#2625),
(#2626,#2627,#2628,#2629),(#2630,#2631,#2632,#2633),(#2634,#2635,#2636,
#2637),(#2638,#2639,#2640,#2641),(#2642,#2643,#2644,#2645),(#2646,#2647,
#2648,#2649)),.UNSPECIFIED.,.F.,.F.,.F.,(4,1,1,1,1,1,1,4),(4,4),(0.,0.214285714285714,
0.285714285714286,0.428571428571429,0.571428571428571,0.714285714285714,
0.857142857142857,1.),(0.0598036205407376,0.200000000000001),
 .UNSPECIFIED.);
#23=B_SPLINE_SURFACE_WITH_KNOTS('',3,3,((#2672,#2673,#2674,#2675),(#2676,
#2677,#2678,#2679),(#2680,#2681,#2682,#2683),(#2684,#2685,#2686,#2687),
(#2688,#2689,#2690,#2691),(#2692,#2693,#2694,#2695),(#2696,#2697,#2698,
#2699),(#2700,#2701,#2702,#2703),(#2704,#2705,#2706,#2707)),
 .UNSPECIFIED.,.F.,.F.,.F.,(4,1,1,1,1,1,4),(4,4),(0.,0.285714285714286,
0.428571428571429,0.571428571428571,0.714285714285714,0.857142857142857,
1.),(-3.33066907387547E-16,0.140196379459262),.UNSPECIFIED.);
#24=B_SPLINE_SURFACE_WITH_KNOTS('',3,3,((#2727,#2728,#2729,#2730),(#2731,
#2732,#2733,#2734),(#2735,#2736,#2737,#2738),(#2739,#2740,#2741,#2742),
(#2743,#2744,#2745,#2746),(#2747,#2748,#2749,#2750),(#2751,#2752,#2753,
#2754),(#2755,#2756,#2757,#2758),(#2759,#2760,#2761,#2762),(#2763,#2764,
#2765,#2766)),.UNSPECIFIED.,.F.,.F.,.F.,(4,1,1,1,1,1,1,4),(4,4),(0.,0.214285714285714,
0.285714285714286,0.428571428571429,0.571428571428571,0.714285714285714,
0.857142857142857,1.),(-0.730196382812023,0.074999996647239),
 .UNSPECIFIED.);
#25=B_SPLINE_SURFACE_WITH_KNOTS('',3,3,((#2809,#2810,#2811,#2812),(#2813,
#2814,#2815,#2816),(#2817,#2818,#2819,#2820),(#2821,#2822,#2823,#2824),
(#2825,#2826,#2827,#2828),(#2829,#2830,#2831,#2832),(#2833,#2834,#2835,
#2836),(#2837,#2838,#2839,#2840),(#2841,#2842,#2843,#2844),(#2845,#2846,
#2847,#2848)),.UNSPECIFIED.,.F.,.F.,.F.,(4,1,1,1,1,1,1,4),(4,4),(0.,0.214285714285714,
0.285714285714286,0.428571428571429,0.571428571428571,0.714285714285714,
0.857142857142857,1.),(-0.0749999966472388,0.730196382812023),
 .UNSPECIFIED.);
#26=B_SPLINE_CURVE_WITH_KNOTS('',3,(#1754,#1755,#1756,#1757),
 .UNSPECIFIED.,.F.,.F.,(4,4),(-0.0499887338653144,0.450501598774399),
 .UNSPECIFIED.);
#27=B_SPLINE_CURVE_WITH_KNOTS('',3,(#1759,#1760,#1761,#1762),
 .UNSPECIFIED.,.F.,.F.,(4,4),(0.176776695296637,2.59822330470336),
 .UNSPECIFIED.);
#28=B_SPLINE_CURVE_WITH_KNOTS('',3,(#1764,#1765,#1766,#1767),
 .UNSPECIFIED.,.F.,.F.,(4,4),(2.45049840122596,2.95098873386783),
 .UNSPECIFIED.);
#29=B_SPLINE_CURVE_WITH_KNOTS('',3,(#1852,#1853,#1854,#1855,#1856,#1857,
#1858,#1859,#1860,#1861,#1862,#1863,#1864),.UNSPECIFIED.,.F.,.F.,(4,3,3,
3,4),(-0.185867048119395,-0.152249181598423,-0.118631315077451,-0.0850134485564789,
-0.0557353596687445),.UNSPECIFIED.);
#30=B_SPLINE_CURVE_WITH_KNOTS('',3,(#1866,#1867,#1868,#1869),
 .UNSPECIFIED.,.F.,.F.,(4,4),(-0.0556768455590173,-0.0207632169140355),
 .UNSPECIFIED.);
#31=B_SPLINE_CURVE_WITH_KNOTS('',3,(#1871,#1872,#1873,#1874,#1875,#1876,
#1877,#1878,#1879,#1880),.UNSPECIFIED.,.F.,.F.,(4,2,2,2,4),(-0.0207632169140355,
-0.0164331060897772,-0.00313801778964652,-0.000794100971452709,0.),
 .UNSPECIFIED.);
#32=B_SPLINE_CURVE_WITH_KNOTS('',3,(#1882,#1883,#1884,#1885),
 .UNSPECIFIED.,.F.,.F.,(4,4),(-0.450501598774213,-6.87211418467073E-6),
 .UNSPECIFIED.);
#33=B_SPLINE_CURVE_WITH_KNOTS('',3,(#1887,#1888,#1889,#1890,#1891,#1892,
#1893,#1894,#1895,#1896,#1897,#1898),.UNSPECIFIED.,.F.,.F.,(4,2,2,2,2,4),
(-9.39744032494724E-5,0.,0.00496323889428654,0.015507990955633,0.0594096007830383,
0.148195173976512),.UNSPECIFIED.);
#34=B_SPLINE_CURVE_WITH_KNOTS('',3,(#1900,#1901,#1902,#1903,#1904,#1905,
#1906,#1907,#1908,#1909,#1910,#1911),.UNSPECIFIED.,.F.,.F.,(4,2,2,2,2,4),
(-8.83730299835644E-5,0.,0.00371422854152021,0.00994989254115966,0.0353938940697782,
0.0661425391651394),.UNSPECIFIED.);
#35=B_SPLINE_CURVE_WITH_KNOTS('',3,(#1912,#1913,#1914,#1915),
 .UNSPECIFIED.,.F.,.F.,(4,4),(-0.0499887338666368,0.450501598774213),
 .UNSPECIFIED.);
#36=B_SPLINE_CURVE_WITH_KNOTS('',3,(#1957,#1958,#1959,#1960,#1961,#1962,
#1963,#1964,#1965,#1966,#1967,#1968,#1969),.UNSPECIFIED.,.F.,.F.,(4,3,3,
3,4),(-0.185867048119855,-0.152249181598765,-0.118631315077676,-0.085013448556586,
-0.0557353596687496),.UNSPECIFIED.);
#37=B_SPLINE_CURVE_WITH_KNOTS('',3,(#1971,#1972,#1973,#1974),
 .UNSPECIFIED.,.F.,.F.,(4,4),(-0.0556768455447153,-0.0207632169086781),
 .UNSPECIFIED.);
#38=B_SPLINE_CURVE_WITH_KNOTS('',3,(#1976,#1977,#1978,#1979,#1980,#1981,
#1982,#1983,#1984,#1985),.UNSPECIFIED.,.F.,.F.,(4,2,2,2,4),(-0.0207632169086781,
-0.0164331060855292,-0.00313801778884842,-0.000794100971353943,0.),
 .UNSPECIFIED.);
#39=B_SPLINE_CURVE_WITH_KNOTS('',3,(#1987,#1988,#1989,#1990),
 .UNSPECIFIED.,.F.,.F.,(4,4),(-0.450501598774399,-6.87211499231508E-6),
 .UNSPECIFIED.);
#40=B_SPLINE_CURVE_WITH_KNOTS('',3,(#1992,#1993,#1994,#1995,#1996,#1997,
#1998,#1999,#2000,#2001,#2002,#2003),.UNSPECIFIED.,.F.,.F.,(4,2,2,2,2,4),
(-9.3974403644468E-5,0.,0.00496323889957275,0.0155079910014904,0.0594096009974904,
0.14819517453192),.UNSPECIFIED.);
#41=B_SPLINE_CURVE_WITH_KNOTS('',3,(#2004,#2005,#2006,#2007,#2008,#2009,
#2010,#2011,#2012,#2013,#2014,#2015),.UNSPECIFIED.,.F.,.F.,(4,2,2,2,2,4),
(-8.83730299417369E-5,0.,0.00371422855082544,0.00994989259241758,0.0353938942923207,
0.0661425395945864),.UNSPECIFIED.);
#42=B_SPLINE_CURVE_WITH_KNOTS('',3,(#2032,#2033,#2034,#2035,#2036,#2037,
#2038,#2039,#2040,#2041,#2042,#2043,#2044),.UNSPECIFIED.,.F.,.F.,(4,3,3,
3,4),(-0.0789413828374616,-0.0611805065193705,-0.040787004346247,-0.0203935021731235,
0.),.UNSPECIFIED.);
#43=B_SPLINE_CURVE_WITH_KNOTS('',3,(#2046,#2047,#2048,#2049,#2050,#2051,
#2052,#2053,#2054,#2055),.UNSPECIFIED.,.F.,.F.,(4,3,3,4),(-0.141923568832202,
-0.133074463822325,-0.0763080696272299,-0.0689800160253437),
 .UNSPECIFIED.);
#44=B_SPLINE_CURVE_WITH_KNOTS('',3,(#2057,#2058,#2059,#2060,#2061,#2062,
#2063),.UNSPECIFIED.,.F.,.F.,(4,3,4),(-0.178403761882101,-0.153676304936156,
-0.141923568832202),.UNSPECIFIED.);
#45=B_SPLINE_CURVE_WITH_KNOTS('',3,(#2070,#2071,#2072,#2073,#2074,#2075,
#2076,#2077,#2078,#2079,#2080,#2081,#2082,#2083,#2084,#2085),
 .UNSPECIFIED.,.F.,.F.,(4,3,3,3,3,4),(-0.078941382846659,-0.0611805065264987,
-0.0509837554387489,-0.0305902532632494,-0.0203935021754996,0.),
 .UNSPECIFIED.);
#46=B_SPLINE_CURVE_WITH_KNOTS('',3,(#2087,#2088,#2089,#2090,#2091,#2092,
#2093,#2094,#2095,#2096),.UNSPECIFIED.,.F.,.F.,(4,3,3,4),(-0.141923568832213,
-0.133074463822335,-0.0763080696272296,-0.068980016025342),
 .UNSPECIFIED.);
#47=B_SPLINE_CURVE_WITH_KNOTS('',3,(#2098,#2099,#2100,#2101),
 .UNSPECIFIED.,.F.,.F.,(4,4),(-0.17840376188174,-0.141923568832213),
 .UNSPECIFIED.);
#48=B_SPLINE_CURVE_WITH_KNOTS('',3,(#2152,#2153,#2154,#2155,#2156,#2157,
#2158,#2159,#2160,#2161,#2162,#2163,#2164,#2165,#2166,#2167,#2168,#2169,
#2170,#2171,#2172,#2173,#2174,#2175,#2176),.UNSPECIFIED.,.F.,.F.,(4,3,3,
3,3,3,3,3,4),(-6.93889390390723E-18,0.0103347591438975,0.0137796788585301,
0.0310042774316926,0.0413390365755902,0.0551187154341202,0.0688983942926503,
0.0792331534365478,0.0964577520097104),.UNSPECIFIED.);
#49=B_SPLINE_CURVE_WITH_KNOTS('',3,(#2178,#2179,#2180,#2181),
 .UNSPECIFIED.,.F.,.F.,(4,4),(-0.323500054028352,0.970500046903735),
 .UNSPECIFIED.);
#50=B_SPLINE_CURVE_WITH_KNOTS('',3,(#2183,#2184,#2185,#2186,#2187,#2188,
#2189,#2190,#2191,#2192,#2193,#2194,#2195,#2196,#2197,#2198,#2199,#2200,
#2201,#2202,#2203,#2204,#2205,#2206,#2207),.UNSPECIFIED.,.F.,.F.,(4,3,3,
3,3,3,3,3,4),(0.,0.0172245985668703,0.0275593577069924,0.0413390365604886,
0.0551187154139848,0.065453474554107,0.0826780731209772,0.0861229928343513,
0.0964577519744734),.UNSPECIFIED.);
#51=B_SPLINE_CURVE_WITH_KNOTS('',3,(#2208,#2209,#2210,#2211),
 .UNSPECIFIED.,.F.,.F.,(4,4),(-0.970500046903735,0.323500054028352),
 .UNSPECIFIED.);
#52=B_SPLINE_CURVE_WITH_KNOTS('',3,(#2234,#2235,#2236,#2237),
 .UNSPECIFIED.,.F.,.F.,(4,4),(-0.0749999999999999,0.0749999966472388),
 .UNSPECIFIED.);
#53=B_SPLINE_CURVE_WITH_KNOTS('',3,(#2241,#2242,#2243,#2244),
 .UNSPECIFIED.,.F.,.F.,(4,4),(-0.590000003352761,-0.490000003352761),
 .UNSPECIFIED.);
#54=B_SPLINE_CURVE_WITH_KNOTS('',3,(#2246,#2247,#2248,#2249),
 .UNSPECIFIED.,.F.,.F.,(4,4),(0.250000000000001,2.525),.UNSPECIFIED.);
#55=B_SPLINE_CURVE_WITH_KNOTS('',3,(#2251,#2252,#2253,#2254),
 .UNSPECIFIED.,.F.,.F.,(4,4),(0.490000003352762,0.590000003352761),
 .UNSPECIFIED.);
#56=B_SPLINE_CURVE_WITH_KNOTS('',3,(#2258,#2259,#2260,#2261),
 .UNSPECIFIED.,.F.,.F.,(4,4),(-0.074999996647239,0.0749999999999999),
 .UNSPECIFIED.);
#57=B_SPLINE_CURVE_WITH_KNOTS('',3,(#2291,#2292,#2293,#2294),
 .UNSPECIFIED.,.F.,.F.,(4,4),(-2.90099312788654,-2.45049840122596),
 .UNSPECIFIED.);
#58=B_SPLINE_CURVE_WITH_KNOTS('',3,(#2296,#2297,#2298,#2299),
 .UNSPECIFIED.,.F.,.F.,(4,4),(-3.33066907387547E-16,0.0232233047033631),
 .UNSPECIFIED.);
#59=B_SPLINE_CURVE_WITH_KNOTS('',3,(#2306,#2307,#2308,#2309),
 .UNSPECIFIED.,.F.,.F.,(4,4),(-0.613223308056124,-9.71445146547012E-17),
 .UNSPECIFIED.);
#60=B_SPLINE_CURVE_WITH_KNOTS('',3,(#2312,#2313,#2314,#2315),
 .UNSPECIFIED.,.F.,.F.,(4,4),(-2.90099312788469,-2.45049840122553),
 .UNSPECIFIED.);
#61=B_SPLINE_CURVE_WITH_KNOTS('',3,(#2317,#2318,#2319,#2320),
 .UNSPECIFIED.,.F.,.F.,(4,4),(-9.71445146547012E-17,0.613223308056124),
 .UNSPECIFIED.);
#62=B_SPLINE_CURVE_WITH_KNOTS('',3,(#2327,#2328,#2329,#2330),
 .UNSPECIFIED.,.F.,.F.,(4,4),(0.176776695296637,0.200000000000001),
 .UNSPECIFIED.);
#63=B_SPLINE_CURVE_WITH_KNOTS('',3,(#2333,#2334,#2335,#2336),
 .UNSPECIFIED.,.F.,.F.,(4,4),(-2.59822330470336,-0.176776695296637),
 .UNSPECIFIED.);
#64=B_SPLINE_CURVE_WITH_KNOTS('',3,(#2337,#2338,#2339,#2340),
 .UNSPECIFIED.,.F.,.F.,(4,4),(2.45049840122553,2.95098873386479),
 .UNSPECIFIED.);
#65=B_SPLINE_CURVE_WITH_KNOTS('',3,(#2382,#2383,#2384,#2385,#2386,#2387,
#2388,#2389,#2390,#2391,#2392,#2393,#2394,#2395),.UNSPECIFIED.,.F.,.F.,
(4,2,2,2,2,2,4),(0.0399224393898713,0.0437430386213165,0.0795842910917476,
0.0897683353479668,0.0923373328518341,0.0939320969872803,0.0939731357682103),
 .UNSPECIFIED.);
#66=B_SPLINE_CURVE_WITH_KNOTS('',3,(#2399,#2400,#2401,#2402,#2403,#2404,
#2405,#2406,#2407,#2408,#2409,#2410,#2411,#2412),.UNSPECIFIED.,.F.,.F.,
(4,2,2,2,2,2,4),(-9.64492711919811E-5,0.,0.0037480118800508,0.00978566531306661,
0.0337201882828394,0.117954237049412,0.126933402669937),.UNSPECIFIED.);
#67=B_SPLINE_CURVE_WITH_KNOTS('',3,(#2413,#2414,#2415,#2416,#2417,#2418,
#2419,#2420,#2421,#2422,#2423,#2424),.UNSPECIFIED.,.F.,.F.,(4,2,2,2,2,4),
(0.107877583536368,0.15992521231993,0.202993774925684,0.213548761139418,
0.219835762926903,0.219985350220191),.UNSPECIFIED.);
#68=B_SPLINE_CURVE_WITH_KNOTS('',3,(#2466,#2467,#2468,#2469,#2470,#2471,
#2472,#2473,#2474,#2475,#2476,#2477),.UNSPECIFIED.,.F.,.F.,(4,2,2,2,2,4),
(0.107877583536396,0.159925212320004,0.202993774925799,0.213548761139483,
0.219835762951719,0.219985350245999),.UNSPECIFIED.);
#69=B_SPLINE_CURVE_WITH_KNOTS('',3,(#2478,#2479,#2480,#2481,#2482,#2483,
#2484,#2485,#2486,#2487,#2488,#2489),.UNSPECIFIED.,.F.,.F.,(4,2,2,2,2,4),
(0.0711363641745124,0.13417376437406,0.16534373094129,0.172830462532911,
0.176354342204879,0.176421063653583),.UNSPECIFIED.);
#70=B_SPLINE_CURVE_WITH_KNOTS('',3,(#2530,#2531,#2532,#2533,#2534,#2535,
#2536,#2537,#2538,#2539,#2540,#2541),.UNSPECIFIED.,.F.,.F.,(4,2,2,2,2,4),
(0.07113636417635,0.13417376437767,0.165343730945759,0.17283046253747,0.176354342211092,
0.176421063659805),.UNSPECIFIED.);
#71=B_SPLINE_CURVE_WITH_KNOTS('',3,(#2582,#2583,#2584,#2585,#2586,#2587,
#2588,#2589,#2590,#2591,#2592,#2593,#2594,#2595),.UNSPECIFIED.,.F.,.F.,
(4,2,2,2,2,2,4),(0.0399224393901171,0.0437430386215684,0.0795842910920238,
0.0897683353482942,0.0923373328521689,0.09393209697452,0.0939731357549039),
 .UNSPECIFIED.);
#72=B_SPLINE_CURVE_WITH_KNOTS('',3,(#2596,#2597,#2598,#2599,#2600,#2601,
#2602,#2603,#2604,#2605,#2606,#2607,#2608,#2609),.UNSPECIFIED.,.F.,.F.,
(4,2,2,2,2,2,4),(-9.64492709857602E-5,0.,0.0037480119392084,0.00978566561826388,
0.0337201895632551,0.117954241762336,0.126933407748754),.UNSPECIFIED.);
#73=B_SPLINE_CURVE_WITH_KNOTS('',3,(#2650,#2651,#2652,#2653,#2654,#2655,
#2656,#2657,#2658,#2659,#2660,#2661,#2662,#2663,#2664,#2665,#2666,#2667,
#2668,#2669,#2670,#2671),.UNSPECIFIED.,.F.,.F.,(4,3,3,3,3,3,3,4),(0.,0.0275593577118887,
0.0551187154237775,0.0826780731356662,0.110237430847555,0.137796788559444,
0.151576467415388,0.192915503983221),.UNSPECIFIED.);
#74=B_SPLINE_CURVE_WITH_KNOTS('',3,(#2708,#2709,#2710,#2711,#2712,#2713,
#2714,#2715,#2716,#2717,#2718,#2719,#2720,#2721,#2722,#2723,#2724,#2725,
#2726),.UNSPECIFIED.,.F.,.F.,(4,3,3,3,3,3,4),(0.,0.0551187154359938,0.0826780731539908,
0.110237430871988,0.137796788589985,0.165356146307981,0.192915504025978),
 .UNSPECIFIED.);
#75=B_SPLINE_CURVE_WITH_KNOTS('',3,(#2768,#2769,#2770,#2771,#2772,#2773,
#2774,#2775,#2776,#2777),.UNSPECIFIED.,.F.,.F.,(4,2,2,2,4),(0.,0.00112302836371533,
0.00443782731703861,0.0232399215039315,0.134923146114988),.UNSPECIFIED.);
#76=B_SPLINE_CURVE_WITH_KNOTS('',3,(#2779,#2780,#2781,#2782),
 .UNSPECIFIED.,.F.,.F.,(4,4),(0.125000003352761,0.2),.UNSPECIFIED.);
#77=B_SPLINE_CURVE_WITH_KNOTS('',3,(#2783,#2784,#2785,#2786,#2787,#2788,
#2789,#2790,#2791,#2792),.UNSPECIFIED.,.F.,.F.,(4,3,3,4),(0.0732507553607668,
0.103265548707886,0.128648144880766,0.204795933399404),.UNSPECIFIED.);
#78=B_SPLINE_CURVE_WITH_KNOTS('',3,(#2850,#2851,#2852,#2853,#2854,#2855,
#2856,#2857,#2858,#2859),.UNSPECIFIED.,.F.,.F.,(4,3,3,4),(0.,0.0327654986917184,
0.0436873315889578,0.0566023445037014),.UNSPECIFIED.);
#79=B_SPLINE_CURVE_WITH_KNOTS('',3,(#2861,#2862,#2863,#2864),
 .UNSPECIFIED.,.F.,.F.,(4,4),(0.0499999999999999,0.124999996647239),
 .UNSPECIFIED.);
#80=B_SPLINE_CURVE_WITH_KNOTS('',3,(#2865,#2866,#2867,#2868,#2869,#2870,
#2871,#2872,#2873,#2874,#2875,#2876,#2877,#2878,#2879,#2880),
 .UNSPECIFIED.,.F.,.F.,(4,3,3,3,3,4),(0.0518167083705281,0.0682589782031481,
0.108484469329558,0.148709960455967,0.188935451582377,0.229160942708787),
 .UNSPECIFIED.);
#81=PLANE('',#1367);
#82=PLANE('',#1368);
#83=PLANE('',#1372);
#84=PLANE('',#1373);
#85=PLANE('',#1377);
#86=PLANE('',#1379);
#87=PLANE('',#1382);
#88=PLANE('',#1383);
#89=PLANE('',#1384);
#90=PLANE('',#1391);
#91=PLANE('',#1392);
#92=PLANE('',#1393);
#93=PLANE('',#1394);
#94=PLANE('',#1395);
#95=PLANE('',#1396);
#96=PLANE('',#1397);
#97=PLANE('',#1398);
#98=PLANE('',#1399);
#99=PLANE('',#1400);
#100=PLANE('',#1401);
#101=PLANE('',#1402);
#102=PLANE('',#1403);
#103=PLANE('',#1404);
#104=PLANE('',#1405);
#105=PLANE('',#1406);
#106=PLANE('',#1407);
#107=PLANE('',#1408);
#108=PLANE('',#1409);
#109=PLANE('',#1410);
#110=PLANE('',#1411);
#111=PLANE('',#1412);
#112=PLANE('',#1413);
#113=PLANE('',#1414);
#114=PLANE('',#1415);
#115=PLANE('',#1416);
#116=PLANE('',#1417);
#117=PLANE('',#1418);
#118=PLANE('',#1419);
#119=PLANE('',#1420);
#120=PLANE('',#1421);
#121=PLANE('',#1422);
#122=PLANE('',#1423);
#123=PLANE('',#1424);
#124=PLANE('',#1425);
#125=PLANE('',#1426);
#126=PLANE('',#1427);
#127=PLANE('',#1428);
#128=FACE_OUTER_BOUND('',#194,.T.);
#129=FACE_OUTER_BOUND('',#195,.T.);
#130=FACE_OUTER_BOUND('',#196,.T.);
#131=FACE_OUTER_BOUND('',#197,.T.);
#132=FACE_OUTER_BOUND('',#198,.T.);
#133=FACE_OUTER_BOUND('',#199,.T.);
#134=FACE_OUTER_BOUND('',#200,.T.);
#135=FACE_OUTER_BOUND('',#201,.T.);
#136=FACE_OUTER_BOUND('',#202,.T.);
#137=FACE_OUTER_BOUND('',#203,.T.);
#138=FACE_OUTER_BOUND('',#204,.T.);
#139=FACE_OUTER_BOUND('',#205,.T.);
#140=FACE_OUTER_BOUND('',#206,.T.);
#141=FACE_OUTER_BOUND('',#207,.T.);
#142=FACE_OUTER_BOUND('',#208,.T.);
#143=FACE_OUTER_BOUND('',#209,.T.);
#144=FACE_OUTER_BOUND('',#210,.T.);
#145=FACE_OUTER_BOUND('',#211,.T.);
#146=FACE_OUTER_BOUND('',#212,.T.);
#147=FACE_OUTER_BOUND('',#213,.T.);
#148=FACE_OUTER_BOUND('',#214,.T.);
#149=FACE_OUTER_BOUND('',#215,.T.);
#150=FACE_OUTER_BOUND('',#216,.T.);
#151=FACE_OUTER_BOUND('',#217,.T.);
#152=FACE_OUTER_BOUND('',#218,.T.);
#153=FACE_OUTER_BOUND('',#219,.T.);
#154=FACE_OUTER_BOUND('',#220,.T.);
#155=FACE_OUTER_BOUND('',#221,.T.);
#156=FACE_OUTER_BOUND('',#222,.T.);
#157=FACE_OUTER_BOUND('',#223,.T.);
#158=FACE_OUTER_BOUND('',#224,.T.);
#159=FACE_OUTER_BOUND('',#225,.T.);
#160=FACE_OUTER_BOUND('',#226,.T.);
#161=FACE_OUTER_BOUND('',#227,.T.);
#162=FACE_OUTER_BOUND('',#228,.T.);
#163=FACE_OUTER_BOUND('',#229,.T.);
#164=FACE_OUTER_BOUND('',#230,.T.);
#165=FACE_OUTER_BOUND('',#231,.T.);
#166=FACE_OUTER_BOUND('',#232,.T.);
#167=FACE_OUTER_BOUND('',#233,.T.);
#168=FACE_OUTER_BOUND('',#234,.T.);
#169=FACE_OUTER_BOUND('',#235,.T.);
#170=FACE_OUTER_BOUND('',#236,.T.);
#171=FACE_OUTER_BOUND('',#237,.T.);
#172=FACE_OUTER_BOUND('',#238,.T.);
#173=FACE_OUTER_BOUND('',#239,.T.);
#174=FACE_OUTER_BOUND('',#240,.T.);
#175=FACE_OUTER_BOUND('',#241,.T.);
#176=FACE_OUTER_BOUND('',#242,.T.);
#177=FACE_OUTER_BOUND('',#243,.T.);
#178=FACE_OUTER_BOUND('',#244,.T.);
#179=FACE_OUTER_BOUND('',#245,.T.);
#180=FACE_OUTER_BOUND('',#246,.T.);
#181=FACE_OUTER_BOUND('',#247,.T.);
#182=FACE_OUTER_BOUND('',#248,.T.);
#183=FACE_OUTER_BOUND('',#249,.T.);
#184=FACE_OUTER_BOUND('',#250,.T.);
#185=FACE_OUTER_BOUND('',#251,.T.);
#186=FACE_OUTER_BOUND('',#252,.T.);
#187=FACE_OUTER_BOUND('',#253,.T.);
#188=FACE_OUTER_BOUND('',#254,.T.);
#189=FACE_OUTER_BOUND('',#255,.T.);
#190=FACE_OUTER_BOUND('',#256,.T.);
#191=FACE_OUTER_BOUND('',#257,.T.);
#192=FACE_OUTER_BOUND('',#258,.T.);
#193=FACE_OUTER_BOUND('',#259,.T.);
#194=EDGE_LOOP('',(#870,#871,#872,#873));
#195=EDGE_LOOP('',(#874,#875,#876,#877));
#196=EDGE_LOOP('',(#878,#879,#880,#881));
#197=EDGE_LOOP('',(#882,#883,#884,#885));
#198=EDGE_LOOP('',(#886,#887,#888,#889,#890,#891));
#199=EDGE_LOOP('',(#892,#893,#894,#895));
#200=EDGE_LOOP('',(#896,#897,#898,#899,#900,#901,#902,#903,#904,#905));
#201=EDGE_LOOP('',(#906,#907,#908,#909));
#202=EDGE_LOOP('',(#910,#911,#912,#913));
#203=EDGE_LOOP('',(#914,#915,#916,#917,#918,#919));
#204=EDGE_LOOP('',(#920,#921,#922,#923));
#205=EDGE_LOOP('',(#924,#925,#926,#927));
#206=EDGE_LOOP('',(#928,#929,#930,#931));
#207=EDGE_LOOP('',(#932,#933,#934,#935));
#208=EDGE_LOOP('',(#936,#937,#938,#939));
#209=EDGE_LOOP('',(#940,#941,#942,#943,#944,#945,#946));
#210=EDGE_LOOP('',(#947,#948,#949,#950,#951,#952,#953));
#211=EDGE_LOOP('',(#954,#955,#956,#957));
#212=EDGE_LOOP('',(#958,#959,#960,#961));
#213=EDGE_LOOP('',(#962,#963,#964,#965,#966,#967,#968,#969,#970,#971,#972,
#973,#974,#975,#976,#977,#978,#979));
#214=EDGE_LOOP('',(#980,#981,#982,#983,#984,#985,#986,#987,#988,#989,#990,
#991,#992,#993,#994,#995,#996,#997));
#215=EDGE_LOOP('',(#998,#999,#1000,#1001));
#216=EDGE_LOOP('',(#1002,#1003,#1004,#1005));
#217=EDGE_LOOP('',(#1006,#1007,#1008,#1009));
#218=EDGE_LOOP('',(#1010,#1011,#1012,#1013));
#219=EDGE_LOOP('',(#1014,#1015,#1016,#1017));
#220=EDGE_LOOP('',(#1018,#1019,#1020,#1021,#1022,#1023,#1024,#1025,#1026,
#1027,#1028,#1029,#1030,#1031));
#221=EDGE_LOOP('',(#1032,#1033,#1034,#1035));
#222=EDGE_LOOP('',(#1036,#1037,#1038,#1039));
#223=EDGE_LOOP('',(#1040,#1041,#1042,#1043,#1044,#1045,#1046,#1047,#1048,
#1049,#1050,#1051));
#224=EDGE_LOOP('',(#1052,#1053,#1054,#1055,#1056,#1057,#1058,#1059,#1060,
#1061));
#225=EDGE_LOOP('',(#1062,#1063,#1064,#1065,#1066,#1067,#1068,#1069,#1070,
#1071));
#226=EDGE_LOOP('',(#1072,#1073,#1074,#1075,#1076,#1077,#1078,#1079,#1080,
#1081));
#227=EDGE_LOOP('',(#1082,#1083,#1084,#1085,#1086,#1087));
#228=EDGE_LOOP('',(#1088,#1089,#1090,#1091,#1092,#1093,#1094));
#229=EDGE_LOOP('',(#1095,#1096,#1097,#1098,#1099,#1100,#1101));
#230=EDGE_LOOP('',(#1102,#1103,#1104,#1105,#1106,#1107));
#231=EDGE_LOOP('',(#1108,#1109,#1110,#1111));
#232=EDGE_LOOP('',(#1112,#1113,#1114,#1115));
#233=EDGE_LOOP('',(#1116,#1117,#1118,#1119,#1120,#1121,#1122,#1123,#1124));
#234=EDGE_LOOP('',(#1125,#1126,#1127,#1128,#1129));
#235=EDGE_LOOP('',(#1130,#1131,#1132,#1133,#1134,#1135));
#236=EDGE_LOOP('',(#1136,#1137,#1138,#1139));
#237=EDGE_LOOP('',(#1140,#1141,#1142,#1143,#1144,#1145,#1146,#1147,#1148));
#238=EDGE_LOOP('',(#1149,#1150,#1151,#1152));
#239=EDGE_LOOP('',(#1153,#1154,#1155,#1156,#1157,#1158));
#240=EDGE_LOOP('',(#1159,#1160,#1161,#1162,#1163));
#241=EDGE_LOOP('',(#1164,#1165,#1166,#1167,#1168,#1169,#1170,#1171,#1172,
#1173,#1174,#1175,#1176,#1177));
#242=EDGE_LOOP('',(#1178,#1179,#1180,#1181));
#243=EDGE_LOOP('',(#1182,#1183,#1184,#1185,#1186,#1187,#1188));
#244=EDGE_LOOP('',(#1189,#1190,#1191,#1192,#1193,#1194,#1195));
#245=EDGE_LOOP('',(#1196,#1197,#1198,#1199));
#246=EDGE_LOOP('',(#1200,#1201,#1202,#1203));
#247=EDGE_LOOP('',(#1204,#1205,#1206,#1207,#1208,#1209));
#248=EDGE_LOOP('',(#1210,#1211,#1212,#1213,#1214,#1215));
#249=EDGE_LOOP('',(#1216,#1217,#1218,#1219));
#250=EDGE_LOOP('',(#1220,#1221,#1222,#1223,#1224,#1225));
#251=EDGE_LOOP('',(#1226,#1227,#1228,#1229,#1230,#1231));
#252=EDGE_LOOP('',(#1232,#1233,#1234,#1235));
#253=EDGE_LOOP('',(#1236,#1237,#1238,#1239,#1240,#1241,#1242,#1243,#1244,
#1245));
#254=EDGE_LOOP('',(#1246,#1247,#1248,#1249));
#255=EDGE_LOOP('',(#1250,#1251,#1252,#1253));
#256=EDGE_LOOP('',(#1254,#1255,#1256,#1257));
#257=EDGE_LOOP('',(#1258,#1259,#1260,#1261));
#258=EDGE_LOOP('',(#1262,#1263,#1264,#1265));
#259=EDGE_LOOP('',(#1266,#1267,#1268,#1269));
#260=LINE('',#1708,#389);
#261=LINE('',#1711,#390);
#262=LINE('',#1717,#391);
#263=LINE('',#1720,#392);
#264=LINE('',#1726,#393);
#265=LINE('',#1729,#394);
#266=LINE('',#1732,#395);
#267=LINE('',#1734,#396);
#268=LINE('',#1735,#397);
#269=LINE('',#1738,#398);
#270=LINE('',#1740,#399);
#271=LINE('',#1742,#400);
#272=LINE('',#1747,#401);
#273=LINE('',#1750,#402);
#274=LINE('',#1752,#403);
#275=LINE('',#1769,#404);
#276=LINE('',#1770,#405);
#277=LINE('',#1772,#406);
#278=LINE('',#1778,#407);
#279=LINE('',#1781,#408);
#280=LINE('',#1784,#409);
#281=LINE('',#1788,#410);
#282=LINE('',#1790,#411);
#283=LINE('',#1791,#412);
#284=LINE('',#1794,#413);
#285=LINE('',#1795,#414);
#286=LINE('',#1799,#415);
#287=LINE('',#1801,#416);
#288=LINE('',#1804,#417);
#289=LINE('',#1805,#418);
#290=LINE('',#1808,#419);
#291=LINE('',#1809,#420);
#292=LINE('',#2020,#421);
#293=LINE('',#2026,#422);
#294=LINE('',#2030,#423);
#295=LINE('',#2064,#424);
#296=LINE('',#2065,#425);
#297=LINE('',#2066,#426);
#298=LINE('',#2067,#427);
#299=LINE('',#2102,#428);
#300=LINE('',#2103,#429);
#301=LINE('',#2104,#430);
#302=LINE('',#2214,#431);
#303=LINE('',#2216,#432);
#304=LINE('',#2217,#433);
#305=LINE('',#2220,#434);
#306=LINE('',#2221,#435);
#307=LINE('',#2224,#436);
#308=LINE('',#2225,#437);
#309=LINE('',#2228,#438);
#310=LINE('',#2230,#439);
#311=LINE('',#2232,#440);
#312=LINE('',#2239,#441);
#313=LINE('',#2256,#442);
#314=LINE('',#2263,#443);
#315=LINE('',#2265,#444);
#316=LINE('',#2266,#445);
#317=LINE('',#2269,#446);
#318=LINE('',#2270,#447);
#319=LINE('',#2273,#448);
#320=LINE('',#2274,#449);
#321=LINE('',#2277,#450);
#322=LINE('',#2279,#451);
#323=LINE('',#2281,#452);
#324=LINE('',#2283,#453);
#325=LINE('',#2285,#454);
#326=LINE('',#2287,#455);
#327=LINE('',#2288,#456);
#328=LINE('',#2301,#457);
#329=LINE('',#2303,#458);
#330=LINE('',#2305,#459);
#331=LINE('',#2322,#460);
#332=LINE('',#2324,#461);
#333=LINE('',#2326,#462);
#334=LINE('',#2397,#463);
#335=LINE('',#2795,#464);
#336=LINE('',#2797,#465);
#337=LINE('',#2798,#466);
#338=LINE('',#2801,#467);
#339=LINE('',#2803,#468);
#340=LINE('',#2805,#469);
#341=LINE('',#2806,#470);
#342=LINE('',#2808,#471);
#343=LINE('',#2883,#472);
#344=LINE('',#2884,#473);
#345=LINE('',#2887,#474);
#346=LINE('',#2889,#475);
#347=LINE('',#2891,#476);
#348=LINE('',#2892,#477);
#349=LINE('',#2895,#478);
#350=LINE('',#2896,#479);
#351=LINE('',#2899,#480);
#352=LINE('',#2901,#481);
#353=LINE('',#2903,#482);
#354=LINE('',#2905,#483);
#355=LINE('',#2907,#484);
#356=LINE('',#2909,#485);
#357=LINE('',#2911,#486);
#358=LINE('',#2913,#487);
#359=LINE('',#2914,#488);
#360=LINE('',#2917,#489);
#361=LINE('',#2919,#490);
#362=LINE('',#2920,#491);
#363=LINE('',#2923,#492);
#364=LINE('',#2925,#493);
#365=LINE('',#2926,#494);
#366=LINE('',#2929,#495);
#367=LINE('',#2931,#496);
#368=LINE('',#2932,#497);
#369=LINE('',#2934,#498);
#370=LINE('',#2935,#499);
#371=LINE('',#2937,#500);
#372=LINE('',#2938,#501);
#373=LINE('',#2941,#502);
#374=LINE('',#2942,#503);
#375=LINE('',#2944,#504);
#376=LINE('',#2948,#505);
#377=LINE('',#2949,#506);
#378=LINE('',#2951,#507);
#379=LINE('',#2955,#508);
#380=LINE('',#2957,#509);
#381=LINE('',#2958,#510);
#382=LINE('',#2960,#511);
#383=LINE('',#2962,#512);
#384=LINE('',#2963,#513);
#385=LINE('',#2965,#514);
#386=LINE('',#2967,#515);
#387=LINE('',#2970,#516);
#388=LINE('',#2972,#517);
#389=VECTOR('',#1435,2.);
#390=VECTOR('',#1438,10.);
#391=VECTOR('',#1443,2.);
#392=VECTOR('',#1446,10.);
#393=VECTOR('',#1451,10.);
#394=VECTOR('',#1454,10.);
#395=VECTOR('',#1457,10.);
#396=VECTOR('',#1458,10.);
#397=VECTOR('',#1459,10.);
#398=VECTOR('',#1462,10.);
#399=VECTOR('',#1463,10.);
#400=VECTOR('',#1464,10.);
#401=VECTOR('',#1471,10.);
#402=VECTOR('',#1474,10.);
#403=VECTOR('',#1475,10.);
#404=VECTOR('',#1476,10.);
#405=VECTOR('',#1477,10.);
#406=VECTOR('',#1480,10.);
#407=VECTOR('',#1485,10.);
#408=VECTOR('',#1488,10.);
#409=VECTOR('',#1491,10.);
#410=VECTOR('',#1494,10.);
#411=VECTOR('',#1495,10.);
#412=VECTOR('',#1496,10.);
#413=VECTOR('',#1499,10.);
#414=VECTOR('',#1500,10.);
#415=VECTOR('',#1505,10.);
#416=VECTOR('',#1508,10.);
#417=VECTOR('',#1511,10.);
#418=VECTOR('',#1512,10.);
#419=VECTOR('',#1515,10.);
#420=VECTOR('',#1516,10.);
#421=VECTOR('',#1521,34.);
#422=VECTOR('',#1528,34.);
#423=VECTOR('',#1533,10.);
#424=VECTOR('',#1534,10.);
#425=VECTOR('',#1535,10.);
#426=VECTOR('',#1536,10.);
#427=VECTOR('',#1537,10.);
#428=VECTOR('',#1540,10.);
#429=VECTOR('',#1541,10.);
#430=VECTOR('',#1542,10.);
#431=VECTOR('',#1547,10.);
#432=VECTOR('',#1548,10.);
#433=VECTOR('',#1549,10.);
#434=VECTOR('',#1552,10.);
#435=VECTOR('',#1553,10.);
#436=VECTOR('',#1556,10.);
#437=VECTOR('',#1557,10.);
#438=VECTOR('',#1560,10.);
#439=VECTOR('',#1561,10.);
#440=VECTOR('',#1562,10.);
#441=VECTOR('',#1563,10.);
#442=VECTOR('',#1564,10.);
#443=VECTOR('',#1565,10.);
#444=VECTOR('',#1566,10.);
#445=VECTOR('',#1567,10.);
#446=VECTOR('',#1570,10.);
#447=VECTOR('',#1571,10.);
#448=VECTOR('',#1574,10.);
#449=VECTOR('',#1575,10.);
#450=VECTOR('',#1578,10.);
#451=VECTOR('',#1579,10.);
#452=VECTOR('',#1580,10.);
#453=VECTOR('',#1581,10.);
#454=VECTOR('',#1582,10.);
#455=VECTOR('',#1583,10.);
#456=VECTOR('',#1584,10.);
#457=VECTOR('',#1587,10.);
#458=VECTOR('',#1588,10.);
#459=VECTOR('',#1589,10.);
#460=VECTOR('',#1592,10.);
#461=VECTOR('',#1593,10.);
#462=VECTOR('',#1594,10.);
#463=VECTOR('',#1597,10.);
#464=VECTOR('',#1600,10.);
#465=VECTOR('',#1601,10.);
#466=VECTOR('',#1602,10.);
#467=VECTOR('',#1605,10.);
#468=VECTOR('',#1606,10.);
#469=VECTOR('',#1607,10.);
#470=VECTOR('',#1608,10.);
#471=VECTOR('',#1611,10.);
#472=VECTOR('',#1614,10.);
#473=VECTOR('',#1615,10.);
#474=VECTOR('',#1618,10.);
#475=VECTOR('',#1619,10.);
#476=VECTOR('',#1620,10.);
#477=VECTOR('',#1621,10.);
#478=VECTOR('',#1624,10.);
#479=VECTOR('',#1625,10.);
#480=VECTOR('',#1628,10.);
#481=VECTOR('',#1629,10.);
#482=VECTOR('',#1630,10.);
#483=VECTOR('',#1631,10.);
#484=VECTOR('',#1632,10.);
#485=VECTOR('',#1633,10.);
#486=VECTOR('',#1634,10.);
#487=VECTOR('',#1635,10.);
#488=VECTOR('',#1636,10.);
#489=VECTOR('',#1639,10.);
#490=VECTOR('',#1640,10.);
#491=VECTOR('',#1641,10.);
#492=VECTOR('',#1644,10.);
#493=VECTOR('',#1645,10.);
#494=VECTOR('',#1646,10.);
#495=VECTOR('',#1649,10.);
#496=VECTOR('',#1650,10.);
#497=VECTOR('',#1651,10.);
#498=VECTOR('',#1654,10.);
#499=VECTOR('',#1655,10.);
#500=VECTOR('',#1658,10.);
#501=VECTOR('',#1659,10.);
#502=VECTOR('',#1662,10.);
#503=VECTOR('',#1663,10.);
#504=VECTOR('',#1666,10.);
#505=VECTOR('',#1671,10.);
#506=VECTOR('',#1672,10.);
#507=VECTOR('',#1675,10.);
#508=VECTOR('',#1680,10.);
#509=VECTOR('',#1681,10.);
#510=VECTOR('',#1682,10.);
#511=VECTOR('',#1683,10.);
#512=VECTOR('',#1684,10.);
#513=VECTOR('',#1685,10.);
#514=VECTOR('',#1688,10.);
#515=VECTOR('',#1691,10.);
#516=VECTOR('',#1696,10.);
#517=VECTOR('',#1699,10.);
#518=CIRCLE('',#1359,2.);
#519=CIRCLE('',#1360,2.);
#520=CIRCLE('',#1362,2.);
#521=CIRCLE('',#1363,2.);
#522=CIRCLE('',#1365,3.);
#523=CIRCLE('',#1366,3.);
#524=CIRCLE('',#1369,3.);
#525=CIRCLE('',#1371,3.);
#526=CIRCLE('',#1375,3.);
#527=CIRCLE('',#1376,3.);
#528=CIRCLE('',#1378,3.);
#529=CIRCLE('',#1381,3.);
#530=CIRCLE('',#1386,34.);
#531=CIRCLE('',#1387,34.);
#532=CIRCLE('',#1389,34.);
#533=CIRCLE('',#1390,34.);
#534=VERTEX_POINT('',#1704);
#535=VERTEX_POINT('',#1705);
#536=VERTEX_POINT('',#1707);
#537=VERTEX_POINT('',#1709);
#538=VERTEX_POINT('',#1713);
#539=VERTEX_POINT('',#1714);
#540=VERTEX_POINT('',#1716);
#541=VERTEX_POINT('',#1718);
#542=VERTEX_POINT('',#1722);
#543=VERTEX_POINT('',#1723);
#544=VERTEX_POINT('',#1725);
#545=VERTEX_POINT('',#1727);
#546=VERTEX_POINT('',#1731);
#547=VERTEX_POINT('',#1733);
#548=VERTEX_POINT('',#1737);
#549=VERTEX_POINT('',#1739);
#550=VERTEX_POINT('',#1741);
#551=VERTEX_POINT('',#1745);
#552=VERTEX_POINT('',#1749);
#553=VERTEX_POINT('',#1751);
#554=VERTEX_POINT('',#1753);
#555=VERTEX_POINT('',#1758);
#556=VERTEX_POINT('',#1763);
#557=VERTEX_POINT('',#1768);
#558=VERTEX_POINT('',#1774);
#559=VERTEX_POINT('',#1775);
#560=VERTEX_POINT('',#1777);
#561=VERTEX_POINT('',#1779);
#562=VERTEX_POINT('',#1783);
#563=VERTEX_POINT('',#1785);
#564=VERTEX_POINT('',#1787);
#565=VERTEX_POINT('',#1789);
#566=VERTEX_POINT('',#1793);
#567=VERTEX_POINT('',#1797);
#568=VERTEX_POINT('',#1803);
#569=VERTEX_POINT('',#1807);
#570=VERTEX_POINT('',#1850);
#571=VERTEX_POINT('',#1851);
#572=VERTEX_POINT('',#1865);
#573=VERTEX_POINT('',#1870);
#574=VERTEX_POINT('',#1881);
#575=VERTEX_POINT('',#1886);
#576=VERTEX_POINT('',#1899);
#577=VERTEX_POINT('',#1956);
#578=VERTEX_POINT('',#1970);
#579=VERTEX_POINT('',#1975);
#580=VERTEX_POINT('',#1986);
#581=VERTEX_POINT('',#1991);
#582=VERTEX_POINT('',#2017);
#583=VERTEX_POINT('',#2019);
#584=VERTEX_POINT('',#2023);
#585=VERTEX_POINT('',#2025);
#586=VERTEX_POINT('',#2029);
#587=VERTEX_POINT('',#2031);
#588=VERTEX_POINT('',#2045);
#589=VERTEX_POINT('',#2056);
#590=VERTEX_POINT('',#2069);
#591=VERTEX_POINT('',#2086);
#592=VERTEX_POINT('',#2097);
#593=VERTEX_POINT('',#2150);
#594=VERTEX_POINT('',#2151);
#595=VERTEX_POINT('',#2177);
#596=VERTEX_POINT('',#2182);
#597=VERTEX_POINT('',#2213);
#598=VERTEX_POINT('',#2215);
#599=VERTEX_POINT('',#2219);
#600=VERTEX_POINT('',#2223);
#601=VERTEX_POINT('',#2227);
#602=VERTEX_POINT('',#2229);
#603=VERTEX_POINT('',#2231);
#604=VERTEX_POINT('',#2233);
#605=VERTEX_POINT('',#2238);
#606=VERTEX_POINT('',#2240);
#607=VERTEX_POINT('',#2245);
#608=VERTEX_POINT('',#2250);
#609=VERTEX_POINT('',#2255);
#610=VERTEX_POINT('',#2257);
#611=VERTEX_POINT('',#2262);
#612=VERTEX_POINT('',#2264);
#613=VERTEX_POINT('',#2268);
#614=VERTEX_POINT('',#2272);
#615=VERTEX_POINT('',#2276);
#616=VERTEX_POINT('',#2278);
#617=VERTEX_POINT('',#2280);
#618=VERTEX_POINT('',#2282);
#619=VERTEX_POINT('',#2284);
#620=VERTEX_POINT('',#2286);
#621=VERTEX_POINT('',#2290);
#622=VERTEX_POINT('',#2295);
#623=VERTEX_POINT('',#2300);
#624=VERTEX_POINT('',#2302);
#625=VERTEX_POINT('',#2304);
#626=VERTEX_POINT('',#2311);
#627=VERTEX_POINT('',#2316);
#628=VERTEX_POINT('',#2321);
#629=VERTEX_POINT('',#2323);
#630=VERTEX_POINT('',#2325);
#631=VERTEX_POINT('',#2332);
#632=VERTEX_POINT('',#2381);
#633=VERTEX_POINT('',#2396);
#634=VERTEX_POINT('',#2398);
#635=VERTEX_POINT('',#2465);
#636=VERTEX_POINT('',#2767);
#637=VERTEX_POINT('',#2778);
#638=VERTEX_POINT('',#2794);
#639=VERTEX_POINT('',#2796);
#640=VERTEX_POINT('',#2800);
#641=VERTEX_POINT('',#2802);
#642=VERTEX_POINT('',#2804);
#643=VERTEX_POINT('',#2849);
#644=VERTEX_POINT('',#2860);
#645=VERTEX_POINT('',#2882);
#646=VERTEX_POINT('',#2886);
#647=VERTEX_POINT('',#2888);
#648=VERTEX_POINT('',#2890);
#649=VERTEX_POINT('',#2894);
#650=VERTEX_POINT('',#2898);
#651=VERTEX_POINT('',#2900);
#652=VERTEX_POINT('',#2902);
#653=VERTEX_POINT('',#2904);
#654=VERTEX_POINT('',#2906);
#655=VERTEX_POINT('',#2908);
#656=VERTEX_POINT('',#2910);
#657=VERTEX_POINT('',#2912);
#658=VERTEX_POINT('',#2916);
#659=VERTEX_POINT('',#2918);
#660=VERTEX_POINT('',#2922);
#661=VERTEX_POINT('',#2924);
#662=VERTEX_POINT('',#2928);
#663=VERTEX_POINT('',#2930);
#664=VERTEX_POINT('',#2940);
#665=VERTEX_POINT('',#2947);
#666=VERTEX_POINT('',#2954);
#667=VERTEX_POINT('',#2956);
#668=VERTEX_POINT('',#2959);
#669=VERTEX_POINT('',#2961);
#670=EDGE_CURVE('',#534,#535,#518,.T.);
#671=EDGE_CURVE('',#534,#536,#260,.T.);
#672=EDGE_CURVE('',#536,#537,#519,.F.);
#673=EDGE_CURVE('',#537,#535,#261,.T.);
#674=EDGE_CURVE('',#538,#539,#520,.T.);
#675=EDGE_CURVE('',#538,#540,#262,.T.);
#676=EDGE_CURVE('',#540,#541,#521,.F.);
#677=EDGE_CURVE('',#541,#539,#263,.T.);
#678=EDGE_CURVE('',#542,#543,#522,.T.);
#679=EDGE_CURVE('',#543,#544,#264,.T.);
#680=EDGE_CURVE('',#544,#545,#523,.T.);
#681=EDGE_CURVE('',#545,#542,#265,.T.);
#682=EDGE_CURVE('',#543,#546,#266,.T.);
#683=EDGE_CURVE('',#547,#546,#267,.T.);
#684=EDGE_CURVE('',#547,#544,#268,.T.);
#685=EDGE_CURVE('',#548,#542,#269,.T.);
#686=EDGE_CURVE('',#549,#548,#270,.T.);
#687=EDGE_CURVE('',#549,#550,#271,.T.);
#688=EDGE_CURVE('',#546,#550,#524,.T.);
#689=EDGE_CURVE('',#551,#547,#525,.T.);
#690=EDGE_CURVE('',#550,#551,#272,.T.);
#691=EDGE_CURVE('',#552,#551,#273,.T.);
#692=EDGE_CURVE('',#552,#553,#274,.T.);
#693=EDGE_CURVE('',#554,#553,#26,.T.);
#694=EDGE_CURVE('',#555,#554,#27,.T.);
#695=EDGE_CURVE('',#556,#555,#28,.T.);
#696=EDGE_CURVE('',#556,#557,#275,.T.);
#697=EDGE_CURVE('',#557,#545,#276,.T.);
#698=EDGE_CURVE('',#552,#549,#277,.T.);
#699=EDGE_CURVE('',#558,#559,#526,.T.);
#700=EDGE_CURVE('',#559,#560,#278,.T.);
#701=EDGE_CURVE('',#560,#561,#527,.T.);
#702=EDGE_CURVE('',#561,#558,#279,.T.);
#703=EDGE_CURVE('',#562,#560,#280,.T.);
#704=EDGE_CURVE('',#563,#562,#528,.T.);
#705=EDGE_CURVE('',#564,#563,#281,.T.);
#706=EDGE_CURVE('',#565,#564,#282,.T.);
#707=EDGE_CURVE('',#565,#561,#283,.T.);
#708=EDGE_CURVE('',#559,#566,#284,.T.);
#709=EDGE_CURVE('',#562,#566,#285,.T.);
#710=EDGE_CURVE('',#566,#567,#529,.T.);
#711=EDGE_CURVE('',#567,#563,#286,.T.);
#712=EDGE_CURVE('',#548,#557,#287,.T.);
#713=EDGE_CURVE('',#568,#565,#288,.T.);
#714=EDGE_CURVE('',#568,#558,#289,.T.);
#715=EDGE_CURVE('',#569,#567,#290,.T.);
#716=EDGE_CURVE('',#564,#569,#291,.T.);
#717=EDGE_CURVE('',#570,#571,#29,.T.);
#718=EDGE_CURVE('',#571,#572,#30,.T.);
#719=EDGE_CURVE('',#572,#573,#31,.T.);
#720=EDGE_CURVE('',#573,#574,#32,.T.);
#721=EDGE_CURVE('',#574,#575,#33,.T.);
#722=EDGE_CURVE('',#576,#575,#34,.T.);
#723=EDGE_CURVE('',#576,#570,#35,.T.);
#724=EDGE_CURVE('',#553,#577,#36,.T.);
#725=EDGE_CURVE('',#577,#578,#37,.T.);
#726=EDGE_CURVE('',#578,#579,#38,.T.);
#727=EDGE_CURVE('',#579,#580,#39,.T.);
#728=EDGE_CURVE('',#580,#581,#40,.T.);
#729=EDGE_CURVE('',#554,#581,#41,.T.);
#730=EDGE_CURVE('',#582,#537,#530,.T.);
#731=EDGE_CURVE('',#582,#583,#292,.T.);
#732=EDGE_CURVE('',#583,#535,#531,.F.);
#733=EDGE_CURVE('',#584,#541,#532,.T.);
#734=EDGE_CURVE('',#584,#585,#293,.T.);
#735=EDGE_CURVE('',#585,#539,#533,.F.);
#736=EDGE_CURVE('',#586,#569,#294,.T.);
#737=EDGE_CURVE('',#587,#586,#42,.T.);
#738=EDGE_CURVE('',#588,#587,#43,.T.);
#739=EDGE_CURVE('',#589,#588,#44,.T.);
#740=EDGE_CURVE('',#589,#538,#295,.T.);
#741=EDGE_CURVE('',#585,#582,#296,.T.);
#742=EDGE_CURVE('',#573,#536,#297,.T.);
#743=EDGE_CURVE('',#568,#570,#298,.T.);
#744=EDGE_CURVE('',#590,#556,#45,.T.);
#745=EDGE_CURVE('',#591,#590,#46,.T.);
#746=EDGE_CURVE('',#592,#591,#47,.T.);
#747=EDGE_CURVE('',#592,#534,#299,.T.);
#748=EDGE_CURVE('',#583,#584,#300,.T.);
#749=EDGE_CURVE('',#579,#540,#301,.T.);
#750=EDGE_CURVE('',#593,#594,#48,.T.);
#751=EDGE_CURVE('',#594,#595,#49,.T.);
#752=EDGE_CURVE('',#595,#596,#50,.T.);
#753=EDGE_CURVE('',#596,#593,#51,.T.);
#754=EDGE_CURVE('',#593,#597,#302,.T.);
#755=EDGE_CURVE('',#598,#597,#303,.T.);
#756=EDGE_CURVE('',#594,#598,#304,.T.);
#757=EDGE_CURVE('',#599,#596,#305,.T.);
#758=EDGE_CURVE('',#597,#599,#306,.T.);
#759=EDGE_CURVE('',#595,#600,#307,.T.);
#760=EDGE_CURVE('',#599,#600,#308,.T.);
#761=EDGE_CURVE('',#594,#601,#309,.T.);
#762=EDGE_CURVE('',#601,#602,#310,.T.);
#763=EDGE_CURVE('',#602,#603,#311,.T.);
#764=EDGE_CURVE('',#604,#603,#52,.T.);
#765=EDGE_CURVE('',#605,#604,#312,.T.);
#766=EDGE_CURVE('',#606,#605,#53,.T.);
#767=EDGE_CURVE('',#607,#606,#54,.T.);
#768=EDGE_CURVE('',#608,#607,#55,.T.);
#769=EDGE_CURVE('',#609,#608,#313,.T.);
#770=EDGE_CURVE('',#610,#609,#56,.T.);
#771=EDGE_CURVE('',#610,#611,#314,.T.);
#772=EDGE_CURVE('',#611,#612,#315,.T.);
#773=EDGE_CURVE('',#612,#595,#316,.T.);
#774=EDGE_CURVE('',#613,#612,#317,.T.);
#775=EDGE_CURVE('',#600,#613,#318,.T.);
#776=EDGE_CURVE('',#614,#598,#319,.T.);
#777=EDGE_CURVE('',#601,#614,#320,.T.);
#778=EDGE_CURVE('',#615,#613,#321,.T.);
#779=EDGE_CURVE('',#616,#615,#322,.T.);
#780=EDGE_CURVE('',#617,#616,#323,.T.);
#781=EDGE_CURVE('',#618,#617,#324,.T.);
#782=EDGE_CURVE('',#619,#618,#325,.T.);
#783=EDGE_CURVE('',#620,#619,#326,.T.);
#784=EDGE_CURVE('',#614,#620,#327,.T.);
#785=EDGE_CURVE('',#621,#592,#57,.T.);
#786=EDGE_CURVE('',#622,#621,#58,.T.);
#787=EDGE_CURVE('',#623,#622,#328,.T.);
#788=EDGE_CURVE('',#624,#623,#329,.T.);
#789=EDGE_CURVE('',#624,#625,#330,.T.);
#790=EDGE_CURVE('',#574,#625,#59,.T.);
#791=EDGE_CURVE('',#626,#589,#60,.T.);
#792=EDGE_CURVE('',#627,#626,#61,.T.);
#793=EDGE_CURVE('',#628,#627,#331,.T.);
#794=EDGE_CURVE('',#628,#629,#332,.T.);
#795=EDGE_CURVE('',#629,#630,#333,.T.);
#796=EDGE_CURVE('',#580,#630,#62,.T.);
#797=EDGE_CURVE('',#631,#576,#63,.T.);
#798=EDGE_CURVE('',#586,#631,#64,.T.);
#799=EDGE_CURVE('',#581,#632,#65,.T.);
#800=EDGE_CURVE('',#632,#633,#334,.T.);
#801=EDGE_CURVE('',#633,#634,#66,.T.);
#802=EDGE_CURVE('',#634,#555,#67,.T.);
#803=EDGE_CURVE('',#635,#631,#68,.T.);
#804=EDGE_CURVE('',#635,#626,#69,.T.);
#805=EDGE_CURVE('',#634,#621,#70,.T.);
#806=EDGE_CURVE('',#575,#607,#71,.T.);
#807=EDGE_CURVE('',#606,#635,#72,.T.);
#808=EDGE_CURVE('',#630,#632,#73,.T.);
#809=EDGE_CURVE('',#633,#622,#74,.T.);
#810=EDGE_CURVE('',#625,#636,#75,.T.);
#811=EDGE_CURVE('',#636,#637,#76,.T.);
#812=EDGE_CURVE('',#637,#610,#77,.T.);
#813=EDGE_CURVE('',#638,#637,#335,.T.);
#814=EDGE_CURVE('',#639,#638,#336,.T.);
#815=EDGE_CURVE('',#611,#639,#337,.T.);
#816=EDGE_CURVE('',#640,#636,#338,.T.);
#817=EDGE_CURVE('',#640,#641,#339,.T.);
#818=EDGE_CURVE('',#641,#642,#340,.T.);
#819=EDGE_CURVE('',#638,#642,#341,.T.);
#820=EDGE_CURVE('',#640,#624,#342,.T.);
#821=EDGE_CURVE('',#603,#643,#78,.T.);
#822=EDGE_CURVE('',#643,#644,#79,.T.);
#823=EDGE_CURVE('',#644,#627,#80,.T.);
#824=EDGE_CURVE('',#645,#644,#343,.T.);
#825=EDGE_CURVE('',#645,#628,#344,.T.);
#826=EDGE_CURVE('',#643,#646,#345,.T.);
#827=EDGE_CURVE('',#647,#646,#346,.T.);
#828=EDGE_CURVE('',#648,#647,#347,.T.);
#829=EDGE_CURVE('',#648,#645,#348,.T.);
#830=EDGE_CURVE('',#649,#602,#349,.T.);
#831=EDGE_CURVE('',#646,#649,#350,.T.);
#832=EDGE_CURVE('',#650,#629,#351,.T.);
#833=EDGE_CURVE('',#650,#651,#352,.T.);
#834=EDGE_CURVE('',#652,#651,#353,.T.);
#835=EDGE_CURVE('',#653,#652,#354,.T.);
#836=EDGE_CURVE('',#654,#653,#355,.T.);
#837=EDGE_CURVE('',#654,#655,#356,.T.);
#838=EDGE_CURVE('',#656,#655,#357,.T.);
#839=EDGE_CURVE('',#657,#656,#358,.T.);
#840=EDGE_CURVE('',#623,#657,#359,.T.);
#841=EDGE_CURVE('',#654,#658,#360,.T.);
#842=EDGE_CURVE('',#659,#653,#361,.T.);
#843=EDGE_CURVE('',#658,#659,#362,.T.);
#844=EDGE_CURVE('',#660,#648,#363,.T.);
#845=EDGE_CURVE('',#661,#660,#364,.T.);
#846=EDGE_CURVE('',#650,#661,#365,.T.);
#847=EDGE_CURVE('',#662,#657,#366,.T.);
#848=EDGE_CURVE('',#662,#663,#367,.T.);
#849=EDGE_CURVE('',#641,#663,#368,.T.);
#850=EDGE_CURVE('',#663,#616,#369,.T.);
#851=EDGE_CURVE('',#662,#617,#370,.T.);
#852=EDGE_CURVE('',#661,#618,#371,.T.);
#853=EDGE_CURVE('',#660,#619,#372,.T.);
#854=EDGE_CURVE('',#664,#647,#373,.T.);
#855=EDGE_CURVE('',#620,#664,#374,.T.);
#856=EDGE_CURVE('',#649,#664,#375,.T.);
#857=EDGE_CURVE('',#665,#639,#376,.T.);
#858=EDGE_CURVE('',#615,#665,#377,.T.);
#859=EDGE_CURVE('',#642,#665,#378,.T.);
#860=EDGE_CURVE('',#662,#666,#379,.T.);
#861=EDGE_CURVE('',#667,#666,#380,.T.);
#862=EDGE_CURVE('',#658,#667,#381,.T.);
#863=EDGE_CURVE('',#659,#668,#382,.T.);
#864=EDGE_CURVE('',#669,#668,#383,.T.);
#865=EDGE_CURVE('',#661,#669,#384,.T.);
#866=EDGE_CURVE('',#655,#667,#385,.T.);
#867=EDGE_CURVE('',#666,#656,#386,.T.);
#868=EDGE_CURVE('',#651,#669,#387,.T.);
#869=EDGE_CURVE('',#668,#652,#388,.T.);
#870=ORIENTED_EDGE('',*,*,#670,.F.);
#871=ORIENTED_EDGE('',*,*,#671,.T.);
#872=ORIENTED_EDGE('',*,*,#672,.T.);
#873=ORIENTED_EDGE('',*,*,#673,.T.);
#874=ORIENTED_EDGE('',*,*,#674,.F.);
#875=ORIENTED_EDGE('',*,*,#675,.T.);
#876=ORIENTED_EDGE('',*,*,#676,.T.);
#877=ORIENTED_EDGE('',*,*,#677,.T.);
#878=ORIENTED_EDGE('',*,*,#678,.T.);
#879=ORIENTED_EDGE('',*,*,#679,.T.);
#880=ORIENTED_EDGE('',*,*,#680,.T.);
#881=ORIENTED_EDGE('',*,*,#681,.T.);
#882=ORIENTED_EDGE('',*,*,#679,.F.);
#883=ORIENTED_EDGE('',*,*,#682,.T.);
#884=ORIENTED_EDGE('',*,*,#683,.F.);
#885=ORIENTED_EDGE('',*,*,#684,.T.);
#886=ORIENTED_EDGE('',*,*,#678,.F.);
#887=ORIENTED_EDGE('',*,*,#685,.F.);
#888=ORIENTED_EDGE('',*,*,#686,.F.);
#889=ORIENTED_EDGE('',*,*,#687,.T.);
#890=ORIENTED_EDGE('',*,*,#688,.F.);
#891=ORIENTED_EDGE('',*,*,#682,.F.);
#892=ORIENTED_EDGE('',*,*,#689,.T.);
#893=ORIENTED_EDGE('',*,*,#683,.T.);
#894=ORIENTED_EDGE('',*,*,#688,.T.);
#895=ORIENTED_EDGE('',*,*,#690,.T.);
#896=ORIENTED_EDGE('',*,*,#680,.F.);
#897=ORIENTED_EDGE('',*,*,#684,.F.);
#898=ORIENTED_EDGE('',*,*,#689,.F.);
#899=ORIENTED_EDGE('',*,*,#691,.F.);
#900=ORIENTED_EDGE('',*,*,#692,.T.);
#901=ORIENTED_EDGE('',*,*,#693,.F.);
#902=ORIENTED_EDGE('',*,*,#694,.F.);
#903=ORIENTED_EDGE('',*,*,#695,.F.);
#904=ORIENTED_EDGE('',*,*,#696,.T.);
#905=ORIENTED_EDGE('',*,*,#697,.T.);
#906=ORIENTED_EDGE('',*,*,#690,.F.);
#907=ORIENTED_EDGE('',*,*,#687,.F.);
#908=ORIENTED_EDGE('',*,*,#698,.F.);
#909=ORIENTED_EDGE('',*,*,#691,.T.);
#910=ORIENTED_EDGE('',*,*,#699,.T.);
#911=ORIENTED_EDGE('',*,*,#700,.T.);
#912=ORIENTED_EDGE('',*,*,#701,.T.);
#913=ORIENTED_EDGE('',*,*,#702,.T.);
#914=ORIENTED_EDGE('',*,*,#701,.F.);
#915=ORIENTED_EDGE('',*,*,#703,.F.);
#916=ORIENTED_EDGE('',*,*,#704,.F.);
#917=ORIENTED_EDGE('',*,*,#705,.F.);
#918=ORIENTED_EDGE('',*,*,#706,.F.);
#919=ORIENTED_EDGE('',*,*,#707,.T.);
#920=ORIENTED_EDGE('',*,*,#700,.F.);
#921=ORIENTED_EDGE('',*,*,#708,.T.);
#922=ORIENTED_EDGE('',*,*,#709,.F.);
#923=ORIENTED_EDGE('',*,*,#703,.T.);
#924=ORIENTED_EDGE('',*,*,#704,.T.);
#925=ORIENTED_EDGE('',*,*,#709,.T.);
#926=ORIENTED_EDGE('',*,*,#710,.T.);
#927=ORIENTED_EDGE('',*,*,#711,.T.);
#928=ORIENTED_EDGE('',*,*,#681,.F.);
#929=ORIENTED_EDGE('',*,*,#697,.F.);
#930=ORIENTED_EDGE('',*,*,#712,.F.);
#931=ORIENTED_EDGE('',*,*,#685,.T.);
#932=ORIENTED_EDGE('',*,*,#702,.F.);
#933=ORIENTED_EDGE('',*,*,#707,.F.);
#934=ORIENTED_EDGE('',*,*,#713,.F.);
#935=ORIENTED_EDGE('',*,*,#714,.T.);
#936=ORIENTED_EDGE('',*,*,#711,.F.);
#937=ORIENTED_EDGE('',*,*,#715,.F.);
#938=ORIENTED_EDGE('',*,*,#716,.F.);
#939=ORIENTED_EDGE('',*,*,#705,.T.);
#940=ORIENTED_EDGE('',*,*,#717,.T.);
#941=ORIENTED_EDGE('',*,*,#718,.T.);
#942=ORIENTED_EDGE('',*,*,#719,.T.);
#943=ORIENTED_EDGE('',*,*,#720,.T.);
#944=ORIENTED_EDGE('',*,*,#721,.T.);
#945=ORIENTED_EDGE('',*,*,#722,.F.);
#946=ORIENTED_EDGE('',*,*,#723,.T.);
#947=ORIENTED_EDGE('',*,*,#724,.T.);
#948=ORIENTED_EDGE('',*,*,#725,.T.);
#949=ORIENTED_EDGE('',*,*,#726,.T.);
#950=ORIENTED_EDGE('',*,*,#727,.T.);
#951=ORIENTED_EDGE('',*,*,#728,.T.);
#952=ORIENTED_EDGE('',*,*,#729,.F.);
#953=ORIENTED_EDGE('',*,*,#693,.T.);
#954=ORIENTED_EDGE('',*,*,#730,.F.);
#955=ORIENTED_EDGE('',*,*,#731,.T.);
#956=ORIENTED_EDGE('',*,*,#732,.T.);
#957=ORIENTED_EDGE('',*,*,#673,.F.);
#958=ORIENTED_EDGE('',*,*,#733,.F.);
#959=ORIENTED_EDGE('',*,*,#734,.T.);
#960=ORIENTED_EDGE('',*,*,#735,.T.);
#961=ORIENTED_EDGE('',*,*,#677,.F.);
#962=ORIENTED_EDGE('',*,*,#716,.T.);
#963=ORIENTED_EDGE('',*,*,#736,.F.);
#964=ORIENTED_EDGE('',*,*,#737,.F.);
#965=ORIENTED_EDGE('',*,*,#738,.F.);
#966=ORIENTED_EDGE('',*,*,#739,.F.);
#967=ORIENTED_EDGE('',*,*,#740,.T.);
#968=ORIENTED_EDGE('',*,*,#674,.T.);
#969=ORIENTED_EDGE('',*,*,#735,.F.);
#970=ORIENTED_EDGE('',*,*,#741,.T.);
#971=ORIENTED_EDGE('',*,*,#730,.T.);
#972=ORIENTED_EDGE('',*,*,#672,.F.);
#973=ORIENTED_EDGE('',*,*,#742,.F.);
#974=ORIENTED_EDGE('',*,*,#719,.F.);
#975=ORIENTED_EDGE('',*,*,#718,.F.);
#976=ORIENTED_EDGE('',*,*,#717,.F.);
#977=ORIENTED_EDGE('',*,*,#743,.F.);
#978=ORIENTED_EDGE('',*,*,#713,.T.);
#979=ORIENTED_EDGE('',*,*,#706,.T.);
#980=ORIENTED_EDGE('',*,*,#712,.T.);
#981=ORIENTED_EDGE('',*,*,#696,.F.);
#982=ORIENTED_EDGE('',*,*,#744,.F.);
#983=ORIENTED_EDGE('',*,*,#745,.F.);
#984=ORIENTED_EDGE('',*,*,#746,.F.);
#985=ORIENTED_EDGE('',*,*,#747,.T.);
#986=ORIENTED_EDGE('',*,*,#670,.T.);
#987=ORIENTED_EDGE('',*,*,#732,.F.);
#988=ORIENTED_EDGE('',*,*,#748,.T.);
#989=ORIENTED_EDGE('',*,*,#733,.T.);
#990=ORIENTED_EDGE('',*,*,#676,.F.);
#991=ORIENTED_EDGE('',*,*,#749,.F.);
#992=ORIENTED_EDGE('',*,*,#726,.F.);
#993=ORIENTED_EDGE('',*,*,#725,.F.);
#994=ORIENTED_EDGE('',*,*,#724,.F.);
#995=ORIENTED_EDGE('',*,*,#692,.F.);
#996=ORIENTED_EDGE('',*,*,#698,.T.);
#997=ORIENTED_EDGE('',*,*,#686,.T.);
#998=ORIENTED_EDGE('',*,*,#731,.F.);
#999=ORIENTED_EDGE('',*,*,#741,.F.);
#1000=ORIENTED_EDGE('',*,*,#734,.F.);
#1001=ORIENTED_EDGE('',*,*,#748,.F.);
#1002=ORIENTED_EDGE('',*,*,#750,.T.);
#1003=ORIENTED_EDGE('',*,*,#751,.T.);
#1004=ORIENTED_EDGE('',*,*,#752,.T.);
#1005=ORIENTED_EDGE('',*,*,#753,.T.);
#1006=ORIENTED_EDGE('',*,*,#750,.F.);
#1007=ORIENTED_EDGE('',*,*,#754,.T.);
#1008=ORIENTED_EDGE('',*,*,#755,.F.);
#1009=ORIENTED_EDGE('',*,*,#756,.F.);
#1010=ORIENTED_EDGE('',*,*,#753,.F.);
#1011=ORIENTED_EDGE('',*,*,#757,.F.);
#1012=ORIENTED_EDGE('',*,*,#758,.F.);
#1013=ORIENTED_EDGE('',*,*,#754,.F.);
#1014=ORIENTED_EDGE('',*,*,#752,.F.);
#1015=ORIENTED_EDGE('',*,*,#759,.T.);
#1016=ORIENTED_EDGE('',*,*,#760,.F.);
#1017=ORIENTED_EDGE('',*,*,#757,.T.);
#1018=ORIENTED_EDGE('',*,*,#751,.F.);
#1019=ORIENTED_EDGE('',*,*,#761,.T.);
#1020=ORIENTED_EDGE('',*,*,#762,.T.);
#1021=ORIENTED_EDGE('',*,*,#763,.T.);
#1022=ORIENTED_EDGE('',*,*,#764,.F.);
#1023=ORIENTED_EDGE('',*,*,#765,.F.);
#1024=ORIENTED_EDGE('',*,*,#766,.F.);
#1025=ORIENTED_EDGE('',*,*,#767,.F.);
#1026=ORIENTED_EDGE('',*,*,#768,.F.);
#1027=ORIENTED_EDGE('',*,*,#769,.F.);
#1028=ORIENTED_EDGE('',*,*,#770,.F.);
#1029=ORIENTED_EDGE('',*,*,#771,.T.);
#1030=ORIENTED_EDGE('',*,*,#772,.T.);
#1031=ORIENTED_EDGE('',*,*,#773,.T.);
#1032=ORIENTED_EDGE('',*,*,#773,.F.);
#1033=ORIENTED_EDGE('',*,*,#774,.F.);
#1034=ORIENTED_EDGE('',*,*,#775,.F.);
#1035=ORIENTED_EDGE('',*,*,#759,.F.);
#1036=ORIENTED_EDGE('',*,*,#761,.F.);
#1037=ORIENTED_EDGE('',*,*,#756,.T.);
#1038=ORIENTED_EDGE('',*,*,#776,.F.);
#1039=ORIENTED_EDGE('',*,*,#777,.F.);
#1040=ORIENTED_EDGE('',*,*,#758,.T.);
#1041=ORIENTED_EDGE('',*,*,#760,.T.);
#1042=ORIENTED_EDGE('',*,*,#775,.T.);
#1043=ORIENTED_EDGE('',*,*,#778,.F.);
#1044=ORIENTED_EDGE('',*,*,#779,.F.);
#1045=ORIENTED_EDGE('',*,*,#780,.F.);
#1046=ORIENTED_EDGE('',*,*,#781,.F.);
#1047=ORIENTED_EDGE('',*,*,#782,.F.);
#1048=ORIENTED_EDGE('',*,*,#783,.F.);
#1049=ORIENTED_EDGE('',*,*,#784,.F.);
#1050=ORIENTED_EDGE('',*,*,#776,.T.);
#1051=ORIENTED_EDGE('',*,*,#755,.T.);
#1052=ORIENTED_EDGE('',*,*,#747,.F.);
#1053=ORIENTED_EDGE('',*,*,#785,.F.);
#1054=ORIENTED_EDGE('',*,*,#786,.F.);
#1055=ORIENTED_EDGE('',*,*,#787,.F.);
#1056=ORIENTED_EDGE('',*,*,#788,.F.);
#1057=ORIENTED_EDGE('',*,*,#789,.T.);
#1058=ORIENTED_EDGE('',*,*,#790,.F.);
#1059=ORIENTED_EDGE('',*,*,#720,.F.);
#1060=ORIENTED_EDGE('',*,*,#742,.T.);
#1061=ORIENTED_EDGE('',*,*,#671,.F.);
#1062=ORIENTED_EDGE('',*,*,#740,.F.);
#1063=ORIENTED_EDGE('',*,*,#791,.F.);
#1064=ORIENTED_EDGE('',*,*,#792,.F.);
#1065=ORIENTED_EDGE('',*,*,#793,.F.);
#1066=ORIENTED_EDGE('',*,*,#794,.T.);
#1067=ORIENTED_EDGE('',*,*,#795,.T.);
#1068=ORIENTED_EDGE('',*,*,#796,.F.);
#1069=ORIENTED_EDGE('',*,*,#727,.F.);
#1070=ORIENTED_EDGE('',*,*,#749,.T.);
#1071=ORIENTED_EDGE('',*,*,#675,.F.);
#1072=ORIENTED_EDGE('',*,*,#699,.F.);
#1073=ORIENTED_EDGE('',*,*,#714,.F.);
#1074=ORIENTED_EDGE('',*,*,#743,.T.);
#1075=ORIENTED_EDGE('',*,*,#723,.F.);
#1076=ORIENTED_EDGE('',*,*,#797,.F.);
#1077=ORIENTED_EDGE('',*,*,#798,.F.);
#1078=ORIENTED_EDGE('',*,*,#736,.T.);
#1079=ORIENTED_EDGE('',*,*,#715,.T.);
#1080=ORIENTED_EDGE('',*,*,#710,.F.);
#1081=ORIENTED_EDGE('',*,*,#708,.F.);
#1082=ORIENTED_EDGE('',*,*,#799,.T.);
#1083=ORIENTED_EDGE('',*,*,#800,.T.);
#1084=ORIENTED_EDGE('',*,*,#801,.T.);
#1085=ORIENTED_EDGE('',*,*,#802,.T.);
#1086=ORIENTED_EDGE('',*,*,#694,.T.);
#1087=ORIENTED_EDGE('',*,*,#729,.T.);
#1088=ORIENTED_EDGE('',*,*,#737,.T.);
#1089=ORIENTED_EDGE('',*,*,#798,.T.);
#1090=ORIENTED_EDGE('',*,*,#803,.F.);
#1091=ORIENTED_EDGE('',*,*,#804,.T.);
#1092=ORIENTED_EDGE('',*,*,#791,.T.);
#1093=ORIENTED_EDGE('',*,*,#739,.T.);
#1094=ORIENTED_EDGE('',*,*,#738,.T.);
#1095=ORIENTED_EDGE('',*,*,#744,.T.);
#1096=ORIENTED_EDGE('',*,*,#695,.T.);
#1097=ORIENTED_EDGE('',*,*,#802,.F.);
#1098=ORIENTED_EDGE('',*,*,#805,.T.);
#1099=ORIENTED_EDGE('',*,*,#785,.T.);
#1100=ORIENTED_EDGE('',*,*,#746,.T.);
#1101=ORIENTED_EDGE('',*,*,#745,.T.);
#1102=ORIENTED_EDGE('',*,*,#806,.T.);
#1103=ORIENTED_EDGE('',*,*,#767,.T.);
#1104=ORIENTED_EDGE('',*,*,#807,.T.);
#1105=ORIENTED_EDGE('',*,*,#803,.T.);
#1106=ORIENTED_EDGE('',*,*,#797,.T.);
#1107=ORIENTED_EDGE('',*,*,#722,.T.);
#1108=ORIENTED_EDGE('',*,*,#799,.F.);
#1109=ORIENTED_EDGE('',*,*,#728,.F.);
#1110=ORIENTED_EDGE('',*,*,#796,.T.);
#1111=ORIENTED_EDGE('',*,*,#808,.T.);
#1112=ORIENTED_EDGE('',*,*,#801,.F.);
#1113=ORIENTED_EDGE('',*,*,#809,.T.);
#1114=ORIENTED_EDGE('',*,*,#786,.T.);
#1115=ORIENTED_EDGE('',*,*,#805,.F.);
#1116=ORIENTED_EDGE('',*,*,#806,.F.);
#1117=ORIENTED_EDGE('',*,*,#721,.F.);
#1118=ORIENTED_EDGE('',*,*,#790,.T.);
#1119=ORIENTED_EDGE('',*,*,#810,.T.);
#1120=ORIENTED_EDGE('',*,*,#811,.T.);
#1121=ORIENTED_EDGE('',*,*,#812,.T.);
#1122=ORIENTED_EDGE('',*,*,#770,.T.);
#1123=ORIENTED_EDGE('',*,*,#769,.T.);
#1124=ORIENTED_EDGE('',*,*,#768,.T.);
#1125=ORIENTED_EDGE('',*,*,#812,.F.);
#1126=ORIENTED_EDGE('',*,*,#813,.F.);
#1127=ORIENTED_EDGE('',*,*,#814,.F.);
#1128=ORIENTED_EDGE('',*,*,#815,.F.);
#1129=ORIENTED_EDGE('',*,*,#771,.F.);
#1130=ORIENTED_EDGE('',*,*,#811,.F.);
#1131=ORIENTED_EDGE('',*,*,#816,.F.);
#1132=ORIENTED_EDGE('',*,*,#817,.T.);
#1133=ORIENTED_EDGE('',*,*,#818,.T.);
#1134=ORIENTED_EDGE('',*,*,#819,.F.);
#1135=ORIENTED_EDGE('',*,*,#813,.T.);
#1136=ORIENTED_EDGE('',*,*,#810,.F.);
#1137=ORIENTED_EDGE('',*,*,#789,.F.);
#1138=ORIENTED_EDGE('',*,*,#820,.F.);
#1139=ORIENTED_EDGE('',*,*,#816,.T.);
#1140=ORIENTED_EDGE('',*,*,#807,.F.);
#1141=ORIENTED_EDGE('',*,*,#766,.T.);
#1142=ORIENTED_EDGE('',*,*,#765,.T.);
#1143=ORIENTED_EDGE('',*,*,#764,.T.);
#1144=ORIENTED_EDGE('',*,*,#821,.T.);
#1145=ORIENTED_EDGE('',*,*,#822,.T.);
#1146=ORIENTED_EDGE('',*,*,#823,.T.);
#1147=ORIENTED_EDGE('',*,*,#792,.T.);
#1148=ORIENTED_EDGE('',*,*,#804,.F.);
#1149=ORIENTED_EDGE('',*,*,#823,.F.);
#1150=ORIENTED_EDGE('',*,*,#824,.F.);
#1151=ORIENTED_EDGE('',*,*,#825,.T.);
#1152=ORIENTED_EDGE('',*,*,#793,.T.);
#1153=ORIENTED_EDGE('',*,*,#822,.F.);
#1154=ORIENTED_EDGE('',*,*,#826,.T.);
#1155=ORIENTED_EDGE('',*,*,#827,.F.);
#1156=ORIENTED_EDGE('',*,*,#828,.F.);
#1157=ORIENTED_EDGE('',*,*,#829,.T.);
#1158=ORIENTED_EDGE('',*,*,#824,.T.);
#1159=ORIENTED_EDGE('',*,*,#821,.F.);
#1160=ORIENTED_EDGE('',*,*,#763,.F.);
#1161=ORIENTED_EDGE('',*,*,#830,.F.);
#1162=ORIENTED_EDGE('',*,*,#831,.F.);
#1163=ORIENTED_EDGE('',*,*,#826,.F.);
#1164=ORIENTED_EDGE('',*,*,#809,.F.);
#1165=ORIENTED_EDGE('',*,*,#800,.F.);
#1166=ORIENTED_EDGE('',*,*,#808,.F.);
#1167=ORIENTED_EDGE('',*,*,#795,.F.);
#1168=ORIENTED_EDGE('',*,*,#832,.F.);
#1169=ORIENTED_EDGE('',*,*,#833,.T.);
#1170=ORIENTED_EDGE('',*,*,#834,.F.);
#1171=ORIENTED_EDGE('',*,*,#835,.F.);
#1172=ORIENTED_EDGE('',*,*,#836,.F.);
#1173=ORIENTED_EDGE('',*,*,#837,.T.);
#1174=ORIENTED_EDGE('',*,*,#838,.F.);
#1175=ORIENTED_EDGE('',*,*,#839,.F.);
#1176=ORIENTED_EDGE('',*,*,#840,.F.);
#1177=ORIENTED_EDGE('',*,*,#787,.T.);
#1178=ORIENTED_EDGE('',*,*,#841,.F.);
#1179=ORIENTED_EDGE('',*,*,#836,.T.);
#1180=ORIENTED_EDGE('',*,*,#842,.F.);
#1181=ORIENTED_EDGE('',*,*,#843,.F.);
#1182=ORIENTED_EDGE('',*,*,#832,.T.);
#1183=ORIENTED_EDGE('',*,*,#794,.F.);
#1184=ORIENTED_EDGE('',*,*,#825,.F.);
#1185=ORIENTED_EDGE('',*,*,#829,.F.);
#1186=ORIENTED_EDGE('',*,*,#844,.F.);
#1187=ORIENTED_EDGE('',*,*,#845,.F.);
#1188=ORIENTED_EDGE('',*,*,#846,.F.);
#1189=ORIENTED_EDGE('',*,*,#840,.T.);
#1190=ORIENTED_EDGE('',*,*,#847,.F.);
#1191=ORIENTED_EDGE('',*,*,#848,.T.);
#1192=ORIENTED_EDGE('',*,*,#849,.F.);
#1193=ORIENTED_EDGE('',*,*,#817,.F.);
#1194=ORIENTED_EDGE('',*,*,#820,.T.);
#1195=ORIENTED_EDGE('',*,*,#788,.T.);
#1196=ORIENTED_EDGE('',*,*,#780,.T.);
#1197=ORIENTED_EDGE('',*,*,#850,.F.);
#1198=ORIENTED_EDGE('',*,*,#848,.F.);
#1199=ORIENTED_EDGE('',*,*,#851,.T.);
#1200=ORIENTED_EDGE('',*,*,#782,.T.);
#1201=ORIENTED_EDGE('',*,*,#852,.F.);
#1202=ORIENTED_EDGE('',*,*,#845,.T.);
#1203=ORIENTED_EDGE('',*,*,#853,.T.);
#1204=ORIENTED_EDGE('',*,*,#783,.T.);
#1205=ORIENTED_EDGE('',*,*,#853,.F.);
#1206=ORIENTED_EDGE('',*,*,#844,.T.);
#1207=ORIENTED_EDGE('',*,*,#828,.T.);
#1208=ORIENTED_EDGE('',*,*,#854,.F.);
#1209=ORIENTED_EDGE('',*,*,#855,.F.);
#1210=ORIENTED_EDGE('',*,*,#784,.T.);
#1211=ORIENTED_EDGE('',*,*,#855,.T.);
#1212=ORIENTED_EDGE('',*,*,#856,.F.);
#1213=ORIENTED_EDGE('',*,*,#830,.T.);
#1214=ORIENTED_EDGE('',*,*,#762,.F.);
#1215=ORIENTED_EDGE('',*,*,#777,.T.);
#1216=ORIENTED_EDGE('',*,*,#856,.T.);
#1217=ORIENTED_EDGE('',*,*,#854,.T.);
#1218=ORIENTED_EDGE('',*,*,#827,.T.);
#1219=ORIENTED_EDGE('',*,*,#831,.T.);
#1220=ORIENTED_EDGE('',*,*,#774,.T.);
#1221=ORIENTED_EDGE('',*,*,#772,.F.);
#1222=ORIENTED_EDGE('',*,*,#815,.T.);
#1223=ORIENTED_EDGE('',*,*,#857,.F.);
#1224=ORIENTED_EDGE('',*,*,#858,.F.);
#1225=ORIENTED_EDGE('',*,*,#778,.T.);
#1226=ORIENTED_EDGE('',*,*,#779,.T.);
#1227=ORIENTED_EDGE('',*,*,#858,.T.);
#1228=ORIENTED_EDGE('',*,*,#859,.F.);
#1229=ORIENTED_EDGE('',*,*,#818,.F.);
#1230=ORIENTED_EDGE('',*,*,#849,.T.);
#1231=ORIENTED_EDGE('',*,*,#850,.T.);
#1232=ORIENTED_EDGE('',*,*,#819,.T.);
#1233=ORIENTED_EDGE('',*,*,#859,.T.);
#1234=ORIENTED_EDGE('',*,*,#857,.T.);
#1235=ORIENTED_EDGE('',*,*,#814,.T.);
#1236=ORIENTED_EDGE('',*,*,#781,.T.);
#1237=ORIENTED_EDGE('',*,*,#851,.F.);
#1238=ORIENTED_EDGE('',*,*,#860,.T.);
#1239=ORIENTED_EDGE('',*,*,#861,.F.);
#1240=ORIENTED_EDGE('',*,*,#862,.F.);
#1241=ORIENTED_EDGE('',*,*,#843,.T.);
#1242=ORIENTED_EDGE('',*,*,#863,.T.);
#1243=ORIENTED_EDGE('',*,*,#864,.F.);
#1244=ORIENTED_EDGE('',*,*,#865,.F.);
#1245=ORIENTED_EDGE('',*,*,#852,.T.);
#1246=ORIENTED_EDGE('',*,*,#841,.T.);
#1247=ORIENTED_EDGE('',*,*,#862,.T.);
#1248=ORIENTED_EDGE('',*,*,#866,.F.);
#1249=ORIENTED_EDGE('',*,*,#837,.F.);
#1250=ORIENTED_EDGE('',*,*,#847,.T.);
#1251=ORIENTED_EDGE('',*,*,#839,.T.);
#1252=ORIENTED_EDGE('',*,*,#867,.F.);
#1253=ORIENTED_EDGE('',*,*,#860,.F.);
#1254=ORIENTED_EDGE('',*,*,#867,.T.);
#1255=ORIENTED_EDGE('',*,*,#838,.T.);
#1256=ORIENTED_EDGE('',*,*,#866,.T.);
#1257=ORIENTED_EDGE('',*,*,#861,.T.);
#1258=ORIENTED_EDGE('',*,*,#846,.T.);
#1259=ORIENTED_EDGE('',*,*,#865,.T.);
#1260=ORIENTED_EDGE('',*,*,#868,.F.);
#1261=ORIENTED_EDGE('',*,*,#833,.F.);
#1262=ORIENTED_EDGE('',*,*,#842,.T.);
#1263=ORIENTED_EDGE('',*,*,#835,.T.);
#1264=ORIENTED_EDGE('',*,*,#869,.F.);
#1265=ORIENTED_EDGE('',*,*,#863,.F.);
#1266=ORIENTED_EDGE('',*,*,#869,.T.);
#1267=ORIENTED_EDGE('',*,*,#834,.T.);
#1268=ORIENTED_EDGE('',*,*,#868,.T.);
#1269=ORIENTED_EDGE('',*,*,#864,.T.);
#1270=CYLINDRICAL_SURFACE('',#1358,2.);
#1271=CYLINDRICAL_SURFACE('',#1361,2.);
#1272=CYLINDRICAL_SURFACE('',#1364,3.);
#1273=CYLINDRICAL_SURFACE('',#1370,3.);
#1274=CYLINDRICAL_SURFACE('',#1374,3.);
#1275=CYLINDRICAL_SURFACE('',#1380,3.);
#1276=CYLINDRICAL_SURFACE('',#1385,34.);
#1277=CYLINDRICAL_SURFACE('',#1388,34.);
#1278=ADVANCED_FACE('',(#128),#1270,.T.);
#1279=ADVANCED_FACE('',(#129),#1271,.T.);
#1280=ADVANCED_FACE('',(#130),#1272,.T.);
#1281=ADVANCED_FACE('',(#131),#81,.T.);
#1282=ADVANCED_FACE('',(#132),#82,.T.);
#1283=ADVANCED_FACE('',(#133),#1273,.T.);
#1284=ADVANCED_FACE('',(#134),#83,.T.);
#1285=ADVANCED_FACE('',(#135),#84,.T.);
#1286=ADVANCED_FACE('',(#136),#1274,.T.);
#1287=ADVANCED_FACE('',(#137),#85,.T.);
#1288=ADVANCED_FACE('',(#138),#86,.T.);
#1289=ADVANCED_FACE('',(#139),#1275,.T.);
#1290=ADVANCED_FACE('',(#140),#87,.T.);
#1291=ADVANCED_FACE('',(#141),#88,.T.);
#1292=ADVANCED_FACE('',(#142),#89,.T.);
#1293=ADVANCED_FACE('',(#143),#15,.T.);
#1294=ADVANCED_FACE('',(#144),#16,.T.);
#1295=ADVANCED_FACE('',(#145),#1276,.T.);
#1296=ADVANCED_FACE('',(#146),#1277,.T.);
#1297=ADVANCED_FACE('',(#147),#90,.F.);
#1298=ADVANCED_FACE('',(#148),#91,.F.);
#1299=ADVANCED_FACE('',(#149),#92,.F.);
#1300=ADVANCED_FACE('',(#150),#17,.T.);
#1301=ADVANCED_FACE('',(#151),#93,.T.);
#1302=ADVANCED_FACE('',(#152),#94,.F.);
#1303=ADVANCED_FACE('',(#153),#95,.T.);
#1304=ADVANCED_FACE('',(#154),#96,.T.);
#1305=ADVANCED_FACE('',(#155),#97,.T.);
#1306=ADVANCED_FACE('',(#156),#98,.T.);
#1307=ADVANCED_FACE('',(#157),#99,.T.);
#1308=ADVANCED_FACE('',(#158),#100,.T.);
#1309=ADVANCED_FACE('',(#159),#101,.T.);
#1310=ADVANCED_FACE('',(#160),#102,.T.);
#1311=ADVANCED_FACE('',(#161),#18,.T.);
#1312=ADVANCED_FACE('',(#162),#19,.T.);
#1313=ADVANCED_FACE('',(#163),#20,.T.);
#1314=ADVANCED_FACE('',(#164),#21,.T.);
#1315=ADVANCED_FACE('',(#165),#22,.T.);
#1316=ADVANCED_FACE('',(#166),#23,.T.);
#1317=ADVANCED_FACE('',(#167),#24,.T.);
#1318=ADVANCED_FACE('',(#168),#103,.T.);
#1319=ADVANCED_FACE('',(#169),#104,.T.);
#1320=ADVANCED_FACE('',(#170),#105,.T.);
#1321=ADVANCED_FACE('',(#171),#25,.T.);
#1322=ADVANCED_FACE('',(#172),#106,.T.);
#1323=ADVANCED_FACE('',(#173),#107,.T.);
#1324=ADVANCED_FACE('',(#174),#108,.T.);
#1325=ADVANCED_FACE('',(#175),#109,.T.);
#1326=ADVANCED_FACE('',(#176),#110,.F.);
#1327=ADVANCED_FACE('',(#177),#111,.F.);
#1328=ADVANCED_FACE('',(#178),#112,.F.);
#1329=ADVANCED_FACE('',(#179),#113,.T.);
#1330=ADVANCED_FACE('',(#180),#114,.T.);
#1331=ADVANCED_FACE('',(#181),#115,.T.);
#1332=ADVANCED_FACE('',(#182),#116,.T.);
#1333=ADVANCED_FACE('',(#183),#117,.T.);
#1334=ADVANCED_FACE('',(#184),#118,.T.);
#1335=ADVANCED_FACE('',(#185),#119,.T.);
#1336=ADVANCED_FACE('',(#186),#120,.T.);
#1337=ADVANCED_FACE('',(#187),#121,.T.);
#1338=ADVANCED_FACE('',(#188),#122,.T.);
#1339=ADVANCED_FACE('',(#189),#123,.T.);
#1340=ADVANCED_FACE('',(#190),#124,.T.);
#1341=ADVANCED_FACE('',(#191),#125,.T.);
#1342=ADVANCED_FACE('',(#192),#126,.T.);
#1343=ADVANCED_FACE('',(#193),#127,.T.);
#1344=CLOSED_SHELL('',(#1278,#1279,#1280,#1281,#1282,#1283,#1284,#1285,
#1286,#1287,#1288,#1289,#1290,#1291,#1292,#1293,#1294,#1295,#1296,#1297,
#1298,#1299,#1300,#1301,#1302,#1303,#1304,#1305,#1306,#1307,#1308,#1309,
#1310,#1311,#1312,#1313,#1314,#1315,#1316,#1317,#1318,#1319,#1320,#1321,
#1322,#1323,#1324,#1325,#1326,#1327,#1328,#1329,#1330,#1331,#1332,#1333,
#1334,#1335,#1336,#1337,#1338,#1339,#1340,#1341,#1342,#1343));
#1345=DERIVED_UNIT_ELEMENT(#1347,1.);
#1346=DERIVED_UNIT_ELEMENT(#2979,-3.);
#1347=(
MASS_UNIT()
NAMED_UNIT(*)
SI_UNIT(.KILO.,.GRAM.)
);
#1348=DERIVED_UNIT((#1345,#1346));
#1349=MEASURE_REPRESENTATION_ITEM('density measure',
POSITIVE_RATIO_MEASURE(7850.),#1348);
#1350=PROPERTY_DEFINITION_REPRESENTATION(#1355,#1352);
#1351=PROPERTY_DEFINITION_REPRESENTATION(#1356,#1353);
#1352=REPRESENTATION('material name',(#1354),#2976);
#1353=REPRESENTATION('density',(#1349),#2976);
#1354=DESCRIPTIVE_REPRESENTATION_ITEM('Acier','Acier');
#1355=PROPERTY_DEFINITION('material property','material name',#2986);
#1356=PROPERTY_DEFINITION('material property','density of part',#2986);
#1357=AXIS2_PLACEMENT_3D('',#1702,#1429,#1430);
#1358=AXIS2_PLACEMENT_3D('',#1703,#1431,#1432);
#1359=AXIS2_PLACEMENT_3D('',#1706,#1433,#1434);
#1360=AXIS2_PLACEMENT_3D('',#1710,#1436,#1437);
#1361=AXIS2_PLACEMENT_3D('',#1712,#1439,#1440);
#1362=AXIS2_PLACEMENT_3D('',#1715,#1441,#1442);
#1363=AXIS2_PLACEMENT_3D('',#1719,#1444,#1445);
#1364=AXIS2_PLACEMENT_3D('',#1721,#1447,#1448);
#1365=AXIS2_PLACEMENT_3D('',#1724,#1449,#1450);
#1366=AXIS2_PLACEMENT_3D('',#1728,#1452,#1453);
#1367=AXIS2_PLACEMENT_3D('',#1730,#1455,#1456);
#1368=AXIS2_PLACEMENT_3D('',#1736,#1460,#1461);
#1369=AXIS2_PLACEMENT_3D('',#1743,#1465,#1466);
#1370=AXIS2_PLACEMENT_3D('',#1744,#1467,#1468);
#1371=AXIS2_PLACEMENT_3D('',#1746,#1469,#1470);
#1372=AXIS2_PLACEMENT_3D('',#1748,#1472,#1473);
#1373=AXIS2_PLACEMENT_3D('',#1771,#1478,#1479);
#1374=AXIS2_PLACEMENT_3D('',#1773,#1481,#1482);
#1375=AXIS2_PLACEMENT_3D('',#1776,#1483,#1484);
#1376=AXIS2_PLACEMENT_3D('',#1780,#1486,#1487);
#1377=AXIS2_PLACEMENT_3D('',#1782,#1489,#1490);
#1378=AXIS2_PLACEMENT_3D('',#1786,#1492,#1493);
#1379=AXIS2_PLACEMENT_3D('',#1792,#1497,#1498);
#1380=AXIS2_PLACEMENT_3D('',#1796,#1501,#1502);
#1381=AXIS2_PLACEMENT_3D('',#1798,#1503,#1504);
#1382=AXIS2_PLACEMENT_3D('',#1800,#1506,#1507);
#1383=AXIS2_PLACEMENT_3D('',#1802,#1509,#1510);
#1384=AXIS2_PLACEMENT_3D('',#1806,#1513,#1514);
#1385=AXIS2_PLACEMENT_3D('',#2016,#1517,#1518);
#1386=AXIS2_PLACEMENT_3D('',#2018,#1519,#1520);
#1387=AXIS2_PLACEMENT_3D('',#2021,#1522,#1523);
#1388=AXIS2_PLACEMENT_3D('',#2022,#1524,#1525);
#1389=AXIS2_PLACEMENT_3D('',#2024,#1526,#1527);
#1390=AXIS2_PLACEMENT_3D('',#2027,#1529,#1530);
#1391=AXIS2_PLACEMENT_3D('',#2028,#1531,#1532);
#1392=AXIS2_PLACEMENT_3D('',#2068,#1538,#1539);
#1393=AXIS2_PLACEMENT_3D('',#2105,#1543,#1544);
#1394=AXIS2_PLACEMENT_3D('',#2212,#1545,#1546);
#1395=AXIS2_PLACEMENT_3D('',#2218,#1550,#1551);
#1396=AXIS2_PLACEMENT_3D('',#2222,#1554,#1555);
#1397=AXIS2_PLACEMENT_3D('',#2226,#1558,#1559);
#1398=AXIS2_PLACEMENT_3D('',#2267,#1568,#1569);
#1399=AXIS2_PLACEMENT_3D('',#2271,#1572,#1573);
#1400=AXIS2_PLACEMENT_3D('',#2275,#1576,#1577);
#1401=AXIS2_PLACEMENT_3D('',#2289,#1585,#1586);
#1402=AXIS2_PLACEMENT_3D('',#2310,#1590,#1591);
#1403=AXIS2_PLACEMENT_3D('',#2331,#1595,#1596);
#1404=AXIS2_PLACEMENT_3D('',#2793,#1598,#1599);
#1405=AXIS2_PLACEMENT_3D('',#2799,#1603,#1604);
#1406=AXIS2_PLACEMENT_3D('',#2807,#1609,#1610);
#1407=AXIS2_PLACEMENT_3D('',#2881,#1612,#1613);
#1408=AXIS2_PLACEMENT_3D('',#2885,#1616,#1617);
#1409=AXIS2_PLACEMENT_3D('',#2893,#1622,#1623);
#1410=AXIS2_PLACEMENT_3D('',#2897,#1626,#1627);
#1411=AXIS2_PLACEMENT_3D('',#2915,#1637,#1638);
#1412=AXIS2_PLACEMENT_3D('',#2921,#1642,#1643);
#1413=AXIS2_PLACEMENT_3D('',#2927,#1647,#1648);
#1414=AXIS2_PLACEMENT_3D('',#2933,#1652,#1653);
#1415=AXIS2_PLACEMENT_3D('',#2936,#1656,#1657);
#1416=AXIS2_PLACEMENT_3D('',#2939,#1660,#1661);
#1417=AXIS2_PLACEMENT_3D('',#2943,#1664,#1665);
#1418=AXIS2_PLACEMENT_3D('',#2945,#1667,#1668);
#1419=AXIS2_PLACEMENT_3D('',#2946,#1669,#1670);
#1420=AXIS2_PLACEMENT_3D('',#2950,#1673,#1674);
#1421=AXIS2_PLACEMENT_3D('',#2952,#1676,#1677);
#1422=AXIS2_PLACEMENT_3D('',#2953,#1678,#1679);
#1423=AXIS2_PLACEMENT_3D('',#2964,#1686,#1687);
#1424=AXIS2_PLACEMENT_3D('',#2966,#1689,#1690);
#1425=AXIS2_PLACEMENT_3D('',#2968,#1692,#1693);
#1426=AXIS2_PLACEMENT_3D('',#2969,#1694,#1695);
#1427=AXIS2_PLACEMENT_3D('',#2971,#1697,#1698);
#1428=AXIS2_PLACEMENT_3D('',#2973,#1700,#1701);
#1429=DIRECTION('axis',(0.,0.,1.));
#1430=DIRECTION('refdir',(1.,0.,0.));
#1431=DIRECTION('center_axis',(0.,-1.,0.));
#1432=DIRECTION('ref_axis',(-0.116116523516815,0.,0.993235597915403));
#1433=DIRECTION('center_axis',(-2.29247884366356E-17,1.,0.));
#1434=DIRECTION('ref_axis',(-0.116116523516815,0.,0.993235597915403));
#1435=DIRECTION('',(0.,-1.,0.));
#1436=DIRECTION('center_axis',(0.,-1.,0.));
#1437=DIRECTION('ref_axis',(-0.116116523516815,0.,0.993235597915403));
#1438=DIRECTION('',(0.,1.,0.));
#1439=DIRECTION('center_axis',(0.,1.,0.));
#1440=DIRECTION('ref_axis',(0.116116523516816,0.,0.993235597915403));
#1441=DIRECTION('center_axis',(0.,-1.,0.));
#1442=DIRECTION('ref_axis',(0.116116523516816,0.,0.993235597915403));
#1443=DIRECTION('',(0.,1.,0.));
#1444=DIRECTION('center_axis',(-2.29247884366356E-17,1.,0.));
#1445=DIRECTION('ref_axis',(0.116116523516816,0.,0.993235597915403));
#1446=DIRECTION('',(0.,-1.,0.));
#1447=DIRECTION('center_axis',(0.,0.,-1.));
#1448=DIRECTION('ref_axis',(-0.707106781186548,-0.707106781186548,0.));
#1449=DIRECTION('center_axis',(0.,0.,1.));
#1450=DIRECTION('ref_axis',(-0.707106781186548,-0.707106781186548,0.));
#1451=DIRECTION('',(0.,0.,1.));
#1452=DIRECTION('center_axis',(0.,0.,-1.));
#1453=DIRECTION('ref_axis',(-0.707106781186548,-0.707106781186548,0.));
#1454=DIRECTION('',(0.,0.,-1.));
#1455=DIRECTION('center_axis',(0.,-1.,0.));
#1456=DIRECTION('ref_axis',(0.,0.,-1.));
#1457=DIRECTION('',(1.,0.,0.));
#1458=DIRECTION('',(0.,0.,-1.));
#1459=DIRECTION('',(-1.,0.,-2.64432918763628E-16));
#1460=DIRECTION('center_axis',(0.,0.,-1.));
#1461=DIRECTION('ref_axis',(1.,0.,0.));
#1462=DIRECTION('',(0.,-1.,0.));
#1463=DIRECTION('',(-1.,-2.29247884366356E-17,0.));
#1464=DIRECTION('',(0.,-1.,0.));
#1465=DIRECTION('center_axis',(0.,0.,1.));
#1466=DIRECTION('ref_axis',(0.707106781186548,-0.707106781186547,0.));
#1467=DIRECTION('center_axis',(0.,0.,1.));
#1468=DIRECTION('ref_axis',(0.707106781186548,-0.707106781186547,0.));
#1469=DIRECTION('center_axis',(0.,0.,-1.));
#1470=DIRECTION('ref_axis',(0.707106781186548,-0.707106781186547,0.));
#1471=DIRECTION('',(0.,0.,1.));
#1472=DIRECTION('center_axis',(0.,0.,1.));
#1473=DIRECTION('ref_axis',(1.,0.,0.));
#1474=DIRECTION('',(0.,-1.,0.));
#1475=DIRECTION('',(1.,2.29247884366356E-17,0.));
#1476=DIRECTION('',(1.,2.29247884366356E-17,0.));
#1477=DIRECTION('',(0.,-1.,0.));
#1478=DIRECTION('center_axis',(1.,0.,0.));
#1479=DIRECTION('ref_axis',(0.,0.,1.));
#1480=DIRECTION('',(0.,0.,-1.));
#1481=DIRECTION('center_axis',(0.,0.,1.));
#1482=DIRECTION('ref_axis',(-0.707106781186547,0.707106781186548,0.));
#1483=DIRECTION('center_axis',(0.,0.,-1.));
#1484=DIRECTION('ref_axis',(-0.707106781186547,0.707106781186548,0.));
#1485=DIRECTION('',(0.,0.,-1.));
#1486=DIRECTION('center_axis',(0.,0.,1.));
#1487=DIRECTION('ref_axis',(-0.707106781186547,0.707106781186548,0.));
#1488=DIRECTION('',(0.,0.,1.));
#1489=DIRECTION('center_axis',(0.,0.,-1.));
#1490=DIRECTION('ref_axis',(-1.,0.,0.));
#1491=DIRECTION('',(-1.,0.,0.));
#1492=DIRECTION('center_axis',(0.,0.,1.));
#1493=DIRECTION('ref_axis',(0.707106781186547,0.707106781186547,0.));
#1494=DIRECTION('',(0.,1.,0.));
#1495=DIRECTION('',(1.,0.,0.));
#1496=DIRECTION('',(0.,1.,0.));
#1497=DIRECTION('center_axis',(0.,1.,0.));
#1498=DIRECTION('ref_axis',(0.,0.,1.));
#1499=DIRECTION('',(1.,0.,0.));
#1500=DIRECTION('',(0.,0.,1.));
#1501=DIRECTION('center_axis',(0.,0.,-1.));
#1502=DIRECTION('ref_axis',(0.707106781186547,0.707106781186547,0.));
#1503=DIRECTION('center_axis',(0.,0.,-1.));
#1504=DIRECTION('ref_axis',(0.707106781186547,0.707106781186547,0.));
#1505=DIRECTION('',(0.,0.,-1.));
#1506=DIRECTION('center_axis',(-1.,0.,0.));
#1507=DIRECTION('ref_axis',(0.,0.,-1.));
#1508=DIRECTION('',(0.,0.,1.));
#1509=DIRECTION('center_axis',(-1.,0.,0.));
#1510=DIRECTION('ref_axis',(0.,0.,1.));
#1511=DIRECTION('',(0.,0.,-1.));
#1512=DIRECTION('',(0.,1.,0.));
#1513=DIRECTION('center_axis',(1.,0.,0.));
#1514=DIRECTION('ref_axis',(0.,0.,-1.));
#1515=DIRECTION('',(0.,1.,0.));
#1516=DIRECTION('',(0.,0.,1.));
#1517=DIRECTION('center_axis',(0.,1.,0.));
#1518=DIRECTION('ref_axis',(-0.17086691233268,0.,0.985294117647059));
#1519=DIRECTION('center_axis',(0.,-1.,0.));
#1520=DIRECTION('ref_axis',(-0.17086691233268,0.,0.985294117647059));
#1521=DIRECTION('',(0.,1.,0.));
#1522=DIRECTION('center_axis',(-2.29247884366356E-17,1.,0.));
#1523=DIRECTION('ref_axis',(-0.17086691233268,0.,0.985294117647059));
#1524=DIRECTION('center_axis',(0.,-1.,0.));
#1525=DIRECTION('ref_axis',(0.17086691233268,0.,0.985294117647059));
#1526=DIRECTION('center_axis',(-2.29247884366356E-17,1.,0.));
#1527=DIRECTION('ref_axis',(0.17086691233268,0.,0.985294117647059));
#1528=DIRECTION('',(0.,-1.,0.));
#1529=DIRECTION('center_axis',(0.,-1.,0.));
#1530=DIRECTION('ref_axis',(0.17086691233268,0.,0.985294117647059));
#1531=DIRECTION('center_axis',(0.,-1.,0.));
#1532=DIRECTION('ref_axis',(-1.,0.,0.));
#1533=DIRECTION('',(-1.,0.,0.));
#1534=DIRECTION('',(0.,0.,-1.));
#1535=DIRECTION('',(-1.,0.,0.));
#1536=DIRECTION('',(0.,0.,-1.));
#1537=DIRECTION('',(-1.,0.,0.));
#1538=DIRECTION('center_axis',(-2.29247884366356E-17,1.,0.));
#1539=DIRECTION('ref_axis',(1.,2.29247884366356E-17,0.));
#1540=DIRECTION('',(0.,0.,-1.));
#1541=DIRECTION('',(1.,0.,0.));
#1542=DIRECTION('',(0.,0.,-1.));
#1543=DIRECTION('center_axis',(0.,0.,-1.));
#1544=DIRECTION('ref_axis',(-1.,0.,0.));
#1545=DIRECTION('center_axis',(1.,0.,0.));
#1546=DIRECTION('ref_axis',(0.,0.,-1.));
#1547=DIRECTION('',(0.,1.,0.));
#1548=DIRECTION('',(0.,0.,-1.));
#1549=DIRECTION('',(0.,1.,0.));
#1550=DIRECTION('center_axis',(0.,0.,1.));
#1551=DIRECTION('ref_axis',(-1.,0.,0.));
#1552=DIRECTION('',(0.,-1.,0.));
#1553=DIRECTION('',(-1.,0.,0.));
#1554=DIRECTION('center_axis',(-1.,0.,6.22322323220379E-15));
#1555=DIRECTION('ref_axis',(6.22322323220379E-15,0.,1.));
#1556=DIRECTION('',(0.,1.,0.));
#1557=DIRECTION('',(6.22322323220379E-15,0.,1.));
#1558=DIRECTION('center_axis',(0.,-1.,0.));
#1559=DIRECTION('ref_axis',(0.,0.,-1.));
#1560=DIRECTION('',(1.,0.,-3.14127793811907E-15));
#1561=DIRECTION('',(0.,0.,-1.));
#1562=DIRECTION('',(1.,0.,0.));
#1563=DIRECTION('',(0.,0.,-1.));
#1564=DIRECTION('',(0.,0.,1.));
#1565=DIRECTION('',(1.,0.,0.));
#1566=DIRECTION('',(0.,0.,1.));
#1567=DIRECTION('',(1.,0.,-3.14127793811907E-15));
#1568=DIRECTION('center_axis',(-3.14127793811907E-15,0.,-1.));
#1569=DIRECTION('ref_axis',(-1.,0.,3.14127793811907E-15));
#1570=DIRECTION('',(0.,-1.,0.));
#1571=DIRECTION('',(-1.,0.,3.14127793811907E-15));
#1572=DIRECTION('center_axis',(-3.14127793811907E-15,0.,-1.));
#1573=DIRECTION('ref_axis',(-1.,0.,3.14127793811907E-15));
#1574=DIRECTION('',(-1.,0.,3.14127793811907E-15));
#1575=DIRECTION('',(0.,1.,0.));
#1576=DIRECTION('center_axis',(0.,1.,0.));
#1577=DIRECTION('ref_axis',(0.,0.,1.));
#1578=DIRECTION('',(0.,0.,-1.));
#1579=DIRECTION('',(1.,0.,0.));
#1580=DIRECTION('',(0.,0.,-1.));
#1581=DIRECTION('',(-1.,0.,0.));
#1582=DIRECTION('',(0.,0.,1.));
#1583=DIRECTION('',(1.,0.,0.));
#1584=DIRECTION('',(0.,0.,1.));
#1585=DIRECTION('center_axis',(-1.,0.,0.));
#1586=DIRECTION('ref_axis',(0.,0.,1.));
#1587=DIRECTION('',(0.,1.,0.));
#1588=DIRECTION('',(0.,0.,1.));
#1589=DIRECTION('',(0.,-1.,0.));
#1590=DIRECTION('center_axis',(1.,0.,0.));
#1591=DIRECTION('ref_axis',(0.,0.,-1.));
#1592=DIRECTION('',(0.,-1.,0.));
#1593=DIRECTION('',(0.,0.,1.));
#1594=DIRECTION('',(0.,1.,0.));
#1595=DIRECTION('center_axis',(0.,0.,1.));
#1596=DIRECTION('ref_axis',(1.,0.,0.));
#1597=DIRECTION('',(-1.,0.,0.));
#1598=DIRECTION('center_axis',(0.,0.,-1.));
#1599=DIRECTION('ref_axis',(-1.,0.,0.));
#1600=DIRECTION('',(0.,-1.,0.));
#1601=DIRECTION('',(-1.,0.,0.));
#1602=DIRECTION('',(0.,1.,0.));
#1603=DIRECTION('center_axis',(-1.,0.,0.));
#1604=DIRECTION('ref_axis',(0.,0.,1.));
#1605=DIRECTION('',(0.,-1.,0.));
#1606=DIRECTION('',(0.,0.,1.));
#1607=DIRECTION('',(0.,1.,0.));
#1608=DIRECTION('',(0.,0.,1.));
#1609=DIRECTION('center_axis',(0.,0.,-1.));
#1610=DIRECTION('ref_axis',(1.,0.,0.));
#1611=DIRECTION('',(-1.,0.,0.));
#1612=DIRECTION('center_axis',(0.,0.,-1.));
#1613=DIRECTION('ref_axis',(1.,0.,0.));
#1614=DIRECTION('',(0.,-1.,0.));
#1615=DIRECTION('',(1.,0.,0.));
#1616=DIRECTION('center_axis',(1.,0.,0.));
#1617=DIRECTION('ref_axis',(0.,0.,-1.));
#1618=DIRECTION('',(0.,1.,0.));
#1619=DIRECTION('',(0.,0.,-1.));
#1620=DIRECTION('',(0.,1.,0.));
#1621=DIRECTION('',(0.,0.,-1.));
#1622=DIRECTION('center_axis',(0.,0.,-1.));
#1623=DIRECTION('ref_axis',(-1.,0.,0.));
#1624=DIRECTION('',(0.,-1.,0.));
#1625=DIRECTION('',(-1.,0.,0.));
#1626=DIRECTION('center_axis',(0.,0.,-1.));
#1627=DIRECTION('ref_axis',(-1.,0.,0.));
#1628=DIRECTION('',(1.,0.,0.));
#1629=DIRECTION('',(0.,1.,0.));
#1630=DIRECTION('',(1.,0.,0.));
#1631=DIRECTION('',(0.,1.,0.));
#1632=DIRECTION('',(1.,0.,0.));
#1633=DIRECTION('',(0.,1.,0.));
#1634=DIRECTION('',(1.,0.,0.));
#1635=DIRECTION('',(0.,1.,0.));
#1636=DIRECTION('',(1.,0.,0.));
#1637=DIRECTION('center_axis',(0.,-1.,0.));
#1638=DIRECTION('ref_axis',(1.,0.,0.));
#1639=DIRECTION('',(0.,0.,-1.));
#1640=DIRECTION('',(0.,0.,1.));
#1641=DIRECTION('',(1.,0.,0.));
#1642=DIRECTION('center_axis',(0.,-1.,0.));
#1643=DIRECTION('ref_axis',(1.,0.,0.));
#1644=DIRECTION('',(1.,0.,0.));
#1645=DIRECTION('',(0.,0.,-1.));
#1646=DIRECTION('',(0.,0.,-1.));
#1647=DIRECTION('center_axis',(0.,-1.,0.));
#1648=DIRECTION('ref_axis',(1.,0.,0.));
#1649=DIRECTION('',(0.,0.,1.));
#1650=DIRECTION('',(0.,0.,-1.));
#1651=DIRECTION('',(1.,0.,0.));
#1652=DIRECTION('center_axis',(1.,0.,0.));
#1653=DIRECTION('ref_axis',(0.,0.,1.));
#1654=DIRECTION('',(0.,-1.,0.));
#1655=DIRECTION('',(0.,-1.,0.));
#1656=DIRECTION('center_axis',(-1.,0.,0.));
#1657=DIRECTION('ref_axis',(0.,0.,-1.));
#1658=DIRECTION('',(0.,-1.,0.));
#1659=DIRECTION('',(0.,-1.,0.));
#1660=DIRECTION('center_axis',(0.,0.,1.));
#1661=DIRECTION('ref_axis',(1.,0.,0.));
#1662=DIRECTION('',(1.,0.,0.));
#1663=DIRECTION('',(0.,1.,0.));
#1664=DIRECTION('center_axis',(-1.,0.,0.));
#1665=DIRECTION('ref_axis',(0.,0.,1.));
#1666=DIRECTION('',(0.,0.,1.));
#1667=DIRECTION('center_axis',(0.,1.,0.));
#1668=DIRECTION('ref_axis',(0.,0.,1.));
#1669=DIRECTION('center_axis',(1.,0.,0.));
#1670=DIRECTION('ref_axis',(0.,0.,-1.));
#1671=DIRECTION('',(0.,0.,-1.));
#1672=DIRECTION('',(0.,1.,0.));
#1673=DIRECTION('center_axis',(0.,0.,1.));
#1674=DIRECTION('ref_axis',(1.,0.,0.));
#1675=DIRECTION('',(1.,0.,0.));
#1676=DIRECTION('center_axis',(0.,1.,0.));
#1677=DIRECTION('ref_axis',(0.,0.,1.));
#1678=DIRECTION('center_axis',(0.,0.,-1.));
#1679=DIRECTION('ref_axis',(-1.,0.,0.));
#1680=DIRECTION('',(0.,1.,0.));
#1681=DIRECTION('',(-1.,0.,0.));
#1682=DIRECTION('',(0.,1.,0.));
#1683=DIRECTION('',(0.,1.,0.));
#1684=DIRECTION('',(-1.,0.,0.));
#1685=DIRECTION('',(0.,1.,0.));
#1686=DIRECTION('center_axis',(1.,0.,0.));
#1687=DIRECTION('ref_axis',(0.,0.,-1.));
#1688=DIRECTION('',(0.,0.,-1.));
#1689=DIRECTION('center_axis',(-1.,0.,0.));
#1690=DIRECTION('ref_axis',(0.,0.,1.));
#1691=DIRECTION('',(0.,0.,1.));
#1692=DIRECTION('center_axis',(0.,1.,0.));
#1693=DIRECTION('ref_axis',(0.,0.,1.));
#1694=DIRECTION('center_axis',(1.,0.,0.));
#1695=DIRECTION('ref_axis',(0.,0.,-1.));
#1696=DIRECTION('',(0.,0.,-1.));
#1697=DIRECTION('center_axis',(-1.,0.,0.));
#1698=DIRECTION('ref_axis',(0.,0.,1.));
#1699=DIRECTION('',(0.,0.,1.));
#1700=DIRECTION('center_axis',(0.,1.,0.));
#1701=DIRECTION('ref_axis',(0.,0.,1.));
#1702=CARTESIAN_POINT('',(0.,0.,0.));
#1703=CARTESIAN_POINT('Origin',(0.249999999999997,-23.005,4.16352880416919));
#1704=CARTESIAN_POINT('',(-1.75,-3.005,4.16352880416919));
#1705=CARTESIAN_POINT('',(0.0177669529663665,-3.005,6.15));
#1706=CARTESIAN_POINT('Origin',(0.249999999999997,-3.005,4.16352880416919));
#1707=CARTESIAN_POINT('',(-1.75,-23.005,4.16352880416919));
#1708=CARTESIAN_POINT('',(-1.75,-23.005,4.16352880416919));
#1709=CARTESIAN_POINT('',(0.0177669529663665,-23.005,6.15));
#1710=CARTESIAN_POINT('Origin',(0.249999999999997,-23.005,4.16352880416919));
#1711=CARTESIAN_POINT('',(0.0177669529663665,-23.005,6.15));
#1712=CARTESIAN_POINT('Origin',(24.,-3.005,4.16352880416919));
#1713=CARTESIAN_POINT('',(26.,-23.005,4.16352880416919));
#1714=CARTESIAN_POINT('',(24.2322330470336,-23.005,6.15));
#1715=CARTESIAN_POINT('Origin',(24.,-23.005,4.16352880416919));
#1716=CARTESIAN_POINT('',(26.,-3.005,4.16352880416919));
#1717=CARTESIAN_POINT('',(26.,-3.005,4.16352880416919));
#1718=CARTESIAN_POINT('',(24.2322330470336,-3.005,6.15));
#1719=CARTESIAN_POINT('Origin',(24.,-3.005,4.16352880416919));
#1720=CARTESIAN_POINT('',(24.2322330470336,-3.005,6.15));
#1721=CARTESIAN_POINT('Origin',(8.82724197227749,-5.005,8.325));
#1722=CARTESIAN_POINT('',(5.82724197227749,-5.005,7.35));
#1723=CARTESIAN_POINT('',(8.82724197227749,-8.005,7.35));
#1724=CARTESIAN_POINT('Origin',(8.82724197227749,-5.005,7.35));
#1725=CARTESIAN_POINT('',(8.82724197227749,-8.005,8.65));
#1726=CARTESIAN_POINT('',(8.82724197227749,-8.005,8.325));
#1727=CARTESIAN_POINT('',(5.82724197227749,-5.005,8.65));
#1728=CARTESIAN_POINT('Origin',(8.82724197227749,-5.005,8.65));
#1729=CARTESIAN_POINT('',(5.82724197227749,-5.005,8.325));
#1730=CARTESIAN_POINT('Origin',(12.125,-8.005,8.));
#1731=CARTESIAN_POINT('',(15.4227580277225,-8.005,7.35));
#1732=CARTESIAN_POINT('',(5.82724197227749,-8.005,7.35));
#1733=CARTESIAN_POINT('',(15.4227580277225,-8.005,8.65));
#1734=CARTESIAN_POINT('',(15.4227580277225,-8.005,7.675));
#1735=CARTESIAN_POINT('',(18.4227580277225,-8.005,8.65));
#1736=CARTESIAN_POINT('Origin',(5.82724197227749,-3.005,7.35));
#1737=CARTESIAN_POINT('',(5.82724197227749,-3.005,7.35));
#1738=CARTESIAN_POINT('',(5.82724197227749,-3.005,7.35));
#1739=CARTESIAN_POINT('',(18.4227580277225,-3.005,7.35));
#1740=CARTESIAN_POINT('',(2.92250446262193,-3.005,7.35));
#1741=CARTESIAN_POINT('',(18.4227580277225,-5.005,7.35));
#1742=CARTESIAN_POINT('',(18.4227580277225,-3.005,7.35));
#1743=CARTESIAN_POINT('Origin',(15.4227580277225,-5.005,7.35));
#1744=CARTESIAN_POINT('Origin',(15.4227580277225,-5.005,7.675));
#1745=CARTESIAN_POINT('',(18.4227580277225,-5.005,8.65));
#1746=CARTESIAN_POINT('Origin',(15.4227580277225,-5.005,8.65));
#1747=CARTESIAN_POINT('',(18.4227580277225,-5.005,7.675));
#1748=CARTESIAN_POINT('Origin',(-1.75,1.5,8.65));
#1749=CARTESIAN_POINT('',(18.4227580277225,-3.005,8.65));
#1750=CARTESIAN_POINT('',(18.4227580277225,-3.005,8.65));
#1751=CARTESIAN_POINT('',(24.2322330470336,-3.005,8.65));
#1752=CARTESIAN_POINT('',(-0.866116523516818,-3.005,8.65));
#1753=CARTESIAN_POINT('',(24.2322330470336,2.,8.65));
#1754=CARTESIAN_POINT('Ctrl Pts',(24.2322330470336,2.00000000000003,8.65));
#1755=CARTESIAN_POINT('Ctrl Pts',(24.2322330470336,0.331519604882738,8.65));
#1756=CARTESIAN_POINT('Ctrl Pts',(24.2322330470336,-1.33661384992701,8.65));
#1757=CARTESIAN_POINT('Ctrl Pts',(24.2322330470336,-3.005,8.65));
#1758=CARTESIAN_POINT('',(0.0177669529663665,2.,8.65));
#1759=CARTESIAN_POINT('Ctrl Pts',(0.0177669529663644,2.,8.65));
#1760=CARTESIAN_POINT('Ctrl Pts',(8.08925565098879,2.,8.65));
#1761=CARTESIAN_POINT('Ctrl Pts',(16.1607443490112,2.,8.65));
#1762=CARTESIAN_POINT('Ctrl Pts',(24.2322330470336,2.,8.65));
#1763=CARTESIAN_POINT('',(0.017766952966366,-3.005,8.65));
#1764=CARTESIAN_POINT('Ctrl Pts',(0.017766952966366,-3.005,8.65));
#1765=CARTESIAN_POINT('Ctrl Pts',(0.017766952966366,-1.3366138499388,8.65));
#1766=CARTESIAN_POINT('Ctrl Pts',(0.017766952966366,0.331519604915582,8.65));
#1767=CARTESIAN_POINT('Ctrl Pts',(0.017766952966366,2.00000000000003,8.65));
#1768=CARTESIAN_POINT('',(5.82724197227749,-3.005,8.65));
#1769=CARTESIAN_POINT('',(-0.866116523516818,-3.005,8.65));
#1770=CARTESIAN_POINT('',(5.82724197227749,-3.005,8.65));
#1771=CARTESIAN_POINT('Origin',(18.4227580277225,-3.005,7.35));
#1772=CARTESIAN_POINT('',(18.4227580277225,-3.005,8.));
#1773=CARTESIAN_POINT('Origin',(8.82724197227748,-21.005,7.675));
#1774=CARTESIAN_POINT('',(5.82724197227748,-21.005,8.65));
#1775=CARTESIAN_POINT('',(8.82724197227748,-18.005,8.65));
#1776=CARTESIAN_POINT('Origin',(8.82724197227748,-21.005,8.65));
#1777=CARTESIAN_POINT('',(8.82724197227748,-18.005,7.35));
#1778=CARTESIAN_POINT('',(8.82724197227748,-18.005,7.675));
#1779=CARTESIAN_POINT('',(5.82724197227748,-21.005,7.35));
#1780=CARTESIAN_POINT('Origin',(8.82724197227748,-21.005,7.35));
#1781=CARTESIAN_POINT('',(5.82724197227748,-21.005,7.675));
#1782=CARTESIAN_POINT('Origin',(18.4227580277225,-23.005,7.35));
#1783=CARTESIAN_POINT('',(15.4227580277225,-18.005,7.35));
#1784=CARTESIAN_POINT('',(18.4227580277225,-18.005,7.35));
#1785=CARTESIAN_POINT('',(18.4227580277225,-21.005,7.35));
#1786=CARTESIAN_POINT('Origin',(15.4227580277225,-21.005,7.35));
#1787=CARTESIAN_POINT('',(18.4227580277225,-23.005,7.35));
#1788=CARTESIAN_POINT('',(18.4227580277225,-23.005,7.35));
#1789=CARTESIAN_POINT('',(5.82724197227748,-23.005,7.35));
#1790=CARTESIAN_POINT('',(21.3274955373781,-23.005,7.35));
#1791=CARTESIAN_POINT('',(5.82724197227748,-23.005,7.35));
#1792=CARTESIAN_POINT('Origin',(12.125,-18.005,8.));
#1793=CARTESIAN_POINT('',(15.4227580277225,-18.005,8.65));
#1794=CARTESIAN_POINT('',(5.82724197227748,-18.005,8.65));
#1795=CARTESIAN_POINT('',(15.4227580277225,-18.005,8.325));
#1796=CARTESIAN_POINT('Origin',(15.4227580277225,-21.005,8.325));
#1797=CARTESIAN_POINT('',(18.4227580277225,-21.005,8.65));
#1798=CARTESIAN_POINT('Origin',(15.4227580277225,-21.005,8.65));
#1799=CARTESIAN_POINT('',(18.4227580277225,-21.005,8.325));
#1800=CARTESIAN_POINT('Origin',(5.82724197227749,-3.005,8.65));
#1801=CARTESIAN_POINT('',(5.82724197227749,-3.005,8.65));
#1802=CARTESIAN_POINT('Origin',(5.82724197227748,-23.005,7.35));
#1803=CARTESIAN_POINT('',(5.82724197227748,-23.005,8.65));
#1804=CARTESIAN_POINT('',(5.82724197227748,-23.005,8.));
#1805=CARTESIAN_POINT('',(5.82724197227748,-23.005,8.65));
#1806=CARTESIAN_POINT('Origin',(18.4227580277225,-23.005,8.65));
#1807=CARTESIAN_POINT('',(18.4227580277225,-23.005,8.65));
#1808=CARTESIAN_POINT('',(18.4227580277225,-23.005,8.65));
#1809=CARTESIAN_POINT('',(18.4227580277225,-23.005,8.65));
#1810=CARTESIAN_POINT('Ctrl Pts',(-1.75,-28.7316871161505,6.88223304703363));
#1811=CARTESIAN_POINT('Ctrl Pts',(-1.75,-26.8225234339853,6.88223304703363));
#1812=CARTESIAN_POINT('Ctrl Pts',(-1.75,-24.9139271235034,6.88223304703363));
#1813=CARTESIAN_POINT('Ctrl Pts',(-1.75,-23.005,6.88223304703363));
#1814=CARTESIAN_POINT('Ctrl Pts',(-1.75,-28.7316871161505,6.89711399941458));
#1815=CARTESIAN_POINT('Ctrl Pts',(-1.75,-26.8225234339853,6.89711399941458));
#1816=CARTESIAN_POINT('Ctrl Pts',(-1.75,-24.9139271235034,6.89711399941458));
#1817=CARTESIAN_POINT('Ctrl Pts',(-1.75,-23.005,6.89711399941458));
#1818=CARTESIAN_POINT('Ctrl Pts',(-1.72054489518136,-28.7316871161505,6.95459613266575));
#1819=CARTESIAN_POINT('Ctrl Pts',(-1.72054489518136,-26.8225234339853,6.95459613266575));
#1820=CARTESIAN_POINT('Ctrl Pts',(-1.72054489518136,-24.9139271235034,6.95459613266575));
#1821=CARTESIAN_POINT('Ctrl Pts',(-1.72054489518136,-23.005,6.95459613266575));
#1822=CARTESIAN_POINT('Ctrl Pts',(-1.51987887806112,-28.7316871161505,7.19932860842488));
#1823=CARTESIAN_POINT('Ctrl Pts',(-1.51987887806112,-26.8225234339853,7.19932860842488));
#1824=CARTESIAN_POINT('Ctrl Pts',(-1.51987887806112,-24.9139271235034,7.19932860842488));
#1825=CARTESIAN_POINT('Ctrl Pts',(-1.51987887806112,-23.005,7.19932860842488));
#1826=CARTESIAN_POINT('Ctrl Pts',(-1.17462012285368,-28.7316871161505,7.57568434775153));
#1827=CARTESIAN_POINT('Ctrl Pts',(-1.17462012285368,-26.8225234339853,7.57568434775153));
#1828=CARTESIAN_POINT('Ctrl Pts',(-1.17462012285368,-24.9139271235034,7.57568434775153));
#1829=CARTESIAN_POINT('Ctrl Pts',(-1.17462012285368,-23.005,7.57568434775153));
#1830=CARTESIAN_POINT('Ctrl Pts',(-0.67514655777066,-28.7316871161505,8.07524682125019));
#1831=CARTESIAN_POINT('Ctrl Pts',(-0.67514655777066,-26.8225234339853,8.07524682125019));
#1832=CARTESIAN_POINT('Ctrl Pts',(-0.67514655777066,-24.9139271235034,8.07524682125019));
#1833=CARTESIAN_POINT('Ctrl Pts',(-0.67514655777066,-23.005,8.07524682125019));
#1834=CARTESIAN_POINT('Ctrl Pts',(-0.265116177924949,-28.7316871161505,
8.45122110601829));
#1835=CARTESIAN_POINT('Ctrl Pts',(-0.265116177924949,-26.8225234339853,
8.45122110601829));
#1836=CARTESIAN_POINT('Ctrl Pts',(-0.265116177924949,-24.9139271235034,
8.45122110601829));
#1837=CARTESIAN_POINT('Ctrl Pts',(-0.265116177924949,-23.005,8.45122110601829));
#1838=CARTESIAN_POINT('Ctrl Pts',(-0.0442275930976812,-28.7316871161505,
8.62680890786267));
#1839=CARTESIAN_POINT('Ctrl Pts',(-0.0442275930976812,-26.8225234339853,
8.62680890786267));
#1840=CARTESIAN_POINT('Ctrl Pts',(-0.0442275930976812,-24.9139271235034,
8.62680890786267));
#1841=CARTESIAN_POINT('Ctrl Pts',(-0.0442275930976812,-23.005,8.62680890786267));
#1842=CARTESIAN_POINT('Ctrl Pts',(0.00586219106160408,-28.7316871161505,
8.65));
#1843=CARTESIAN_POINT('Ctrl Pts',(0.00586219106160408,-26.8225234339853,
8.65));
#1844=CARTESIAN_POINT('Ctrl Pts',(0.00586219106160408,-24.9139271235034,
8.65));
#1845=CARTESIAN_POINT('Ctrl Pts',(0.00586219106160408,-23.005,8.65));
#1846=CARTESIAN_POINT('Ctrl Pts',(0.017766952966366,-28.7316871161505,8.65));
#1847=CARTESIAN_POINT('Ctrl Pts',(0.017766952966366,-26.8225234339853,8.65));
#1848=CARTESIAN_POINT('Ctrl Pts',(0.017766952966366,-24.9139271235034,8.65));
#1849=CARTESIAN_POINT('Ctrl Pts',(0.017766952966366,-23.005,8.65));
#1850=CARTESIAN_POINT('',(0.0177669529663671,-23.005,8.65));
#1851=CARTESIAN_POINT('',(-1.09655255097138,-23.005,7.65));
#1852=CARTESIAN_POINT('Ctrl Pts',(0.017766952966366,-23.005,8.65));
#1853=CARTESIAN_POINT('Ctrl Pts',(0.0058621910616041,-23.005,8.65));
#1854=CARTESIAN_POINT('Ctrl Pts',(-0.0191827010180385,-23.005,8.63840445393133));
#1855=CARTESIAN_POINT('Ctrl Pts',(-0.0685199111957377,-23.005,8.60334204725627));
#1856=CARTESIAN_POINT('Ctrl Pts',(-0.117857121373437,-23.005,8.56827964058121));
#1857=CARTESIAN_POINT('Ctrl Pts',(-0.191486649649193,-23.005,8.50975037329975));
#1858=CARTESIAN_POINT('Ctrl Pts',(-0.296639810428023,-23.005,8.41782335886433));
#1859=CARTESIAN_POINT('Ctrl Pts',(-0.401792971206852,-23.005,8.32589634442892));
#1860=CARTESIAN_POINT('Ctrl Pts',(-0.538469764488756,-23.005,8.20057158283955));
#1861=CARTESIAN_POINT('Ctrl Pts',(-0.690053755310212,-23.005,8.0546487897951));
#1862=CARTESIAN_POINT('Ctrl Pts',(-0.822069555731677,-23.005,7.92756337517377));
#1863=CARTESIAN_POINT('Ctrl Pts',(-0.965392193881896,-23.005,7.78485472898416));
#1864=CARTESIAN_POINT('Ctrl Pts',(-1.09665177221686,-23.005,7.64992687034149));
#1865=CARTESIAN_POINT('',(-1.55810663279424,-23.005,7.15));
#1866=CARTESIAN_POINT('Ctrl Pts',(-1.09655255097138,-23.005,7.65));
#1867=CARTESIAN_POINT('Ctrl Pts',(-1.27566474889794,-23.005,7.46575170395661));
#1868=CARTESIAN_POINT('Ctrl Pts',(-1.43871369032837,-23.005,7.28946925585513));
#1869=CARTESIAN_POINT('Ctrl Pts',(-1.55810663279196,-23.005,7.15000000000267));
#1870=CARTESIAN_POINT('',(-1.75,-23.005,6.88223304703363));
#1871=CARTESIAN_POINT('Ctrl Pts',(-1.55810663279196,-23.005,7.15000000000267));
#1872=CARTESIAN_POINT('Ctrl Pts',(-1.57291416476632,-23.005,7.13270253314355));
#1873=CARTESIAN_POINT('Ctrl Pts',(-1.58705017234244,-23.005,7.11597130758232));
#1874=CARTESIAN_POINT('Ctrl Pts',(-1.641638636182,-23.005,7.05039523477777));
#1875=CARTESIAN_POINT('Ctrl Pts',(-1.70731831386994,-23.005,6.96915538682546));
#1876=CARTESIAN_POINT('Ctrl Pts',(-1.74103920870266,-23.005,6.90931003189169));
#1877=CARTESIAN_POINT('Ctrl Pts',(-1.74617718100074,-23.005,6.89910797276707));
#1878=CARTESIAN_POINT('Ctrl Pts',(-1.74940666475444,-23.005,6.88783632023884));
#1879=CARTESIAN_POINT('Ctrl Pts',(-1.75,-23.005,6.88488005027181));
#1880=CARTESIAN_POINT('Ctrl Pts',(-1.75,-23.005,6.88223304703363));
#1881=CARTESIAN_POINT('',(-1.75,-27.51,6.88223304703363));
#1882=CARTESIAN_POINT('Ctrl Pts',(-1.75,-23.005,6.88223304703363));
#1883=CARTESIAN_POINT('Ctrl Pts',(-1.75,-24.5067256350824,6.88223304703363));
#1884=CARTESIAN_POINT('Ctrl Pts',(-1.75,-26.0082465384675,6.88223304703363));
#1885=CARTESIAN_POINT('Ctrl Pts',(-1.75,-27.5100000000002,6.88223304703363));
#1886=CARTESIAN_POINT('',(-0.6927228022647,-28.7316871161505,8.05196379459261));
#1887=CARTESIAN_POINT('Ctrl Pts',(-1.75,-27.51,6.88223304703359));
#1888=CARTESIAN_POINT('Ctrl Pts',(-1.75,-27.5102397496479,6.8824346516531));
#1889=CARTESIAN_POINT('Ctrl Pts',(-1.74999655118739,-27.5104794077246,6.88263672253897));
#1890=CARTESIAN_POINT('Ctrl Pts',(-1.74964164854139,-27.5233510616384,6.89351632506647));
#1891=CARTESIAN_POINT('Ctrl Pts',(-1.74030669072502,-27.5425125168466,6.91108755198677));
#1892=CARTESIAN_POINT('Ctrl Pts',(-1.71644653544098,-27.5861882213229,6.95149903434402));
#1893=CARTESIAN_POINT('Ctrl Pts',(-1.69158017745557,-27.6218759267658,6.98529870261277));
#1894=CARTESIAN_POINT('Ctrl Pts',(-1.58700634641104,-27.7651037461649,7.12150585955533));
#1895=CARTESIAN_POINT('Ctrl Pts',(-1.45746446219236,-27.9149397780036,7.26633409076066));
#1896=CARTESIAN_POINT('Ctrl Pts',(-1.15535292718123,-28.2543863169277,7.5940939219428));
#1897=CARTESIAN_POINT('Ctrl Pts',(-0.916201882195748,-28.5053850797514,
7.83682689322381));
#1898=CARTESIAN_POINT('Ctrl Pts',(-0.692722802264706,-28.7316871161505,
8.05196379459261));
#1899=CARTESIAN_POINT('',(0.0177669529663665,-28.01,8.65));
#1900=CARTESIAN_POINT('Ctrl Pts',(0.0177669529663671,-28.01,8.65));
#1901=CARTESIAN_POINT('Ctrl Pts',(0.0175651772118437,-28.0102146206334,
8.65));
#1902=CARTESIAN_POINT('Ctrl Pts',(0.0173631242189052,-28.0104293185214,
8.64999654533768));
#1903=CARTESIAN_POINT('Ctrl Pts',(0.00867418375488338,-28.0196535368235,
8.64971314062004));
#1904=CARTESIAN_POINT('Ctrl Pts',(-0.00440325553838544,-28.0331898660212,
8.64375432212691));
#1905=CARTESIAN_POINT('Ctrl Pts',(-0.0396781524958125,-28.0694885792147,
8.62400772467812));
#1906=CARTESIAN_POINT('Ctrl Pts',(-0.0662858001293313,-28.0966425295719,
8.60524038941485));
#1907=CARTESIAN_POINT('Ctrl Pts',(-0.173209231805018,-28.2055877842172,
8.52621561322906));
#1908=CARTESIAN_POINT('Ctrl Pts',(-0.285542700638679,-28.3193435328065,
8.42847777237977));
#1909=CARTESIAN_POINT('Ctrl Pts',(-0.470257851291651,-28.5064088442428,
8.26296801457547));
#1910=CARTESIAN_POINT('Ctrl Pts',(-0.580179432416897,-28.6176592749486,
8.16030606925264));
#1911=CARTESIAN_POINT('Ctrl Pts',(-0.692722802264701,-28.7316871161505,
8.05196379459262));
#1912=CARTESIAN_POINT('Ctrl Pts',(0.017766952966366,-28.01,8.65));
#1913=CARTESIAN_POINT('Ctrl Pts',(0.017766952966366,-26.3415196049,8.65));
#1914=CARTESIAN_POINT('Ctrl Pts',(0.017766952966366,-24.6733861500668,8.65));
#1915=CARTESIAN_POINT('Ctrl Pts',(0.017766952966366,-23.005,8.65));
#1916=CARTESIAN_POINT('Ctrl Pts',(26.,2.72168711615055,6.88223304703363));
#1917=CARTESIAN_POINT('Ctrl Pts',(26.,0.812523433953865,6.88223304703363));
#1918=CARTESIAN_POINT('Ctrl Pts',(26.,-1.09607287649293,6.88223304703363));
#1919=CARTESIAN_POINT('Ctrl Pts',(26.,-3.005,6.88223304703363));
#1920=CARTESIAN_POINT('Ctrl Pts',(26.,2.72168711615055,6.89711399941458));
#1921=CARTESIAN_POINT('Ctrl Pts',(26.,0.81252343395386,6.89711399941458));
#1922=CARTESIAN_POINT('Ctrl Pts',(26.,-1.09607287649292,6.89711399941458));
#1923=CARTESIAN_POINT('Ctrl Pts',(26.,-3.005,6.89711399941458));
#1924=CARTESIAN_POINT('Ctrl Pts',(25.9705460208376,2.72168711615055,6.95459424132927));
#1925=CARTESIAN_POINT('Ctrl Pts',(25.9705460208376,0.81252343395387,6.95459424132927));
#1926=CARTESIAN_POINT('Ctrl Pts',(25.9705460208376,-1.09607287649293,6.95459424132927));
#1927=CARTESIAN_POINT('Ctrl Pts',(25.9705460208376,-3.005,6.95459424132927));
#1928=CARTESIAN_POINT('Ctrl Pts',(25.7698802264176,2.72168711615055,7.19932659751427));
#1929=CARTESIAN_POINT('Ctrl Pts',(25.7698802264176,0.812523433953858,7.19932659751427));
#1930=CARTESIAN_POINT('Ctrl Pts',(25.7698802264176,-1.09607287649292,7.19932659751427));
#1931=CARTESIAN_POINT('Ctrl Pts',(25.7698802264176,-3.005,7.19932659751427));
#1932=CARTESIAN_POINT('Ctrl Pts',(25.4246226043119,2.72168711615055,7.57568091814546));
#1933=CARTESIAN_POINT('Ctrl Pts',(25.4246226043119,0.812523433953867,7.57568091814546));
#1934=CARTESIAN_POINT('Ctrl Pts',(25.4246226043119,-1.09607287649293,7.57568091814546));
#1935=CARTESIAN_POINT('Ctrl Pts',(25.4246226043119,-3.005,7.57568091814546));
#1936=CARTESIAN_POINT('Ctrl Pts',(24.9251488017956,2.72168711615055,8.075243643982));
#1937=CARTESIAN_POINT('Ctrl Pts',(24.9251488017956,0.812523433953864,8.075243643982));
#1938=CARTESIAN_POINT('Ctrl Pts',(24.9251488017956,-1.09607287649293,8.075243643982));
#1939=CARTESIAN_POINT('Ctrl Pts',(24.9251488017956,-3.005,8.075243643982));
#1940=CARTESIAN_POINT('Ctrl Pts',(24.5151177951981,2.72168711615055,8.4512184933629));
#1941=CARTESIAN_POINT('Ctrl Pts',(24.5151177951981,0.812523433953862,8.4512184933629));
#1942=CARTESIAN_POINT('Ctrl Pts',(24.5151177951981,-1.09607287649293,8.4512184933629));
#1943=CARTESIAN_POINT('Ctrl Pts',(24.5151177951981,-3.005,8.4512184933629));
#1944=CARTESIAN_POINT('Ctrl Pts',(24.2942290808375,2.72168711615055,8.62680680644676));
#1945=CARTESIAN_POINT('Ctrl Pts',(24.2942290808375,0.812523433953871,8.62680680644676));
#1946=CARTESIAN_POINT('Ctrl Pts',(24.2942290808375,-1.09607287649293,8.62680680644676));
#1947=CARTESIAN_POINT('Ctrl Pts',(24.2942290808375,-3.005,8.62680680644676));
#1948=CARTESIAN_POINT('Ctrl Pts',(24.2441378089384,2.72168711615055,8.65));
#1949=CARTESIAN_POINT('Ctrl Pts',(24.2441378089384,0.81252343395386,8.65));
#1950=CARTESIAN_POINT('Ctrl Pts',(24.2441378089384,-1.09607287649293,8.65));
#1951=CARTESIAN_POINT('Ctrl Pts',(24.2441378089384,-3.005,8.65));
#1952=CARTESIAN_POINT('Ctrl Pts',(24.2322330470336,2.72168711615055,8.65));
#1953=CARTESIAN_POINT('Ctrl Pts',(24.2322330470336,0.812523433953865,8.65));
#1954=CARTESIAN_POINT('Ctrl Pts',(24.2322330470336,-1.09607287649293,8.65));
#1955=CARTESIAN_POINT('Ctrl Pts',(24.2322330470336,-3.005,8.65));
#1956=CARTESIAN_POINT('',(25.3465525509714,-3.005,7.65));
#1957=CARTESIAN_POINT('Ctrl Pts',(24.2322330470336,-3.005,8.65));
#1958=CARTESIAN_POINT('Ctrl Pts',(24.2441378089384,-3.005,8.65));
#1959=CARTESIAN_POINT('Ctrl Pts',(24.2691834448879,-3.005,8.63840340322338));
#1960=CARTESIAN_POINT('Ctrl Pts',(24.3185210485895,-3.005,8.60334038598776));
#1961=CARTESIAN_POINT('Ctrl Pts',(24.367858652291,-3.005,8.56827736875214));
#1962=CARTESIAN_POINT('Ctrl Pts',(24.4414882237446,-3.005,8.50974793105752));
#1963=CARTESIAN_POINT('Ctrl Pts',(24.546641510571,-3.005,8.41782073731339));
#1964=CARTESIAN_POINT('Ctrl Pts',(24.6517947973973,-3.005,8.32589354356926));
#1965=CARTESIAN_POINT('Ctrl Pts',(24.7884717995965,-3.005,8.20056859377563));
#1966=CARTESIAN_POINT('Ctrl Pts',(24.9400559344488,-3.005,8.05464566457273));
#1967=CARTESIAN_POINT('Ctrl Pts',(25.0720718603079,-3.005,7.92756013136984));
#1968=CARTESIAN_POINT('Ctrl Pts',(25.2153945746807,-3.005,7.78485140607448));
#1969=CARTESIAN_POINT('Ctrl Pts',(25.3466540606555,-3.005,7.64992367159316));
#1970=CARTESIAN_POINT('',(25.8081066327942,-3.005,7.15));
#1971=CARTESIAN_POINT('Ctrl Pts',(25.3465525509714,-3.005,7.65));
#1972=CARTESIAN_POINT('Ctrl Pts',(25.5256647488979,-3.005,7.46575170395661));
#1973=CARTESIAN_POINT('Ctrl Pts',(25.6887136903284,-3.005,7.28946925585513));
#1974=CARTESIAN_POINT('Ctrl Pts',(25.808106632792,-3.005,7.15000000000266));
#1975=CARTESIAN_POINT('',(26.,-3.005,6.88223304703363));
#1976=CARTESIAN_POINT('Ctrl Pts',(25.808106632792,-3.005,7.15000000000266));
#1977=CARTESIAN_POINT('Ctrl Pts',(25.8229141647663,-3.005,7.13270253314355));
#1978=CARTESIAN_POINT('Ctrl Pts',(25.8370501723424,-3.005,7.11597130758232));
#1979=CARTESIAN_POINT('Ctrl Pts',(25.8916386361819,-3.005,7.05039523477794));
#1980=CARTESIAN_POINT('Ctrl Pts',(25.9573183138699,-3.005,6.96915538682551));
#1981=CARTESIAN_POINT('Ctrl Pts',(25.9910392087025,-3.005,6.90931003189203));
#1982=CARTESIAN_POINT('Ctrl Pts',(25.9961771810007,-3.005,6.89910797276723));
#1983=CARTESIAN_POINT('Ctrl Pts',(25.9994066647546,-3.005,6.88783632023829));
#1984=CARTESIAN_POINT('Ctrl Pts',(26.,-3.005,6.88488005027148));
#1985=CARTESIAN_POINT('Ctrl Pts',(26.,-3.005,6.88223304703363));
#1986=CARTESIAN_POINT('',(26.,1.5,6.88223304703363));
#1987=CARTESIAN_POINT('Ctrl Pts',(26.,-3.005,6.88223304703363));
#1988=CARTESIAN_POINT('Ctrl Pts',(26.,-1.50327436491061,6.88223304703363));
#1989=CARTESIAN_POINT('Ctrl Pts',(26.,-0.00175346154267447,6.88223304703363));
#1990=CARTESIAN_POINT('Ctrl Pts',(26.,1.50000000000016,6.88223304703363));
#1991=CARTESIAN_POINT('',(24.9427228022647,2.72168711615055,8.05196379459262));
#1992=CARTESIAN_POINT('Ctrl Pts',(26.,1.5,6.88223304703359));
#1993=CARTESIAN_POINT('Ctrl Pts',(26.,1.50023974964894,6.88243465165395));
#1994=CARTESIAN_POINT('Ctrl Pts',(25.9999965511874,1.5004794077241,6.88263672253821));
#1995=CARTESIAN_POINT('Ctrl Pts',(25.9996416485409,1.51335106165024,6.89351632508036));
#1996=CARTESIAN_POINT('Ctrl Pts',(25.9903066907036,1.53251251688583,6.91108755202303));
#1997=CARTESIAN_POINT('Ctrl Pts',(25.9664465354407,1.57618822132323,6.95149903434436));
#1998=CARTESIAN_POINT('Ctrl Pts',(25.9415801774554,1.61187592676604,6.98529870261301));
#1999=CARTESIAN_POINT('Ctrl Pts',(25.8370063464106,1.75510374616553,7.12150585955589));
#2000=CARTESIAN_POINT('Ctrl Pts',(25.7074644621918,1.90493977800431,7.26633409076133));
#2001=CARTESIAN_POINT('Ctrl Pts',(25.4053529271808,2.24438631692813,7.59409392194327));
#2002=CARTESIAN_POINT('Ctrl Pts',(25.1662018821955,2.49538507975163,7.83682689322403));
#2003=CARTESIAN_POINT('Ctrl Pts',(24.9427228022647,2.72168711615055,8.05196379459262));
#2004=CARTESIAN_POINT('Ctrl Pts',(24.2322330470336,2.,8.65));
#2005=CARTESIAN_POINT('Ctrl Pts',(24.2324348227881,2.00021462063338,8.65));
#2006=CARTESIAN_POINT('Ctrl Pts',(24.2326368757814,2.00042931852159,8.64999654533768));
#2007=CARTESIAN_POINT('Ctrl Pts',(24.2413258162661,2.00965353684663,8.64971314061927));
#2008=CARTESIAN_POINT('Ctrl Pts',(24.2544032555943,2.02318986607869,8.64375432209566));
#2009=CARTESIAN_POINT('Ctrl Pts',(24.2896781524962,2.05948857921512,8.62400772467788));
#2010=CARTESIAN_POINT('Ctrl Pts',(24.3162858001298,2.08664252957244,8.60524038941448));
#2011=CARTESIAN_POINT('Ctrl Pts',(24.4232092318056,2.19558778421772,8.52621561322861));
#2012=CARTESIAN_POINT('Ctrl Pts',(24.5355427006392,2.30934353280711,8.42847777237929));
#2013=CARTESIAN_POINT('Ctrl Pts',(24.7202578512921,2.49640884424327,8.26296801457503));
#2014=CARTESIAN_POINT('Ctrl Pts',(24.8301794324171,2.60765927494881,8.16030606925242));
#2015=CARTESIAN_POINT('Ctrl Pts',(24.9427228022647,2.72168711615055,8.05196379459262));
#2016=CARTESIAN_POINT('Origin',(5.82724197227748,-23.005,-27.35));
#2017=CARTESIAN_POINT('',(5.82724197227748,-23.005,6.65));
#2018=CARTESIAN_POINT('Origin',(5.82724197227748,-23.005,-27.35));
#2019=CARTESIAN_POINT('',(5.82724197227748,-3.005,6.65));
#2020=CARTESIAN_POINT('',(5.82724197227748,-23.005,6.65));
#2021=CARTESIAN_POINT('Origin',(5.82724197227748,-3.005,-27.35));
#2022=CARTESIAN_POINT('Origin',(18.4227580277225,-3.005,-27.35));
#2023=CARTESIAN_POINT('',(18.4227580277225,-3.005,6.65));
#2024=CARTESIAN_POINT('Origin',(18.4227580277225,-3.005,-27.35));
#2025=CARTESIAN_POINT('',(18.4227580277225,-23.005,6.65));
#2026=CARTESIAN_POINT('',(18.4227580277225,-3.005,6.65));
#2027=CARTESIAN_POINT('Origin',(18.4227580277225,-23.005,-27.35));
#2028=CARTESIAN_POINT('Origin',(24.2322330470336,-23.005,8.65));
#2029=CARTESIAN_POINT('',(24.2322330470336,-23.005,8.65));
#2030=CARTESIAN_POINT('',(11.2411165235168,-23.005,8.65));
#2031=CARTESIAN_POINT('',(25.3465525509714,-23.005,7.65));
#2032=CARTESIAN_POINT('Ctrl Pts',(25.3466241008036,-23.005,7.64996587791582));
#2033=CARTESIAN_POINT('Ctrl Pts',(25.2153634888438,-23.005,7.7848951442528));
#2034=CARTESIAN_POINT('Ctrl Pts',(25.0720417492324,-23.005,7.92760280439718));
#2035=CARTESIAN_POINT('Ctrl Pts',(24.9400272606549,-23.005,8.05468694026214));
#2036=CARTESIAN_POINT('Ctrl Pts',(24.788444776127,-23.005,8.20060826500508));
#2037=CARTESIAN_POINT('Ctrl Pts',(24.6517700340498,-23.005,8.32593117237577));
#2038=CARTESIAN_POINT('Ctrl Pts',(24.5466184012267,-23.005,8.41785600684876));
#2039=CARTESIAN_POINT('Ctrl Pts',(24.4414667684035,-23.005,8.50978084132175));
#2040=CARTESIAN_POINT('Ctrl Pts',(24.3678382448344,-23.005,8.56830760289705));
#2041=CARTESIAN_POINT('Ctrl Pts',(24.3185060049681,-23.005,8.60336239256661));
#2042=CARTESIAN_POINT('Ctrl Pts',(24.2691737651018,-23.005,8.63841718223618));
#2043=CARTESIAN_POINT('Ctrl Pts',(24.2441378089384,-23.005,8.65));
#2044=CARTESIAN_POINT('Ctrl Pts',(24.2322330470336,-23.005,8.65));
#2045=CARTESIAN_POINT('',(25.8081066327942,-23.005,7.15));
#2046=CARTESIAN_POINT('Ctrl Pts',(25.8083609617598,-23.005,7.14977523093444));
#2047=CARTESIAN_POINT('Ctrl Pts',(25.7956061882972,-23.005,7.16467637921975));
#2048=CARTESIAN_POINT('Ctrl Pts',(25.7820744088784,-23.005,7.18031905623237));
#2049=CARTESIAN_POINT('Ctrl Pts',(25.7677280197737,-23.005,7.1967294201036));
#2050=CARTESIAN_POINT('Ctrl Pts',(25.6756969298179,-23.005,7.30200076487342));
#2051=CARTESIAN_POINT('Ctrl Pts',(25.5501435644789,-23.005,7.4388634480811));
#2052=CARTESIAN_POINT('Ctrl Pts',(25.4041217683201,-23.005,7.59055466074254));
#2053=CARTESIAN_POINT('Ctrl Pts',(25.3852716094459,-23.005,7.61013669256048));
#2054=CARTESIAN_POINT('Ctrl Pts',(25.3660803525451,-23.005,7.62996583575585));
#2055=CARTESIAN_POINT('Ctrl Pts',(25.3466241008037,-23.005,7.64996587791576));
#2056=CARTESIAN_POINT('',(26.,-23.005,6.88223304703363));
#2057=CARTESIAN_POINT('Ctrl Pts',(26.,-23.005,6.88223304703363));
#2058=CARTESIAN_POINT('Ctrl Pts',(26.,-23.005,6.89711399941458));
#2059=CARTESIAN_POINT('Ctrl Pts',(25.9815813150486,-23.005,6.93305539330756));
#2060=CARTESIAN_POINT('Ctrl Pts',(25.9224169773961,-23.005,7.01026610425293));
#2061=CARTESIAN_POINT('Ctrl Pts',(25.8942967041017,-23.005,7.04696365516256));
#2062=CARTESIAN_POINT('Ctrl Pts',(25.8569719278921,-23.005,7.09298400553511));
#2063=CARTESIAN_POINT('Ctrl Pts',(25.8083609617598,-23.005,7.14977523093444));
#2064=CARTESIAN_POINT('',(26.,-23.005,8.65));
#2065=CARTESIAN_POINT('',(1.01776695296637,-23.005,6.65));
#2066=CARTESIAN_POINT('',(-1.75,-23.005,6.4));
#2067=CARTESIAN_POINT('',(11.2411165235168,-23.005,8.65));
#2068=CARTESIAN_POINT('Origin',(0.017766952966366,-3.005,8.65));
#2069=CARTESIAN_POINT('',(-1.09655255097138,-3.005,7.65));
#2070=CARTESIAN_POINT('Ctrl Pts',(-1.09668935408204,-3.005,7.6500026048468));
#2071=CARTESIAN_POINT('Ctrl Pts',(-0.965647655455132,-3.005,7.78471454327709));
#2072=CARTESIAN_POINT('Ctrl Pts',(-0.82277664370694,-3.005,7.92687405409002));
#2073=CARTESIAN_POINT('Ctrl Pts',(-0.690262173359759,-3.005,8.05441941398553));
#2074=CARTESIAN_POINT('Ctrl Pts',(-0.614183885031078,-3.005,8.12764487109745));
#2075=CARTESIAN_POINT('Ctrl Pts',(-0.541519172898389,-3.005,8.19605341918881));
#2076=CARTESIAN_POINT('Ctrl Pts',(-0.47541306221573,-3.005,8.25697567325316));
#2077=CARTESIAN_POINT('Ctrl Pts',(-0.343200840850411,-3.005,8.37882018138185));
#2078=CARTESIAN_POINT('Ctrl Pts',(-0.237223025285209,-3.005,8.47071951340252));
#2079=CARTESIAN_POINT('Ctrl Pts',(-0.1614120052261,-3.005,8.5321034300442));
#2080=CARTESIAN_POINT('Ctrl Pts',(-0.123506495196545,-3.005,8.56279538836504));
#2081=CARTESIAN_POINT('Ctrl Pts',(-0.0931426840435132,-3.005,8.58585849284114));
#2082=CARTESIAN_POINT('Ctrl Pts',(-0.0686471151860417,-3.005,8.60323559562594));
#2083=CARTESIAN_POINT('Ctrl Pts',(-0.0196559774710986,-3.005,8.63798980119555));
#2084=CARTESIAN_POINT('Ctrl Pts',(0.00586219106160409,-3.005,8.65));
#2085=CARTESIAN_POINT('Ctrl Pts',(0.017766952966366,-3.005,8.65));
#2086=CARTESIAN_POINT('',(-1.55810663279424,-3.005,7.15));
#2087=CARTESIAN_POINT('Ctrl Pts',(-1.55850187879444,-3.005,7.1497744102607));
#2088=CARTESIAN_POINT('Ctrl Pts',(-1.54577198106393,-3.005,7.16460875681561));
#2089=CARTESIAN_POINT('Ctrl Pts',(-1.53225829511688,-3.005,7.18019617370271));
#2090=CARTESIAN_POINT('Ctrl Pts',(-1.51791927400087,-3.005,7.19657123776846));
#2091=CARTESIAN_POINT('Ctrl Pts',(-1.42593544918074,-3.005,7.30161613673721));
#2092=CARTESIAN_POINT('Ctrl Pts',(-1.29998798104027,-3.005,7.43907376794337));
#2093=CARTESIAN_POINT('Ctrl Pts',(-1.15410880624936,-3.005,7.59066185869949));
#2094=CARTESIAN_POINT('Ctrl Pts',(-1.13527705856793,-3.005,7.61023057836576));
#2095=CARTESIAN_POINT('Ctrl Pts',(-1.11611315714866,-3.005,7.63003477636006));
#2096=CARTESIAN_POINT('Ctrl Pts',(-1.09668935408209,-3.005,7.65000260484674));
#2097=CARTESIAN_POINT('',(-1.75,-3.005,6.88223304703363));
#2098=CARTESIAN_POINT('Ctrl Pts',(-1.75,-3.005,6.88223304703363));
#2099=CARTESIAN_POINT('Ctrl Pts',(-1.75,-3.005,6.90418678116853));
#2100=CARTESIAN_POINT('Ctrl Pts',(-1.70909480112916,-3.005,6.97428615058075));
#2101=CARTESIAN_POINT('Ctrl Pts',(-1.55850187879444,-3.005,7.1497744102607));
#2102=CARTESIAN_POINT('',(-1.75,-3.005,7.65));
#2103=CARTESIAN_POINT('',(23.2322330470336,-3.005,6.65));
#2104=CARTESIAN_POINT('',(26.,-3.005,7.4));
#2105=CARTESIAN_POINT('Origin',(12.125,-13.005,6.65));
#2106=CARTESIAN_POINT('Ctrl Pts',(5.65500007124616,-30.01,0.75000003562306));
#2107=CARTESIAN_POINT('Ctrl Pts',(9.96833374101979,-30.01,0.75000003562306));
#2108=CARTESIAN_POINT('Ctrl Pts',(14.2816674107934,-30.01,0.75000003562306));
#2109=CARTESIAN_POINT('Ctrl Pts',(18.595001080567,-30.01,0.75000003562306));
#2110=CARTESIAN_POINT('Ctrl Pts',(5.65500007124616,-30.01,0.739477613283975));
#2111=CARTESIAN_POINT('Ctrl Pts',(9.96833374101979,-30.01,0.739477613283975));
#2112=CARTESIAN_POINT('Ctrl Pts',(14.2816674107934,-30.01,0.739477613283975));
#2113=CARTESIAN_POINT('Ctrl Pts',(18.595001080567,-30.01,0.739477613283975));
#2114=CARTESIAN_POINT('Ctrl Pts',(5.65500007124617,-29.9891526141941,0.698812348466784));
#2115=CARTESIAN_POINT('Ctrl Pts',(9.96833374101979,-29.9891526141941,0.698812348466784));
#2116=CARTESIAN_POINT('Ctrl Pts',(14.2816674107934,-29.9891526141941,0.698812348466784));
#2117=CARTESIAN_POINT('Ctrl Pts',(18.595001080567,-29.9891526141941,0.698812348466784));
#2118=CARTESIAN_POINT('Ctrl Pts',(5.65500007124616,-29.84752212461,0.526008486824217));
#2119=CARTESIAN_POINT('Ctrl Pts',(9.96833374101979,-29.84752212461,0.526008486824217));
#2120=CARTESIAN_POINT('Ctrl Pts',(14.2816674107934,-29.84752212461,0.526008486824217));
#2121=CARTESIAN_POINT('Ctrl Pts',(18.595001080567,-29.84752212461,0.526008486824217));
#2122=CARTESIAN_POINT('Ctrl Pts',(5.65500007124616,-29.6029220610995,0.259444252418437));
#2123=CARTESIAN_POINT('Ctrl Pts',(9.96833374101978,-29.6029220610995,0.259444252418437));
#2124=CARTESIAN_POINT('Ctrl Pts',(14.2816674107934,-29.6029220610995,0.259444252418437));
#2125=CARTESIAN_POINT('Ctrl Pts',(18.595001080567,-29.6029220610995,0.259444252418437));
#2126=CARTESIAN_POINT('Ctrl Pts',(5.65500007124616,-29.2802829294695,-0.0633113251551496));
#2127=CARTESIAN_POINT('Ctrl Pts',(9.96833374101979,-29.2802829294695,-0.0633113251551496));
#2128=CARTESIAN_POINT('Ctrl Pts',(14.2816674107934,-29.2802829294695,-0.0633113251551496));
#2129=CARTESIAN_POINT('Ctrl Pts',(18.595001080567,-29.2802829294695,-0.0633113251551496));
#2130=CARTESIAN_POINT('Ctrl Pts',(5.65500007124616,-28.9799724424819,-0.342425703075319));
#2131=CARTESIAN_POINT('Ctrl Pts',(9.96833374101979,-28.9799724424819,-0.342425703075319));
#2132=CARTESIAN_POINT('Ctrl Pts',(14.2816674107934,-28.9799724424819,-0.342425703075319));
#2133=CARTESIAN_POINT('Ctrl Pts',(18.595001080567,-28.9799724424819,-0.342425703075319));
#2134=CARTESIAN_POINT('Ctrl Pts',(5.65500007124616,-28.8499037112594,-0.448007031251676));
#2135=CARTESIAN_POINT('Ctrl Pts',(9.96833374101978,-28.8499037112594,-0.448007031251676));
#2136=CARTESIAN_POINT('Ctrl Pts',(14.2816674107934,-28.8499037112594,-0.448007031251676));
#2137=CARTESIAN_POINT('Ctrl Pts',(18.595001080567,-28.8499037112594,-0.448007031251676));
#2138=CARTESIAN_POINT('Ctrl Pts',(5.65500007124616,-28.7820180487456,-0.493556202919156));
#2139=CARTESIAN_POINT('Ctrl Pts',(9.96833374101979,-28.7820180487456,-0.493556202919156));
#2140=CARTESIAN_POINT('Ctrl Pts',(14.2816674107934,-28.7820180487456,-0.493556202919156));
#2141=CARTESIAN_POINT('Ctrl Pts',(18.595001080567,-28.7820180487456,-0.493556202919156));
#2142=CARTESIAN_POINT('Ctrl Pts',(5.65500007124616,-28.7663134534034,-0.49999996437694));
#2143=CARTESIAN_POINT('Ctrl Pts',(9.96833374101978,-28.7663134534034,-0.49999996437694));
#2144=CARTESIAN_POINT('Ctrl Pts',(14.2816674107934,-28.7663134534034,-0.49999996437694));
#2145=CARTESIAN_POINT('Ctrl Pts',(18.595001080567,-28.7663134534034,-0.49999996437694));
#2146=CARTESIAN_POINT('Ctrl Pts',(5.65500007124616,-28.76,-0.49999996437694));
#2147=CARTESIAN_POINT('Ctrl Pts',(9.96833374101979,-28.76,-0.49999996437694));
#2148=CARTESIAN_POINT('Ctrl Pts',(14.2816674107934,-28.76,-0.49999996437694));
#2149=CARTESIAN_POINT('Ctrl Pts',(18.595001080567,-28.76,-0.49999996437694));
#2150=CARTESIAN_POINT('',(18.595001080567,-28.76,-0.49999996437694));
#2151=CARTESIAN_POINT('',(18.595001080567,-30.01,0.750000035623044));
#2152=CARTESIAN_POINT('Ctrl Pts',(18.595001080567,-28.76,-0.49999996437694));
#2153=CARTESIAN_POINT('Ctrl Pts',(18.595001080567,-28.7663134534034,-0.49999996437694));
#2154=CARTESIAN_POINT('Ctrl Pts',(18.595001080567,-28.77809189991,-0.495167143283602));
#2155=CARTESIAN_POINT('Ctrl Pts',(18.595001080567,-28.7980079271652,-0.482571645093398));
#2156=CARTESIAN_POINT('Ctrl Pts',(18.595001080567,-28.8046466029169,-0.478373145696663));
#2157=CARTESIAN_POINT('Ctrl Pts',(18.595001080567,-28.8121894543073,-0.473312126622498));
#2158=CARTESIAN_POINT('Ctrl Pts',(18.595001080567,-28.8208838440071,-0.467139400946318));
#2159=CARTESIAN_POINT('Ctrl Pts',(18.595001080567,-28.8643557925064,-0.436275772565414));
#2160=CARTESIAN_POINT('Ctrl Pts',(18.595001080567,-28.9366161987411,-0.377619479134104));
#2161=CARTESIAN_POINT('Ctrl Pts',(18.595001080567,-29.0419197070655,-0.282937333180653));
#2162=CARTESIAN_POINT('Ctrl Pts',(18.595001080567,-29.1051018120601,-0.226128045608582));
#2163=CARTESIAN_POINT('Ctrl Pts',(18.595001080567,-29.180179433807,-0.156349451128539));
#2164=CARTESIAN_POINT('Ctrl Pts',(18.595001080567,-29.2607919992814,-0.0787512906703038));
#2165=CARTESIAN_POINT('Ctrl Pts',(18.595001080567,-29.368275419914,0.0247129232740103));
#2166=CARTESIAN_POINT('Ctrl Pts',(18.595001080567,-29.4855987405068,0.142078587846223));
#2167=CARTESIAN_POINT('Ctrl Pts',(18.595001080567,-29.5887331396232,0.249227644569745));
#2168=CARTESIAN_POINT('Ctrl Pts',(18.595001080567,-29.6918675387397,0.356376701293266));
#2169=CARTESIAN_POINT('Ctrl Pts',(18.595001080567,-29.7808130163798,0.453309150168095));
#2170=CARTESIAN_POINT('Ctrl Pts',(18.595001080567,-29.8459097429083,0.527766649522558));
#2171=CARTESIAN_POINT('Ctrl Pts',(18.595001080567,-29.8947322878047,0.583609774038406));
#2172=CARTESIAN_POINT('Ctrl Pts',(18.595001080567,-29.9301399102007,0.626810739449048));
#2173=CARTESIAN_POINT('Ctrl Pts',(18.595001080567,-29.9552013378272,0.659529895695616));
#2174=CARTESIAN_POINT('Ctrl Pts',(18.595001080567,-29.9969703838713,0.71406182277323));
#2175=CARTESIAN_POINT('Ctrl Pts',(18.595001080567,-30.01,0.739477613283975));
#2176=CARTESIAN_POINT('Ctrl Pts',(18.595001080567,-30.01,0.75000003562306));
#2177=CARTESIAN_POINT('',(5.65500007124617,-30.01,0.75000003562306));
#2178=CARTESIAN_POINT('Ctrl Pts',(18.595001080567,-30.01,0.75000003562306));
#2179=CARTESIAN_POINT('Ctrl Pts',(14.2816674107934,-30.01,0.75000003562306));
#2180=CARTESIAN_POINT('Ctrl Pts',(9.96833374101979,-30.01,0.75000003562306));
#2181=CARTESIAN_POINT('Ctrl Pts',(5.65500007124616,-30.01,0.75000003562306));
#2182=CARTESIAN_POINT('',(5.65500007124616,-28.76,-0.49999996437694));
#2183=CARTESIAN_POINT('Ctrl Pts',(5.65500007124617,-30.01,0.75000003562306));
#2184=CARTESIAN_POINT('Ctrl Pts',(5.65500007124617,-30.01,0.739477613283975));
#2185=CARTESIAN_POINT('Ctrl Pts',(5.65500007124618,-29.9969703838713,0.71406182277323));
#2186=CARTESIAN_POINT('Ctrl Pts',(5.65500007124618,-29.9552013378272,0.659529895695616));
#2187=CARTESIAN_POINT('Ctrl Pts',(5.65500007124618,-29.9301399102007,0.626810739449048));
#2188=CARTESIAN_POINT('Ctrl Pts',(5.65500007124617,-29.8947322878047,0.583609774038406));
#2189=CARTESIAN_POINT('Ctrl Pts',(5.65500007124617,-29.8459097429083,0.527766649522558));
#2190=CARTESIAN_POINT('Ctrl Pts',(5.65500007124617,-29.7808130163798,0.453309150168095));
#2191=CARTESIAN_POINT('Ctrl Pts',(5.65500007124617,-29.6918675387397,0.356376701293266));
#2192=CARTESIAN_POINT('Ctrl Pts',(5.65500007124617,-29.5887331396232,0.249227644569745));
#2193=CARTESIAN_POINT('Ctrl Pts',(5.65500007124617,-29.4855987405068,0.142078587846224));
#2194=CARTESIAN_POINT('Ctrl Pts',(5.65500007124617,-29.368275419914,0.0247129232740102));
#2195=CARTESIAN_POINT('Ctrl Pts',(5.65500007124617,-29.2607919992814,-0.0787512906703038));
#2196=CARTESIAN_POINT('Ctrl Pts',(5.65500007124617,-29.180179433807,-0.156349451128539));
#2197=CARTESIAN_POINT('Ctrl Pts',(5.65500007124617,-29.1051018120601,-0.226128045608581));
#2198=CARTESIAN_POINT('Ctrl Pts',(5.65500007124617,-29.0419197070655,-0.282937333180652));
#2199=CARTESIAN_POINT('Ctrl Pts',(5.65500007124617,-28.9366161987411,-0.377619479134104));
#2200=CARTESIAN_POINT('Ctrl Pts',(5.65500007124617,-28.8643557925064,-0.436275772565414));
#2201=CARTESIAN_POINT('Ctrl Pts',(5.65500007124617,-28.8208838440071,-0.467139400946318));
#2202=CARTESIAN_POINT('Ctrl Pts',(5.65500007124617,-28.8121894543073,-0.473312126622498));
#2203=CARTESIAN_POINT('Ctrl Pts',(5.65500007124617,-28.8046466029169,-0.478373145696663));
#2204=CARTESIAN_POINT('Ctrl Pts',(5.65500007124617,-28.7980079271652,-0.482571645093398));
#2205=CARTESIAN_POINT('Ctrl Pts',(5.65500007124617,-28.77809189991,-0.495167143283602));
#2206=CARTESIAN_POINT('Ctrl Pts',(5.65500007124617,-28.7663134534034,-0.49999996437694));
#2207=CARTESIAN_POINT('Ctrl Pts',(5.65500007124617,-28.76,-0.49999996437694));
#2208=CARTESIAN_POINT('Ctrl Pts',(5.65500007124616,-28.76,-0.49999996437694));
#2209=CARTESIAN_POINT('Ctrl Pts',(9.96833374101979,-28.76,-0.49999996437694));
#2210=CARTESIAN_POINT('Ctrl Pts',(14.2816674107934,-28.76,-0.49999996437694));
#2211=CARTESIAN_POINT('Ctrl Pts',(18.595001080567,-28.76,-0.49999996437694));
#2212=CARTESIAN_POINT('Origin',(18.595001080567,-30.01,0.750000035623044));
#2213=CARTESIAN_POINT('',(18.595001080567,-27.51,-0.49999996437694));
#2214=CARTESIAN_POINT('',(18.595001080567,-28.76,-0.49999996437694));
#2215=CARTESIAN_POINT('',(18.595001080567,-27.51,0.750000035623044));
#2216=CARTESIAN_POINT('',(18.595001080567,-27.51,-3.70999996437702));
#2217=CARTESIAN_POINT('',(18.595001080567,-30.01,0.750000035623044));
#2218=CARTESIAN_POINT('Origin',(18.595001080567,-27.51,-0.49999996437694));
#2219=CARTESIAN_POINT('',(5.65500007124617,-27.51,-0.49999996437694));
#2220=CARTESIAN_POINT('',(5.65500007124616,-28.76,-0.49999996437694));
#2221=CARTESIAN_POINT('',(15.3600005402835,-27.51,-0.49999996437694));
#2222=CARTESIAN_POINT('Origin',(5.65500007124614,-30.01,-3.70999996437694));
#2223=CARTESIAN_POINT('',(5.65500007124617,-27.51,0.75000003562306));
#2224=CARTESIAN_POINT('',(5.65500007124617,-30.01,0.75000003562306));
#2225=CARTESIAN_POINT('',(5.65500007124617,-27.51,0.75000003562306));
#2226=CARTESIAN_POINT('Origin',(12.125,-30.01,4.69999998323619));
#2227=CARTESIAN_POINT('',(22.750001080567,-30.01,0.750000035623019));
#2228=CARTESIAN_POINT('',(1.50000007124617,-30.01,0.750000035623086));
#2229=CARTESIAN_POINT('',(22.75,-30.01,0.));
#2230=CARTESIAN_POINT('',(22.75,-30.01,0.));
#2231=CARTESIAN_POINT('',(23.5,-30.01,0.));
#2232=CARTESIAN_POINT('',(24.25,-30.01,0.));
#2233=CARTESIAN_POINT('',(23.5,-30.01,1.49999996647239));
#2234=CARTESIAN_POINT('Ctrl Pts',(23.5,-30.01,1.49999996647239));
#2235=CARTESIAN_POINT('Ctrl Pts',(23.5,-30.01,0.999999977648257));
#2236=CARTESIAN_POINT('Ctrl Pts',(23.5,-30.01,0.499999988824128));
#2237=CARTESIAN_POINT('Ctrl Pts',(23.5,-30.01,-1.11022302462516E-15));
#2238=CARTESIAN_POINT('',(23.5,-30.01,5.65));
#2239=CARTESIAN_POINT('',(23.5,-30.01,5.65));
#2240=CARTESIAN_POINT('',(23.5,-30.01,6.65));
#2241=CARTESIAN_POINT('Ctrl Pts',(23.5,-30.01,6.65));
#2242=CARTESIAN_POINT('Ctrl Pts',(23.5,-30.01,6.31666666666667));
#2243=CARTESIAN_POINT('Ctrl Pts',(23.5,-30.01,5.98333333333333));
#2244=CARTESIAN_POINT('Ctrl Pts',(23.5,-30.01,5.65));
#2245=CARTESIAN_POINT('',(0.749999999999997,-30.01,6.65));
#2246=CARTESIAN_POINT('Ctrl Pts',(0.750000000000006,-30.01,6.65));
#2247=CARTESIAN_POINT('Ctrl Pts',(8.33333333333334,-30.01,6.65));
#2248=CARTESIAN_POINT('Ctrl Pts',(15.9166666666667,-30.01,6.65));
#2249=CARTESIAN_POINT('Ctrl Pts',(23.5,-30.01,6.65));
#2250=CARTESIAN_POINT('',(0.75,-30.01,5.65));
#2251=CARTESIAN_POINT('Ctrl Pts',(0.749999999999997,-30.01,5.65));
#2252=CARTESIAN_POINT('Ctrl Pts',(0.749999999999997,-30.01,5.98333333333333));
#2253=CARTESIAN_POINT('Ctrl Pts',(0.749999999999997,-30.01,6.31666666666667));
#2254=CARTESIAN_POINT('Ctrl Pts',(0.749999999999997,-30.01,6.65));
#2255=CARTESIAN_POINT('',(0.75,-30.01,1.49999996647239));
#2256=CARTESIAN_POINT('',(0.75,-30.01,5.65));
#2257=CARTESIAN_POINT('',(0.749999999999997,-30.01,0.));
#2258=CARTESIAN_POINT('Ctrl Pts',(0.749999999999997,-30.01,-1.66533453693773E-15));
#2259=CARTESIAN_POINT('Ctrl Pts',(0.749999999999997,-30.01,0.499999988824128));
#2260=CARTESIAN_POINT('Ctrl Pts',(0.749999999999997,-30.01,0.999999977648258));
#2261=CARTESIAN_POINT('Ctrl Pts',(0.749999999999997,-30.01,1.49999996647239));
#2262=CARTESIAN_POINT('',(1.5,-30.01,0.));
#2263=CARTESIAN_POINT('',(1.5,-30.01,0.));
#2264=CARTESIAN_POINT('',(1.50000007124617,-30.01,0.750000035623086));
#2265=CARTESIAN_POINT('',(1.5,-30.01,1.5));
#2266=CARTESIAN_POINT('',(1.50000007124617,-30.01,0.750000035623086));
#2267=CARTESIAN_POINT('Origin',(5.65500007124617,-30.01,0.750000035623073));
#2268=CARTESIAN_POINT('',(1.50000007124617,-27.51,0.750000035623086));
#2269=CARTESIAN_POINT('',(1.5,-15.005,0.750000035623086));
#2270=CARTESIAN_POINT('',(1.50000007124617,-27.51,0.750000035623086));
#2271=CARTESIAN_POINT('Origin',(22.750001080567,-30.01,0.750000035623019));
#2272=CARTESIAN_POINT('',(22.750001080567,-27.51,0.75000003562302));
#2273=CARTESIAN_POINT('',(1.50000007124617,-27.51,0.750000035623086));
#2274=CARTESIAN_POINT('',(22.75,-15.005,0.750000035623019));
#2275=CARTESIAN_POINT('Origin',(12.125,-27.51,0.97000001781149));
#2276=CARTESIAN_POINT('',(1.50000007124618,-27.51,1.50000007124617));
#2277=CARTESIAN_POINT('',(1.5,-27.51,1.23500000890574));
#2278=CARTESIAN_POINT('',(0.749999999999975,-27.51,1.50000007124618));
#2279=CARTESIAN_POINT('',(6.06249999999999,-27.51,1.5));
#2280=CARTESIAN_POINT('',(0.75,-27.51,5.65));
#2281=CARTESIAN_POINT('',(0.75,-27.51,1.23499999214194));
#2282=CARTESIAN_POINT('',(23.5,-27.51,5.65));
#2283=CARTESIAN_POINT('',(8.89,-27.51,5.65));
#2284=CARTESIAN_POINT('',(23.4999994747341,-27.51,1.50000007124617));
#2285=CARTESIAN_POINT('',(23.5,-27.51,3.31000000890575));
#2286=CARTESIAN_POINT('',(22.750001080567,-27.51,1.50000007124617));
#2287=CARTESIAN_POINT('',(17.4375,-27.51,1.5));
#2288=CARTESIAN_POINT('',(22.75,-27.51,0.485000008905745));
#2289=CARTESIAN_POINT('Origin',(-1.75,1.5,6.65));
#2290=CARTESIAN_POINT('',(-1.75,1.5,6.88223304703363));
#2291=CARTESIAN_POINT('Ctrl Pts',(-1.75,1.50000000000016,6.88223304703363));
#2292=CARTESIAN_POINT('Ctrl Pts',(-1.75,-0.00175346152329159,6.88223304703363));
#2293=CARTESIAN_POINT('Ctrl Pts',(-1.75,-1.50327436492378,6.88223304703363));
#2294=CARTESIAN_POINT('Ctrl Pts',(-1.75,-3.005,6.88223304703363));
#2295=CARTESIAN_POINT('',(-1.75,1.5,6.65));
#2296=CARTESIAN_POINT('Ctrl Pts',(-1.75,1.5,6.65));
#2297=CARTESIAN_POINT('Ctrl Pts',(-1.75,1.5,6.72741101567788));
#2298=CARTESIAN_POINT('Ctrl Pts',(-1.75,1.5,6.80482203135575));
#2299=CARTESIAN_POINT('Ctrl Pts',(-1.75,1.5,6.88223304703363));
#2300=CARTESIAN_POINT('',(-1.75,0.,6.65));
#2301=CARTESIAN_POINT('',(-1.75,1.5,6.65));
#2302=CARTESIAN_POINT('',(-1.75,0.,0.749999966472387));
#2303=CARTESIAN_POINT('',(-1.75,0.,0.749999966472387));
#2304=CARTESIAN_POINT('',(-1.75,-27.51,0.749999966472388));
#2305=CARTESIAN_POINT('',(-1.75,0.,0.749999966472387));
#2306=CARTESIAN_POINT('Ctrl Pts',(-1.75,-27.51,6.88223304703363));
#2307=CARTESIAN_POINT('Ctrl Pts',(-1.75,-27.51,4.83815535351322));
#2308=CARTESIAN_POINT('Ctrl Pts',(-1.75,-27.51,2.7940776599928));
#2309=CARTESIAN_POINT('Ctrl Pts',(-1.75,-27.51,0.749999966472389));
#2310=CARTESIAN_POINT('Origin',(26.,1.5,8.65));
#2311=CARTESIAN_POINT('',(26.,-27.51,6.88223304703363));
#2312=CARTESIAN_POINT('Ctrl Pts',(26.,-27.5100000000002,6.88223304703363));
#2313=CARTESIAN_POINT('Ctrl Pts',(26.,-26.0082465384532,6.88223304703363));
#2314=CARTESIAN_POINT('Ctrl Pts',(26.,-24.5067256350921,6.88223304703363));
#2315=CARTESIAN_POINT('Ctrl Pts',(26.,-23.005,6.88223304703363));
#2316=CARTESIAN_POINT('',(26.,-27.51,0.749999966472388));
#2317=CARTESIAN_POINT('Ctrl Pts',(26.,-27.51,0.749999966472387));
#2318=CARTESIAN_POINT('Ctrl Pts',(26.,-27.51,2.7940776599928));
#2319=CARTESIAN_POINT('Ctrl Pts',(26.,-27.51,4.83815535351322));
#2320=CARTESIAN_POINT('Ctrl Pts',(26.,-27.51,6.88223304703363));
#2321=CARTESIAN_POINT('',(26.,0.,0.749999966472387));
#2322=CARTESIAN_POINT('',(26.,0.,0.749999966472387));
#2323=CARTESIAN_POINT('',(26.,0.,6.65));
#2324=CARTESIAN_POINT('',(26.,0.,0.749999966472387));
#2325=CARTESIAN_POINT('',(26.,1.5,6.65));
#2326=CARTESIAN_POINT('',(26.,1.5,6.65));
#2327=CARTESIAN_POINT('Ctrl Pts',(26.,1.5,6.88223304703363));
#2328=CARTESIAN_POINT('Ctrl Pts',(26.,1.5,6.80482203135575));
#2329=CARTESIAN_POINT('Ctrl Pts',(26.,1.5,6.72741101567787));
#2330=CARTESIAN_POINT('Ctrl Pts',(26.,1.5,6.65));
#2331=CARTESIAN_POINT('Origin',(-1.75,1.5,8.65));
#2332=CARTESIAN_POINT('',(24.2322330470336,-28.01,8.65));
#2333=CARTESIAN_POINT('Ctrl Pts',(24.2322330470336,-28.01,8.65));
#2334=CARTESIAN_POINT('Ctrl Pts',(16.1607443490112,-28.01,8.65));
#2335=CARTESIAN_POINT('Ctrl Pts',(8.08925565098879,-28.01,8.65));
#2336=CARTESIAN_POINT('Ctrl Pts',(0.0177669529663669,-28.01,8.65));
#2337=CARTESIAN_POINT('Ctrl Pts',(24.2322330470336,-23.005,8.65));
#2338=CARTESIAN_POINT('Ctrl Pts',(24.2322330470336,-24.6733861500755,8.65));
#2339=CARTESIAN_POINT('Ctrl Pts',(24.2322330470336,-26.3415196048758,8.65));
#2340=CARTESIAN_POINT('Ctrl Pts',(24.2322330470336,-28.01,8.65));
#2341=CARTESIAN_POINT('Ctrl Pts',(-0.6927228022647,4.,6.65));
#2342=CARTESIAN_POINT('Ctrl Pts',(7.85242573257844,4.,6.65));
#2343=CARTESIAN_POINT('Ctrl Pts',(16.3975742674216,4.,6.65));
#2344=CARTESIAN_POINT('Ctrl Pts',(24.9427228022647,4.,6.65));
#2345=CARTESIAN_POINT('Ctrl Pts',(-0.6927228022647,4.,6.66683587574254));
#2346=CARTESIAN_POINT('Ctrl Pts',(7.85242573257845,4.,6.66683587574254));
#2347=CARTESIAN_POINT('Ctrl Pts',(16.3975742674216,4.,6.66683587574254));
#2348=CARTESIAN_POINT('Ctrl Pts',(24.9427228022647,4.,6.66683587574254));
#2349=CARTESIAN_POINT('Ctrl Pts',(-0.6927228022647,3.96667687103127,6.73186693365445));
#2350=CARTESIAN_POINT('Ctrl Pts',(7.85242573257842,3.96667687103127,6.73186693365445));
#2351=CARTESIAN_POINT('Ctrl Pts',(16.3975742674216,3.96667687103127,6.73186693365445));
#2352=CARTESIAN_POINT('Ctrl Pts',(24.9427228022647,3.96667687103127,6.73186693365445));
#2353=CARTESIAN_POINT('Ctrl Pts',(-0.6927228022647,3.7396494905454,7.0087499605068));
#2354=CARTESIAN_POINT('Ctrl Pts',(7.85242573257845,3.7396494905454,7.0087499605068));
#2355=CARTESIAN_POINT('Ctrl Pts',(16.3975742674216,3.7396494905454,7.0087499605068));
#2356=CARTESIAN_POINT('Ctrl Pts',(24.9427228022647,3.7396494905454,7.0087499605068));
#2357=CARTESIAN_POINT('Ctrl Pts',(-0.6927228022647,3.34903533097716,7.43454595607349));
#2358=CARTESIAN_POINT('Ctrl Pts',(7.85242573257842,3.34903533097716,7.43454595607349));
#2359=CARTESIAN_POINT('Ctrl Pts',(16.3975742674216,3.34903533097716,7.43454595607349));
#2360=CARTESIAN_POINT('Ctrl Pts',(24.9427228022647,3.34903533097716,7.43454595607349));
#2361=CARTESIAN_POINT('Ctrl Pts',(-0.6927228022647,2.78394517852237,7.99973671669214));
#2362=CARTESIAN_POINT('Ctrl Pts',(7.85242573257845,2.78394517852237,7.99973671669214));
#2363=CARTESIAN_POINT('Ctrl Pts',(16.3975742674216,2.78394517852237,7.99973671669214));
#2364=CARTESIAN_POINT('Ctrl Pts',(24.9427228022647,2.78394517852237,7.99973671669214));
#2365=CARTESIAN_POINT('Ctrl Pts',(-0.6927228022647,2.32004790981737,8.42510382792164));
#2366=CARTESIAN_POINT('Ctrl Pts',(7.85242573257842,2.32004790981737,8.42510382792164));
#2367=CARTESIAN_POINT('Ctrl Pts',(16.3975742674216,2.32004790981737,8.42510382792164));
#2368=CARTESIAN_POINT('Ctrl Pts',(24.9427228022647,2.32004790981737,8.42510382792164));
#2369=CARTESIAN_POINT('Ctrl Pts',(-0.6927228022647,2.0701408318732,8.62375943628339));
#2370=CARTESIAN_POINT('Ctrl Pts',(7.85242573257845,2.0701408318732,8.62375943628339));
#2371=CARTESIAN_POINT('Ctrl Pts',(16.3975742674216,2.0701408318732,8.62375943628339));
#2372=CARTESIAN_POINT('Ctrl Pts',(24.9427228022647,2.0701408318732,8.62375943628339));
#2373=CARTESIAN_POINT('Ctrl Pts',(-0.6927228022647,2.01346870059403,8.65));
#2374=CARTESIAN_POINT('Ctrl Pts',(7.85242573257843,2.01346870059403,8.65));
#2375=CARTESIAN_POINT('Ctrl Pts',(16.3975742674216,2.01346870059403,8.65));
#2376=CARTESIAN_POINT('Ctrl Pts',(24.9427228022647,2.01346870059403,8.65));
#2377=CARTESIAN_POINT('Ctrl Pts',(-0.6927228022647,2.,8.65));
#2378=CARTESIAN_POINT('Ctrl Pts',(7.85242573257844,2.,8.65));
#2379=CARTESIAN_POINT('Ctrl Pts',(16.3975742674216,2.,8.65));
#2380=CARTESIAN_POINT('Ctrl Pts',(24.9427228022647,2.,8.65));
#2381=CARTESIAN_POINT('',(23.5,4.,6.65));
#2382=CARTESIAN_POINT('Ctrl Pts',(24.9427228022647,2.72168711615055,8.05196379459262));
#2383=CARTESIAN_POINT('Ctrl Pts',(24.9083896450883,2.75645396496448,8.0189304630522));
#2384=CARTESIAN_POINT('Ctrl Pts',(24.8730236746596,2.79206055581117,7.98481392055191));
#2385=CARTESIAN_POINT('Ctrl Pts',(24.4958084974714,3.16945229485962,7.62014276774274));
#2386=CARTESIAN_POINT('Ctrl Pts',(24.134938589701,3.5103545111667,7.26574062851822));
#2387=CARTESIAN_POINT('Ctrl Pts',(23.7879840844169,3.8059111155363,6.92701945937622));
#2388=CARTESIAN_POINT('Ctrl Pts',(23.6841568438438,3.89166244947165,6.82572080962505));
#2389=CARTESIAN_POINT('Ctrl Pts',(23.58335409291,3.96073823513449,6.72858306626292));
#2390=CARTESIAN_POINT('Ctrl Pts',(23.5581336967865,3.97708496106147,6.70436025247286));
#2391=CARTESIAN_POINT('Ctrl Pts',(23.5231142130071,3.99460509629027,6.67123562124816));
#2392=CARTESIAN_POINT('Ctrl Pts',(23.5100152204077,3.99973366199317,6.65898570949107));
#2393=CARTESIAN_POINT('Ctrl Pts',(23.5004792491074,3.99999655462816,6.65042901357456));
#2394=CARTESIAN_POINT('Ctrl Pts',(23.5002396301408,4.,6.65021433171369));
#2395=CARTESIAN_POINT('Ctrl Pts',(23.5,4.,6.65));
#2396=CARTESIAN_POINT('',(0.749999999999997,4.,6.65));
#2397=CARTESIAN_POINT('',(26.,4.,6.65));
#2398=CARTESIAN_POINT('',(-0.692722802264698,2.72168711615055,8.05196379459262));
#2399=CARTESIAN_POINT('Ctrl Pts',(0.749999999999997,4.,6.65));
#2400=CARTESIAN_POINT('Ctrl Pts',(0.749760369859147,4.,6.65021433171376));
#2401=CARTESIAN_POINT('Ctrl Pts',(0.749520750892825,3.99999655462817,6.65042901357439));
#2402=CARTESIAN_POINT('Ctrl Pts',(0.739984779596797,3.99973366199334,6.65898570948705));
#2403=CARTESIAN_POINT('Ctrl Pts',(0.726885787002989,3.9946050962953,6.67123562123863));
#2404=CARTESIAN_POINT('Ctrl Pts',(0.691866303213807,3.97708496106163,6.70436025247261));
#2405=CARTESIAN_POINT('Ctrl Pts',(0.666645907090289,3.96073823513469,6.72858306626263));
#2406=CARTESIAN_POINT('Ctrl Pts',(0.56584315615663,3.89166244947197,6.82572080962465));
#2407=CARTESIAN_POINT('Ctrl Pts',(0.462015915583543,3.80591111553671,6.92701945937574));
#2408=CARTESIAN_POINT('Ctrl Pts',(0.115061410299297,3.51035451116696,7.26574062851797));
#2409=CARTESIAN_POINT('Ctrl Pts',(-0.245808497471451,3.16945229485958,7.62014276774279));
#2410=CARTESIAN_POINT('Ctrl Pts',(-0.623023674659639,2.79206055581117,7.98481392055191));
#2411=CARTESIAN_POINT('Ctrl Pts',(-0.658389645088257,2.75645396496448,8.0189304630522));
#2412=CARTESIAN_POINT('Ctrl Pts',(-0.692722802264698,2.72168711615055,8.05196379459262));
#2413=CARTESIAN_POINT('Ctrl Pts',(-0.692722802264699,2.72168711615055,8.05196379459262));
#2414=CARTESIAN_POINT('Ctrl Pts',(-0.58017943241707,2.60765927494875,8.16030606925248));
#2415=CARTESIAN_POINT('Ctrl Pts',(-0.470257851291997,2.49640884424315,8.26296801457514));
#2416=CARTESIAN_POINT('Ctrl Pts',(-0.285542700639167,2.30934353280704,8.42847777237935));
#2417=CARTESIAN_POINT('Ctrl Pts',(-0.173209231805437,2.19558778421759,8.52621561322872));
#2418=CARTESIAN_POINT('Ctrl Pts',(-0.0662858001296632,2.08664252957225,
8.60524038941462));
#2419=CARTESIAN_POINT('Ctrl Pts',(-0.0396781524960808,2.05948857921502,
8.62400772467795));
#2420=CARTESIAN_POINT('Ctrl Pts',(-0.0044032556522773,2.02318986613841,
8.64375432206316));
#2421=CARTESIAN_POINT('Ctrl Pts',(0.00867418371220928,2.00965353687054,
8.64971314061855));
#2422=CARTESIAN_POINT('Ctrl Pts',(0.0173631242184806,2.00042931852162,8.64999654533767));
#2423=CARTESIAN_POINT('Ctrl Pts',(0.0175651772120059,2.0002146206333,8.65));
#2424=CARTESIAN_POINT('Ctrl Pts',(0.0177669529663649,2.,8.65));
#2425=CARTESIAN_POINT('Ctrl Pts',(26.,-23.005,6.88223304703363));
#2426=CARTESIAN_POINT('Ctrl Pts',(26.,-24.9139271235085,6.88223304703363));
#2427=CARTESIAN_POINT('Ctrl Pts',(26.,-26.8225234339413,6.88223304703363));
#2428=CARTESIAN_POINT('Ctrl Pts',(26.,-28.7316871161505,6.88223304703363));
#2429=CARTESIAN_POINT('Ctrl Pts',(26.,-23.005,6.89711399941458));
#2430=CARTESIAN_POINT('Ctrl Pts',(26.,-24.9139271235085,6.89711399941458));
#2431=CARTESIAN_POINT('Ctrl Pts',(26.,-26.8225234339413,6.89711399941458));
#2432=CARTESIAN_POINT('Ctrl Pts',(26.,-28.7316871161505,6.89711399941458));
#2433=CARTESIAN_POINT('Ctrl Pts',(25.9705301040778,-23.005,6.95462022964335));
#2434=CARTESIAN_POINT('Ctrl Pts',(25.9705301040778,-24.9139271235085,6.95462022964335));
#2435=CARTESIAN_POINT('Ctrl Pts',(25.9705301040778,-26.8225234339413,6.95462022964335));
#2436=CARTESIAN_POINT('Ctrl Pts',(25.9705301040778,-28.7316871161506,6.95462022964335));
#2437=CARTESIAN_POINT('Ctrl Pts',(25.7698619538221,-23.005,7.19935375246766));
#2438=CARTESIAN_POINT('Ctrl Pts',(25.7698619538221,-24.9139271235085,7.19935375246766));
#2439=CARTESIAN_POINT('Ctrl Pts',(25.7698619538221,-26.8225234339413,7.19935375246766));
#2440=CARTESIAN_POINT('Ctrl Pts',(25.7698619538221,-28.7316871161506,7.19935375246766));
#2441=CARTESIAN_POINT('Ctrl Pts',(25.4245901991399,-23.005,7.57572613128877));
#2442=CARTESIAN_POINT('Ctrl Pts',(25.4245901991399,-24.9139271235085,7.57572613128877));
#2443=CARTESIAN_POINT('Ctrl Pts',(25.4245901991399,-26.8225234339413,7.57572613128877));
#2444=CARTESIAN_POINT('Ctrl Pts',(25.4245901991399,-28.7316871161506,7.57572613128877));
#2445=CARTESIAN_POINT('Ctrl Pts',(24.9251195182042,-23.005,8.0752853576344));
#2446=CARTESIAN_POINT('Ctrl Pts',(24.9251195182042,-24.9139271235086,8.0752853576344));
#2447=CARTESIAN_POINT('Ctrl Pts',(24.9251195182042,-26.8225234339413,8.0752853576344));
#2448=CARTESIAN_POINT('Ctrl Pts',(24.9251195182042,-28.7316871161506,8.0752853576344));
#2449=CARTESIAN_POINT('Ctrl Pts',(24.5150952919726,-23.005,8.45125407974645));
#2450=CARTESIAN_POINT('Ctrl Pts',(24.5150952919726,-24.9139271235085,8.45125407974645));
#2451=CARTESIAN_POINT('Ctrl Pts',(24.5150952919726,-26.8225234339413,8.45125407974645));
#2452=CARTESIAN_POINT('Ctrl Pts',(24.5150952919726,-28.7316871161506,8.45125407974645));
#2453=CARTESIAN_POINT('Ctrl Pts',(24.2942097212652,-23.005,8.62683436447235));
#2454=CARTESIAN_POINT('Ctrl Pts',(24.2942097212652,-24.9139271235085,8.62683436447235));
#2455=CARTESIAN_POINT('Ctrl Pts',(24.2942097212652,-26.8225234339413,8.62683436447235));
#2456=CARTESIAN_POINT('Ctrl Pts',(24.2942097212652,-28.7316871161506,8.62683436447235));
#2457=CARTESIAN_POINT('Ctrl Pts',(24.2441378089384,-23.005,8.65));
#2458=CARTESIAN_POINT('Ctrl Pts',(24.2441378089384,-24.9139271235085,8.65));
#2459=CARTESIAN_POINT('Ctrl Pts',(24.2441378089384,-26.8225234339413,8.65));
#2460=CARTESIAN_POINT('Ctrl Pts',(24.2441378089384,-28.7316871161505,8.65));
#2461=CARTESIAN_POINT('Ctrl Pts',(24.2322330470336,-23.005,8.65));
#2462=CARTESIAN_POINT('Ctrl Pts',(24.2322330470336,-24.9139271235085,8.65));
#2463=CARTESIAN_POINT('Ctrl Pts',(24.2322330470336,-26.8225234339413,8.65));
#2464=CARTESIAN_POINT('Ctrl Pts',(24.2322330470336,-28.7316871161505,8.65));
#2465=CARTESIAN_POINT('',(24.9427228022647,-28.7316871161505,8.05196379459262));
#2466=CARTESIAN_POINT('Ctrl Pts',(24.9427228022647,-28.7316871161505,8.05196379459262));
#2467=CARTESIAN_POINT('Ctrl Pts',(24.830179432417,-28.6176592749487,8.16030606925253));
#2468=CARTESIAN_POINT('Ctrl Pts',(24.7202578512919,-28.506408844243,8.26296801457524));
#2469=CARTESIAN_POINT('Ctrl Pts',(24.535542700639,-28.3193435328068,8.42847777237951));
#2470=CARTESIAN_POINT('Ctrl Pts',(24.4232092318053,-28.2055877842174,8.52621561322883));
#2471=CARTESIAN_POINT('Ctrl Pts',(24.3162858001297,-28.0966425295723,8.6052403894146));
#2472=CARTESIAN_POINT('Ctrl Pts',(24.289678152496,-28.0694885792149,8.624007724678));
#2473=CARTESIAN_POINT('Ctrl Pts',(24.2544032556003,-28.0331898660849,8.64375432209225));
#2474=CARTESIAN_POINT('Ctrl Pts',(24.2413258162683,-28.0196535368491,8.64971314061922));
#2475=CARTESIAN_POINT('Ctrl Pts',(24.2326368757813,-28.0104293185215,8.64999654533768));
#2476=CARTESIAN_POINT('Ctrl Pts',(24.2324348227881,-28.0102146206334,8.65));
#2477=CARTESIAN_POINT('Ctrl Pts',(24.2322330470336,-28.01,8.65));
#2478=CARTESIAN_POINT('Ctrl Pts',(24.9427228022647,-28.7316871161505,8.05196379459261));
#2479=CARTESIAN_POINT('Ctrl Pts',(25.1662018821953,-28.5053850797518,7.83682689322422));
#2480=CARTESIAN_POINT('Ctrl Pts',(25.4053529271803,-28.2543863169286,7.59409392194374));
#2481=CARTESIAN_POINT('Ctrl Pts',(25.707464462191,-27.9149397780052,7.26633409076221));
#2482=CARTESIAN_POINT('Ctrl Pts',(25.83700634641,-27.7651037461662,7.12150585955653));
#2483=CARTESIAN_POINT('Ctrl Pts',(25.9415801774553,-27.6218759267663,6.9852987026132));
#2484=CARTESIAN_POINT('Ctrl Pts',(25.9664465354405,-27.5861882213236,6.95149903434472));
#2485=CARTESIAN_POINT('Ctrl Pts',(25.9903066907264,-27.5425125168441,6.91108755198445));
#2486=CARTESIAN_POINT('Ctrl Pts',(25.9996416485413,-27.5233510616379,6.89351632506578));
#2487=CARTESIAN_POINT('Ctrl Pts',(25.9999965511874,-27.5104794077249,6.88263672253926));
#2488=CARTESIAN_POINT('Ctrl Pts',(26.,-27.5102397496479,6.88243465165312));
#2489=CARTESIAN_POINT('Ctrl Pts',(26.,-27.51,6.88223304703363));
#2490=CARTESIAN_POINT('Ctrl Pts',(-1.75,-3.005,6.88223304703363));
#2491=CARTESIAN_POINT('Ctrl Pts',(-1.75,-1.09607287649995,6.88223304703363));
#2492=CARTESIAN_POINT('Ctrl Pts',(-1.75,0.812523434013705,6.88223304703363));
#2493=CARTESIAN_POINT('Ctrl Pts',(-1.75,2.72168711615055,6.88223304703363));
#2494=CARTESIAN_POINT('Ctrl Pts',(-1.75,-3.005,6.90604257084316));
#2495=CARTESIAN_POINT('Ctrl Pts',(-1.75,-1.09607287649995,6.90604257084316));
#2496=CARTESIAN_POINT('Ctrl Pts',(-1.75,0.812523434013706,6.90604257084316));
#2497=CARTESIAN_POINT('Ctrl Pts',(-1.75,2.72168711615055,6.90604257084316));
#2498=CARTESIAN_POINT('Ctrl Pts',(-1.67783038546169,-3.00500000000001,7.02670087432488));
#2499=CARTESIAN_POINT('Ctrl Pts',(-1.67783038546169,-1.09607287649995,7.02670087432488));
#2500=CARTESIAN_POINT('Ctrl Pts',(-1.67783038546169,0.812523434013708,7.02670087432488));
#2501=CARTESIAN_POINT('Ctrl Pts',(-1.67783038546169,2.72168711615055,7.02670087432488));
#2502=CARTESIAN_POINT('Ctrl Pts',(-1.17404051289979,-3.005,7.57653139914954));
#2503=CARTESIAN_POINT('Ctrl Pts',(-1.17404051289979,-1.09607287649994,7.57653139914954));
#2504=CARTESIAN_POINT('Ctrl Pts',(-1.17404051289979,0.812523434013702,7.57653139914954));
#2505=CARTESIAN_POINT('Ctrl Pts',(-1.17404051289979,2.72168711615055,7.57653139914954));
#2506=CARTESIAN_POINT('Ctrl Pts',(-0.759513309296455,-3.00500000000001,
7.99082777491473));
#2507=CARTESIAN_POINT('Ctrl Pts',(-0.759513309296455,-1.09607287649995,
7.99082777491473));
#2508=CARTESIAN_POINT('Ctrl Pts',(-0.759513309296455,0.812523434013709,
7.99082777491473));
#2509=CARTESIAN_POINT('Ctrl Pts',(-0.759513309296455,2.72168711615055,7.99082777491473));
#2510=CARTESIAN_POINT('Ctrl Pts',(-0.396189748633012,-3.005,8.33287051537152));
#2511=CARTESIAN_POINT('Ctrl Pts',(-0.396189748633012,-1.09607287649995,
8.33287051537152));
#2512=CARTESIAN_POINT('Ctrl Pts',(-0.396189748633012,0.812523434013702,
8.33287051537152));
#2513=CARTESIAN_POINT('Ctrl Pts',(-0.396189748633012,2.72168711615055,8.33287051537152));
#2514=CARTESIAN_POINT('Ctrl Pts',(-0.184234117502608,-3.005,8.51666917941285));
#2515=CARTESIAN_POINT('Ctrl Pts',(-0.184234117502608,-1.09607287649994,
8.51666917941285));
#2516=CARTESIAN_POINT('Ctrl Pts',(-0.184234117502608,0.812523434013707,
8.51666917941285));
#2517=CARTESIAN_POINT('Ctrl Pts',(-0.184234117502608,2.72168711615055,8.51666917941285));
#2518=CARTESIAN_POINT('Ctrl Pts',(-0.03241506173745,-3.005,8.63198470179333));
#2519=CARTESIAN_POINT('Ctrl Pts',(-0.03241506173745,-1.09607287649995,8.63198470179333));
#2520=CARTESIAN_POINT('Ctrl Pts',(-0.03241506173745,0.812523434013705,8.63198470179333));
#2521=CARTESIAN_POINT('Ctrl Pts',(-0.03241506173745,2.72168711615055,8.63198470179333));
#2522=CARTESIAN_POINT('Ctrl Pts',(0.00586219106160408,-3.005,8.65));
#2523=CARTESIAN_POINT('Ctrl Pts',(0.00586219106160408,-1.09607287649994,
8.65));
#2524=CARTESIAN_POINT('Ctrl Pts',(0.00586219106160408,0.812523434013706,
8.65));
#2525=CARTESIAN_POINT('Ctrl Pts',(0.00586219106160408,2.72168711615055,
8.65));
#2526=CARTESIAN_POINT('Ctrl Pts',(0.017766952966366,-3.005,8.65));
#2527=CARTESIAN_POINT('Ctrl Pts',(0.017766952966366,-1.09607287649995,8.65));
#2528=CARTESIAN_POINT('Ctrl Pts',(0.017766952966366,0.812523434013705,8.65));
#2529=CARTESIAN_POINT('Ctrl Pts',(0.017766952966366,2.72168711615055,8.65));
#2530=CARTESIAN_POINT('Ctrl Pts',(-0.692722802264698,2.72168711615055,8.05196379459262));
#2531=CARTESIAN_POINT('Ctrl Pts',(-0.916201882195749,2.49538507975141,7.83682689322381));
#2532=CARTESIAN_POINT('Ctrl Pts',(-1.15535292718123,2.24438631692765,7.59409392194279));
#2533=CARTESIAN_POINT('Ctrl Pts',(-1.45746446219222,1.90493977800377,7.2663340907608));
#2534=CARTESIAN_POINT('Ctrl Pts',(-1.58700634641103,1.75510374616494,7.12150585955534));
#2535=CARTESIAN_POINT('Ctrl Pts',(-1.69158017745564,1.61187592676568,6.98529870261268));
#2536=CARTESIAN_POINT('Ctrl Pts',(-1.71644653544099,1.57618822132284,6.951499034344));
#2537=CARTESIAN_POINT('Ctrl Pts',(-1.74030669073023,1.5325125168371,6.91108755197795));
#2538=CARTESIAN_POINT('Ctrl Pts',(-1.74964164854151,1.5133510616355,6.89351632506311));
#2539=CARTESIAN_POINT('Ctrl Pts',(-1.74999655118738,1.50047940772468,6.8826367225391));
#2540=CARTESIAN_POINT('Ctrl Pts',(-1.75,1.50023974964779,6.88243465165301));
#2541=CARTESIAN_POINT('Ctrl Pts',(-1.75,1.5,6.88223304703363));
#2542=CARTESIAN_POINT('Ctrl Pts',(24.9427228022647,-30.01,6.65));
#2543=CARTESIAN_POINT('Ctrl Pts',(16.3975742674216,-30.01,6.65));
#2544=CARTESIAN_POINT('Ctrl Pts',(7.85242573257843,-30.01,6.65));
#2545=CARTESIAN_POINT('Ctrl Pts',(-0.692722802264703,-30.01,6.65));
#2546=CARTESIAN_POINT('Ctrl Pts',(24.9427228022647,-30.01,6.66683587574254));
#2547=CARTESIAN_POINT('Ctrl Pts',(16.3975742674216,-30.01,6.66683587574254));
#2548=CARTESIAN_POINT('Ctrl Pts',(7.85242573257844,-30.01,6.66683587574254));
#2549=CARTESIAN_POINT('Ctrl Pts',(-0.692722802264703,-30.01,6.66683587574254));
#2550=CARTESIAN_POINT('Ctrl Pts',(24.9427228022647,-29.9766586165163,6.7318967519592));
#2551=CARTESIAN_POINT('Ctrl Pts',(16.3975742674216,-29.9766586165163,6.7318967519592));
#2552=CARTESIAN_POINT('Ctrl Pts',(7.85242573257842,-29.9766586165163,6.7318967519592));
#2553=CARTESIAN_POINT('Ctrl Pts',(-0.692722802264703,-29.9766586165163,
6.7318967519592));
#2554=CARTESIAN_POINT('Ctrl Pts',(24.9427228022647,-29.7496285205681,7.00878112578105));
#2555=CARTESIAN_POINT('Ctrl Pts',(16.3975742674216,-29.7496285205681,7.00878112578105));
#2556=CARTESIAN_POINT('Ctrl Pts',(7.85242573257845,-29.7496285205681,7.00878112578105));
#2557=CARTESIAN_POINT('Ctrl Pts',(-0.692722802264702,-29.7496285205681,
7.00878112578105));
#2558=CARTESIAN_POINT('Ctrl Pts',(24.9427228022647,-29.3589981202138,7.43459786625083));
#2559=CARTESIAN_POINT('Ctrl Pts',(16.3975742674216,-29.3589981202138,7.43459786625083));
#2560=CARTESIAN_POINT('Ctrl Pts',(7.85242573257842,-29.3589981202138,7.43459786625083));
#2561=CARTESIAN_POINT('Ctrl Pts',(-0.692722802264703,-29.3589981202138,
7.43459786625083));
#2562=CARTESIAN_POINT('Ctrl Pts',(24.9427228022647,-28.7939115518443,7.99978461224231));
#2563=CARTESIAN_POINT('Ctrl Pts',(16.3975742674215,-28.7939115518443,7.99978461224231));
#2564=CARTESIAN_POINT('Ctrl Pts',(7.85242573257845,-28.7939115518443,7.99978461224231));
#2565=CARTESIAN_POINT('Ctrl Pts',(-0.692722802264702,-28.7939115518443,
7.99978461224231));
#2566=CARTESIAN_POINT('Ctrl Pts',(24.9427228022647,-28.3300220952733,8.42514466424201));
#2567=CARTESIAN_POINT('Ctrl Pts',(16.3975742674216,-28.3300220952733,8.42514466424201));
#2568=CARTESIAN_POINT('Ctrl Pts',(7.85242573257842,-28.3300220952733,8.42514466424201));
#2569=CARTESIAN_POINT('Ctrl Pts',(-0.692722802264703,-28.3300220952733,
8.42514466424201));
#2570=CARTESIAN_POINT('Ctrl Pts',(24.9427228022647,-28.0801186000085,8.62379107895755));
#2571=CARTESIAN_POINT('Ctrl Pts',(16.3975742674216,-28.0801186000085,8.62379107895755));
#2572=CARTESIAN_POINT('Ctrl Pts',(7.85242573257844,-28.0801186000085,8.62379107895755));
#2573=CARTESIAN_POINT('Ctrl Pts',(-0.692722802264703,-28.0801186000085,
8.62379107895755));
#2574=CARTESIAN_POINT('Ctrl Pts',(24.9427228022647,-28.023468700594,8.65));
#2575=CARTESIAN_POINT('Ctrl Pts',(16.3975742674216,-28.023468700594,8.65));
#2576=CARTESIAN_POINT('Ctrl Pts',(7.85242573257843,-28.023468700594,8.65));
#2577=CARTESIAN_POINT('Ctrl Pts',(-0.692722802264703,-28.023468700594,8.65));
#2578=CARTESIAN_POINT('Ctrl Pts',(24.9427228022647,-28.01,8.65));
#2579=CARTESIAN_POINT('Ctrl Pts',(16.3975742674216,-28.01,8.65));
#2580=CARTESIAN_POINT('Ctrl Pts',(7.85242573257843,-28.01,8.65));
#2581=CARTESIAN_POINT('Ctrl Pts',(-0.692722802264703,-28.01,8.65));
#2582=CARTESIAN_POINT('Ctrl Pts',(-0.6927228022647,-28.7316871161505,8.05196379459262));
#2583=CARTESIAN_POINT('Ctrl Pts',(-0.658389645088265,-28.7664539649645,
8.0189304630522));
#2584=CARTESIAN_POINT('Ctrl Pts',(-0.623023674659654,-28.8020605558112,
7.98481392055192));
#2585=CARTESIAN_POINT('Ctrl Pts',(-0.245808497471826,-29.1794522948592,
7.62014276774315));
#2586=CARTESIAN_POINT('Ctrl Pts',(0.115061410298469,-29.5203545111662,7.26574062851878));
#2587=CARTESIAN_POINT('Ctrl Pts',(0.462015915582932,-29.8159111155362,6.92701945937634));
#2588=CARTESIAN_POINT('Ctrl Pts',(0.565843156155838,-29.9016624494713,6.82572080962541));
#2589=CARTESIAN_POINT('Ctrl Pts',(0.666645907089595,-29.9707382351342,6.72858306626328));
#2590=CARTESIAN_POINT('Ctrl Pts',(0.69186630321325,-29.9870849610613,6.70436025247314));
#2591=CARTESIAN_POINT('Ctrl Pts',(0.726885786882534,-30.0046050962351,6.67123562135256));
#2592=CARTESIAN_POINT('Ctrl Pts',(0.739984779543521,-30.0097336619918,6.65898570953413));
#2593=CARTESIAN_POINT('Ctrl Pts',(0.749520750892617,-30.0099965546282,6.65042901357466));
#2594=CARTESIAN_POINT('Ctrl Pts',(0.749760369859194,-30.01,6.65021433171373));
#2595=CARTESIAN_POINT('Ctrl Pts',(0.749999999999997,-30.01,6.65000000000001));
#2596=CARTESIAN_POINT('Ctrl Pts',(23.5,-30.01,6.65));
#2597=CARTESIAN_POINT('Ctrl Pts',(23.5002396301403,-30.01,6.6502143317133));
#2598=CARTESIAN_POINT('Ctrl Pts',(23.5004792491072,-30.0099965546282,6.65042901357466));
#2599=CARTESIAN_POINT('Ctrl Pts',(23.5100152205506,-30.0097336619894,6.65898570961728));
#2600=CARTESIAN_POINT('Ctrl Pts',(23.5231142133315,-30.0046050961279,6.67123562155502));
#2601=CARTESIAN_POINT('Ctrl Pts',(23.5581336967856,-29.987084961062,6.70436025247207));
#2602=CARTESIAN_POINT('Ctrl Pts',(23.5833540929089,-29.9707382351352,6.7285830662619));
#2603=CARTESIAN_POINT('Ctrl Pts',(23.6841568438426,-29.9016624494726,6.82572080962389));
#2604=CARTESIAN_POINT('Ctrl Pts',(23.7879840844158,-29.8159111155373,6.92701945937509));
#2605=CARTESIAN_POINT('Ctrl Pts',(24.1349385897,-29.5203545111676,7.2657406285173));
#2606=CARTESIAN_POINT('Ctrl Pts',(24.4958084974713,-29.1794522948597,7.62014276774263));
#2607=CARTESIAN_POINT('Ctrl Pts',(24.8730236746596,-28.8020605558112,7.98481392055192));
#2608=CARTESIAN_POINT('Ctrl Pts',(24.9083896450883,-28.7664539649645,8.0189304630522));
#2609=CARTESIAN_POINT('Ctrl Pts',(24.9427228022647,-28.7316871161505,8.05196379459262));
#2610=CARTESIAN_POINT('Ctrl Pts',(23.5,4.,8.05196379459263));
#2611=CARTESIAN_POINT('Ctrl Pts',(23.5,4.,7.58464252972841));
#2612=CARTESIAN_POINT('Ctrl Pts',(23.5,4.,7.1173212648642));
#2613=CARTESIAN_POINT('Ctrl Pts',(23.5,4.,6.65));
#2614=CARTESIAN_POINT('Ctrl Pts',(23.5252538136138,4.,8.05196379459263));
#2615=CARTESIAN_POINT('Ctrl Pts',(23.5252538136138,4.,7.58464252972841));
#2616=CARTESIAN_POINT('Ctrl Pts',(23.5252538136138,4.,7.11732126486421));
#2617=CARTESIAN_POINT('Ctrl Pts',(23.5252538136138,4.,6.65));
#2618=CARTESIAN_POINT('Ctrl Pts',(23.6172854654624,3.94948150838941,8.05196379459262));
#2619=CARTESIAN_POINT('Ctrl Pts',(23.6172854654624,3.94948150838941,7.58464252972841));
#2620=CARTESIAN_POINT('Ctrl Pts',(23.6172854654624,3.94948150838941,7.1173212648642));
#2621=CARTESIAN_POINT('Ctrl Pts',(23.6172854654624,3.94948150838941,6.64999999999999));
#2622=CARTESIAN_POINT('Ctrl Pts',(23.9972707393708,3.62995811288201,8.05196379459262));
#2623=CARTESIAN_POINT('Ctrl Pts',(23.9972707393708,3.62995811288201,7.58464252972841));
#2624=CARTESIAN_POINT('Ctrl Pts',(23.9972707393708,3.62995811288201,7.1173212648642));
#2625=CARTESIAN_POINT('Ctrl Pts',(23.9972707393708,3.62995811288201,6.64999999999999));
#2626=CARTESIAN_POINT('Ctrl Pts',(24.4814517905401,3.18555783034849,8.05196379459262));
#2627=CARTESIAN_POINT('Ctrl Pts',(24.4814517905401,3.18555783034849,7.58464252972841));
#2628=CARTESIAN_POINT('Ctrl Pts',(24.4814517905401,3.18555783034849,7.1173212648642));
#2629=CARTESIAN_POINT('Ctrl Pts',(24.4814517905401,3.18555783034849,6.64999999999999));
#2630=CARTESIAN_POINT('Ctrl Pts',(25.1875944398215,2.47967290489508,8.05196379459262));
#2631=CARTESIAN_POINT('Ctrl Pts',(25.1875944398215,2.47967290489508,7.58464252972841));
#2632=CARTESIAN_POINT('Ctrl Pts',(25.1875944398215,2.47967290489508,7.1173212648642));
#2633=CARTESIAN_POINT('Ctrl Pts',(25.1875944398215,2.47967290489508,6.64999999999999));
#2634=CARTESIAN_POINT('Ctrl Pts',(25.7186296759523,1.90033605738277,8.05196379459262));
#2635=CARTESIAN_POINT('Ctrl Pts',(25.7186296759523,1.90033605738277,7.58464252972841));
#2636=CARTESIAN_POINT('Ctrl Pts',(25.7186296759523,1.90033605738277,7.1173212648642));
#2637=CARTESIAN_POINT('Ctrl Pts',(25.7186296759523,1.90033605738277,6.64999999999999));
#2638=CARTESIAN_POINT('Ctrl Pts',(25.9674305916463,1.5874951651679,8.05196379459262));
#2639=CARTESIAN_POINT('Ctrl Pts',(25.9674305916463,1.5874951651679,7.58464252972841));
#2640=CARTESIAN_POINT('Ctrl Pts',(25.9674305916463,1.5874951651679,7.1173212648642));
#2641=CARTESIAN_POINT('Ctrl Pts',(25.9674305916463,1.5874951651679,6.64999999999999));
#2642=CARTESIAN_POINT('Ctrl Pts',(26.,1.51683587574254,8.05196379459263));
#2643=CARTESIAN_POINT('Ctrl Pts',(26.,1.51683587574254,7.58464252972842));
#2644=CARTESIAN_POINT('Ctrl Pts',(26.,1.51683587574254,7.1173212648642));
#2645=CARTESIAN_POINT('Ctrl Pts',(26.,1.51683587574254,6.65));
#2646=CARTESIAN_POINT('Ctrl Pts',(26.,1.5,8.05196379459263));
#2647=CARTESIAN_POINT('Ctrl Pts',(26.,1.5,7.58464252972841));
#2648=CARTESIAN_POINT('Ctrl Pts',(26.,1.5,7.1173212648642));
#2649=CARTESIAN_POINT('Ctrl Pts',(26.,1.5,6.65));
#2650=CARTESIAN_POINT('Ctrl Pts',(26.,1.5,6.65));
#2651=CARTESIAN_POINT('Ctrl Pts',(26.,1.51683587574254,6.65));
#2652=CARTESIAN_POINT('Ctrl Pts',(25.9837152958231,1.55216552045522,6.65));
#2653=CARTESIAN_POINT('Ctrl Pts',(25.9341061244524,1.62197049151404,6.65));
#2654=CARTESIAN_POINT('Ctrl Pts',(25.8844969530816,1.69177546257285,6.65));
#2655=CARTESIAN_POINT('Ctrl Pts',(25.8015633145169,1.79605575997781,6.65));
#2656=CARTESIAN_POINT('Ctrl Pts',(25.6715906225461,1.94475204993234,6.65));
#2657=CARTESIAN_POINT('Ctrl Pts',(25.5416179305753,2.09344833988687,6.65));
#2658=CARTESIAN_POINT('Ctrl Pts',(25.3646061851984,2.28656062239098,6.65));
#2659=CARTESIAN_POINT('Ctrl Pts',(25.1584098709631,2.5007642512186,6.65));
#2660=CARTESIAN_POINT('Ctrl Pts',(24.9522135567277,2.71496788004622,6.65));
#2661=CARTESIAN_POINT('Ctrl Pts',(24.7168326736339,2.95026285519735,6.65));
#2662=CARTESIAN_POINT('Ctrl Pts',(24.5023060218531,3.15679039927962,6.65));
#2663=CARTESIAN_POINT('Ctrl Pts',(24.2877793700724,3.3633179433619,6.65));
#2664=CARTESIAN_POINT('Ctrl Pts',(24.0941069496047,3.5410780563753,6.65));
#2665=CARTESIAN_POINT('Ctrl Pts',(23.9451083041358,3.67133662638142,6.65));
#2666=CARTESIAN_POINT('Ctrl Pts',(23.8706089814014,3.73646591138447,6.65));
#2667=CARTESIAN_POINT('Ctrl Pts',(23.8072781024166,3.78971981063571,6.65));
#2668=CARTESIAN_POINT('Ctrl Pts',(23.7540279649375,3.83281764079979,6.65));
#2669=CARTESIAN_POINT('Ctrl Pts',(23.5942775525003,3.96211113129205,6.65));
#2670=CARTESIAN_POINT('Ctrl Pts',(23.5252538136138,4.,6.65));
#2671=CARTESIAN_POINT('Ctrl Pts',(23.5,4.,6.65));
#2672=CARTESIAN_POINT('Ctrl Pts',(0.749999999999997,4.,6.65));
#2673=CARTESIAN_POINT('Ctrl Pts',(0.749999999999997,4.,7.1173212648642));
#2674=CARTESIAN_POINT('Ctrl Pts',(0.749999999999997,4.,7.58464252972841));
#2675=CARTESIAN_POINT('Ctrl Pts',(0.749999999999997,4.,8.05196379459262));
#2676=CARTESIAN_POINT('Ctrl Pts',(0.716328248514924,4.,6.65));
#2677=CARTESIAN_POINT('Ctrl Pts',(0.716328248514924,4.,7.1173212648642));
#2678=CARTESIAN_POINT('Ctrl Pts',(0.716328248514924,4.,7.58464252972841));
#2679=CARTESIAN_POINT('Ctrl Pts',(0.716328248514924,4.,8.05196379459262));
#2680=CARTESIAN_POINT('Ctrl Pts',(0.545115162018649,3.89750407092873,6.65));
#2681=CARTESIAN_POINT('Ctrl Pts',(0.545115162018649,3.89750407092873,7.1173212648642));
#2682=CARTESIAN_POINT('Ctrl Pts',(0.545115162018649,3.89750407092873,7.58464252972841));
#2683=CARTESIAN_POINT('Ctrl Pts',(0.545115162018649,3.89750407092873,8.05196379459262));
#2684=CARTESIAN_POINT('Ctrl Pts',(-0.231545352249657,3.18574140273171,6.65));
#2685=CARTESIAN_POINT('Ctrl Pts',(-0.231545352249657,3.18574140273171,7.1173212648642));
#2686=CARTESIAN_POINT('Ctrl Pts',(-0.231545352249657,3.18574140273171,7.58464252972841));
#2687=CARTESIAN_POINT('Ctrl Pts',(-0.231545352249657,3.18574140273171,8.05196379459262));
#2688=CARTESIAN_POINT('Ctrl Pts',(-0.937070771301576,2.4799969744425,6.64999999999999));
#2689=CARTESIAN_POINT('Ctrl Pts',(-0.937070771301576,2.4799969744425,7.1173212648642));
#2690=CARTESIAN_POINT('Ctrl Pts',(-0.937070771301576,2.4799969744425,7.58464252972841));
#2691=CARTESIAN_POINT('Ctrl Pts',(-0.937070771301576,2.4799969744425,8.05196379459262));
#2692=CARTESIAN_POINT('Ctrl Pts',(-1.46854449201821,1.90041980213406,6.65));
#2693=CARTESIAN_POINT('Ctrl Pts',(-1.46854449201821,1.90041980213406,7.1173212648642));
#2694=CARTESIAN_POINT('Ctrl Pts',(-1.46854449201821,1.90041980213406,7.58464252972841));
#2695=CARTESIAN_POINT('Ctrl Pts',(-1.46854449201821,1.90041980213406,8.05196379459262));
#2696=CARTESIAN_POINT('Ctrl Pts',(-1.71721233382683,1.58763092032252,6.65));
#2697=CARTESIAN_POINT('Ctrl Pts',(-1.71721233382683,1.58763092032252,7.1173212648642));
#2698=CARTESIAN_POINT('Ctrl Pts',(-1.71721233382683,1.58763092032252,7.58464252972841));
#2699=CARTESIAN_POINT('Ctrl Pts',(-1.71721233382683,1.58763092032252,8.05196379459262));
#2700=CARTESIAN_POINT('Ctrl Pts',(-1.75,1.51683587574254,6.65));
#2701=CARTESIAN_POINT('Ctrl Pts',(-1.75,1.51683587574254,7.1173212648642));
#2702=CARTESIAN_POINT('Ctrl Pts',(-1.75,1.51683587574254,7.58464252972841));
#2703=CARTESIAN_POINT('Ctrl Pts',(-1.75,1.51683587574254,8.05196379459262));
#2704=CARTESIAN_POINT('Ctrl Pts',(-1.75,1.5,6.65));
#2705=CARTESIAN_POINT('Ctrl Pts',(-1.75,1.5,7.1173212648642));
#2706=CARTESIAN_POINT('Ctrl Pts',(-1.75,1.5,7.58464252972841));
#2707=CARTESIAN_POINT('Ctrl Pts',(-1.75,1.5,8.05196379459262));
#2708=CARTESIAN_POINT('Ctrl Pts',(0.749999999999997,4.,6.65));
#2709=CARTESIAN_POINT('Ctrl Pts',(0.716328248514924,4.,6.65));
#2710=CARTESIAN_POINT('Ctrl Pts',(0.602186190850741,3.93166938061915,6.65));
#2711=CARTESIAN_POINT('Ctrl Pts',(0.305252000206578,3.67163828475986,6.65));
#2712=CARTESIAN_POINT('Ctrl Pts',(0.156784904884496,3.54162273683022,6.65));
#2713=CARTESIAN_POINT('Ctrl Pts',(-0.0373802236825807,3.36368206978096,
6.65));
#2714=CARTESIAN_POINT('Ctrl Pts',(-0.252050357808105,3.1570876648748,6.65));
#2715=CARTESIAN_POINT('Ctrl Pts',(-0.46672049193363,2.95049325996864,6.65));
#2716=CARTESIAN_POINT('Ctrl Pts',(-0.701895631617603,2.71524511720557,6.65));
#2717=CARTESIAN_POINT('Ctrl Pts',(-0.908062154912361,2.5010248504393,6.65));
#2718=CARTESIAN_POINT('Ctrl Pts',(-1.11422867820712,2.28680458367302,6.65));
#2719=CARTESIAN_POINT('Ctrl Pts',(-1.29138658511266,2.09361219290354,6.65));
#2720=CARTESIAN_POINT('Ctrl Pts',(-1.42141017886687,1.94488451721687,6.65));
#2721=CARTESIAN_POINT('Ctrl Pts',(-1.55143377262108,1.79615684153021,6.65));
#2722=CARTESIAN_POINT('Ctrl Pts',(-1.63432305322395,1.69189388092636,6.65));
#2723=CARTESIAN_POINT('Ctrl Pts',(-1.68396461006868,1.62206363947945,6.65));
#2724=CARTESIAN_POINT('Ctrl Pts',(-1.73360616691341,1.55223339803253,6.65));
#2725=CARTESIAN_POINT('Ctrl Pts',(-1.75,1.51683587574254,6.65));
#2726=CARTESIAN_POINT('Ctrl Pts',(-1.75,1.5,6.65));
#2727=CARTESIAN_POINT('Ctrl Pts',(0.749999999999997,-30.01,8.05196379459261));
#2728=CARTESIAN_POINT('Ctrl Pts',(0.749999999999997,-30.01,5.36797586306174));
#2729=CARTESIAN_POINT('Ctrl Pts',(0.749999999999997,-30.01,2.68398793153087));
#2730=CARTESIAN_POINT('Ctrl Pts',(0.749999999999997,-30.01,-1.66533453693773E-15));
#2731=CARTESIAN_POINT('Ctrl Pts',(0.724746186386192,-30.01,8.05196379459261));
#2732=CARTESIAN_POINT('Ctrl Pts',(0.724746186386192,-30.01,5.36797586306173));
#2733=CARTESIAN_POINT('Ctrl Pts',(0.724746186386192,-30.01,2.68398793153088));
#2734=CARTESIAN_POINT('Ctrl Pts',(0.724746186386192,-30.01,-1.65972706387101E-15));
#2735=CARTESIAN_POINT('Ctrl Pts',(0.632694709509205,-29.9594695091232,8.05196379459261));
#2736=CARTESIAN_POINT('Ctrl Pts',(0.632694709509205,-29.9594695091232,5.36797586306175));
#2737=CARTESIAN_POINT('Ctrl Pts',(0.632694709509205,-29.9594695091232,2.68398793153087));
#2738=CARTESIAN_POINT('Ctrl Pts',(0.632694709509205,-29.9594695091232,-1.65050755293849E-15));
#2739=CARTESIAN_POINT('Ctrl Pts',(0.252711812737979,-29.6399465982944,8.05196379459262));
#2740=CARTESIAN_POINT('Ctrl Pts',(0.252711812737979,-29.6399465982944,5.36797586306174));
#2741=CARTESIAN_POINT('Ctrl Pts',(0.252711812737979,-29.6399465982944,2.68398793153087));
#2742=CARTESIAN_POINT('Ctrl Pts',(0.252711812737979,-29.6399465982944,-1.63708273924615E-15));
#2743=CARTESIAN_POINT('Ctrl Pts',(-0.231478039519793,-29.1955388398906,
8.05196379459261));
#2744=CARTESIAN_POINT('Ctrl Pts',(-0.231478039519793,-29.1955388398906,
5.36797586306174));
#2745=CARTESIAN_POINT('Ctrl Pts',(-0.231478039519793,-29.1955388398906,
2.68398793153087));
#2746=CARTESIAN_POINT('Ctrl Pts',(-0.231478039519793,-29.1955388398906,
-1.62824933993324E-15));
#2747=CARTESIAN_POINT('Ctrl Pts',(-0.937613430930327,-28.489659839307,8.05196379459261));
#2748=CARTESIAN_POINT('Ctrl Pts',(-0.937613430930327,-28.489659839307,5.36797586306174));
#2749=CARTESIAN_POINT('Ctrl Pts',(-0.937613430930327,-28.489659839307,2.68398793153087));
#2750=CARTESIAN_POINT('Ctrl Pts',(-0.937613430930327,-28.489659839307,-1.62819240973337E-15));
#2751=CARTESIAN_POINT('Ctrl Pts',(-1.46864272106849,-27.9103280047653,8.05196379459261));
#2752=CARTESIAN_POINT('Ctrl Pts',(-1.46864272106849,-27.9103280047653,5.36797586306174));
#2753=CARTESIAN_POINT('Ctrl Pts',(-1.46864272106849,-27.9103280047653,2.68398793153087));
#2754=CARTESIAN_POINT('Ctrl Pts',(-1.46864272106849,-27.9103280047653,-1.63891772912233E-15));
#2755=CARTESIAN_POINT('Ctrl Pts',(-1.71744098333736,-27.5974882950277,8.05196379459262));
#2756=CARTESIAN_POINT('Ctrl Pts',(-1.71744098333736,-27.5974882950277,5.36797586306174));
#2757=CARTESIAN_POINT('Ctrl Pts',(-1.71744098333736,-27.5974882950277,2.68398793153088));
#2758=CARTESIAN_POINT('Ctrl Pts',(-1.71744098333736,-27.5974882950277,-1.65313778702434E-15));
#2759=CARTESIAN_POINT('Ctrl Pts',(-1.75,-27.5268358757425,8.05196379459261));
#2760=CARTESIAN_POINT('Ctrl Pts',(-1.75,-27.5268358757425,5.36797586306174));
#2761=CARTESIAN_POINT('Ctrl Pts',(-1.75,-27.5268358757425,2.68398793153087));
#2762=CARTESIAN_POINT('Ctrl Pts',(-1.75,-27.5268358757425,-1.66159622155992E-15));
#2763=CARTESIAN_POINT('Ctrl Pts',(-1.75,-27.51,8.05196379459261));
#2764=CARTESIAN_POINT('Ctrl Pts',(-1.75,-27.51,5.36797586306174));
#2765=CARTESIAN_POINT('Ctrl Pts',(-1.75,-27.51,2.68398793153087));
#2766=CARTESIAN_POINT('Ctrl Pts',(-1.75,-27.51,-1.66533453693773E-15));
#2767=CARTESIAN_POINT('',(0.,-29.4054608848773,0.749999966472387));
#2768=CARTESIAN_POINT('Ctrl Pts',(-1.75,-27.51,0.749999966472388));
#2769=CARTESIAN_POINT('Ctrl Pts',(-1.75,-27.5137434278791,0.749999966472388));
#2770=CARTESIAN_POINT('Ctrl Pts',(-1.7491608972487,-27.5179242249605,0.749999966472386));
#2771=CARTESIAN_POINT('Ctrl Pts',(-1.74459371752474,-27.5338647488363,0.749999966472386));
#2772=CARTESIAN_POINT('Ctrl Pts',(-1.73732752741766,-27.5482926392145,0.749999966472386));
#2773=CARTESIAN_POINT('Ctrl Pts',(-1.68963898060989,-27.6329267518069,0.749999966472386));
#2774=CARTESIAN_POINT('Ctrl Pts',(-1.59675388965119,-27.7478172465863,0.749999966472386));
#2775=CARTESIAN_POINT('Ctrl Pts',(-1.1926170026552,-28.2332991242691,0.749999966472386));
#2776=CARTESIAN_POINT('Ctrl Pts',(-0.531800892463479,-28.9110405651395,
0.749999966472387));
#2777=CARTESIAN_POINT('Ctrl Pts',(4.57966997657877E-15,-29.4054608848773,
0.749999966472387));
#2778=CARTESIAN_POINT('',(0.,-29.4054608848773,0.));
#2779=CARTESIAN_POINT('Ctrl Pts',(0.,-29.4054608848773,0.749999966472387));
#2780=CARTESIAN_POINT('Ctrl Pts',(0.,-29.4054608848773,0.499999977648258));
#2781=CARTESIAN_POINT('Ctrl Pts',(-1.30480958509715E-15,-29.4054608848773,
0.249999988824129));
#2782=CARTESIAN_POINT('Ctrl Pts',(0.,-29.4054608848773,0.));
#2783=CARTESIAN_POINT('Ctrl Pts',(-0.00134223878945006,-29.4043327017091,
1.11671196018814E-15));
#2784=CARTESIAN_POINT('Ctrl Pts',(0.11306443702807,-29.5106873246053,1.1149240452784E-15));
#2785=CARTESIAN_POINT('Ctrl Pts',(0.216777674017624,-29.6043089254292,1.11268325191295E-15));
#2786=CARTESIAN_POINT('Ctrl Pts',(0.304873132981066,-29.6813245056961,1.11022302462516E-15));
#2787=CARTESIAN_POINT('Ctrl Pts',(0.379372778328387,-29.7464542352373,4.49179009354905E-18));
#2788=CARTESIAN_POINT('Ctrl Pts',(0.442703261123591,-29.7997080537088,2.25432114482482E-18));
#2789=CARTESIAN_POINT('Ctrl Pts',(0.495954340524806,-29.8428065732422,2.62793920187805E-33));
#2790=CARTESIAN_POINT('Ctrl Pts',(0.655707578728451,-29.9721021318424,1.12274513089128E-15));
#2791=CARTESIAN_POINT('Ctrl Pts',(0.724746186386192,-30.01,1.11583049769189E-15));
#2792=CARTESIAN_POINT('Ctrl Pts',(0.749999999999997,-30.01,1.11022302462516E-15));
#2793=CARTESIAN_POINT('Origin',(1.5,0.,0.));
#2794=CARTESIAN_POINT('',(0.,1.5,0.));
#2795=CARTESIAN_POINT('',(0.,0.,0.));
#2796=CARTESIAN_POINT('',(1.5,1.5,0.));
#2797=CARTESIAN_POINT('',(1.5,1.5,0.));
#2798=CARTESIAN_POINT('',(1.5,0.,0.));
#2799=CARTESIAN_POINT('Origin',(0.,0.,0.));
#2800=CARTESIAN_POINT('',(0.,0.,0.749999966472387));
#2801=CARTESIAN_POINT('',(0.,0.,0.749999966472387));
#2802=CARTESIAN_POINT('',(0.,0.,1.5));
#2803=CARTESIAN_POINT('',(0.,0.,0.));
#2804=CARTESIAN_POINT('',(0.,1.5,1.5));
#2805=CARTESIAN_POINT('',(0.,0.,1.5));
#2806=CARTESIAN_POINT('',(0.,1.5,0.));
#2807=CARTESIAN_POINT('Origin',(-1.75,0.,0.749999966472387));
#2808=CARTESIAN_POINT('',(0.,0.,0.749999966472387));
#2809=CARTESIAN_POINT('Ctrl Pts',(23.5,-30.01,-1.11022302462516E-15));
#2810=CARTESIAN_POINT('Ctrl Pts',(23.5,-30.01,2.68398793153087));
#2811=CARTESIAN_POINT('Ctrl Pts',(23.5,-30.01,5.36797586306175));
#2812=CARTESIAN_POINT('Ctrl Pts',(23.5,-30.01,8.05196379459262));
#2813=CARTESIAN_POINT('Ctrl Pts',(23.5252538136138,-30.01,-1.11022302462516E-15));
#2814=CARTESIAN_POINT('Ctrl Pts',(23.5252538136138,-30.01,2.68398793153088));
#2815=CARTESIAN_POINT('Ctrl Pts',(23.5252538136138,-30.01,5.36797586306174));
#2816=CARTESIAN_POINT('Ctrl Pts',(23.5252538136138,-30.01,8.05196379459262));
#2817=CARTESIAN_POINT('Ctrl Pts',(23.6174085078769,-29.9594059948012,-1.09898889872922E-15));
#2818=CARTESIAN_POINT('Ctrl Pts',(23.6174085078769,-29.9594059948012,2.68398793153087));
#2819=CARTESIAN_POINT('Ctrl Pts',(23.6174085078769,-29.9594059948012,5.36797586306175));
#2820=CARTESIAN_POINT('Ctrl Pts',(23.6174085078769,-29.9594059948012,8.05196379459262));
#2821=CARTESIAN_POINT('Ctrl Pts',(23.9973788861518,-29.6398865773849,-1.02804133592313E-15));
#2822=CARTESIAN_POINT('Ctrl Pts',(23.9973788861518,-29.6398865773849,2.68398793153088));
#2823=CARTESIAN_POINT('Ctrl Pts',(23.9973788861518,-29.6398865773849,5.36797586306174));
#2824=CARTESIAN_POINT('Ctrl Pts',(23.9973788861518,-29.6398865773849,8.05196379459262));
#2825=CARTESIAN_POINT('Ctrl Pts',(24.4816124129279,-29.1954426011742,-9.2935494881412E-16));
#2826=CARTESIAN_POINT('Ctrl Pts',(24.4816124129279,-29.1954426011742,2.68398793153087));
#2827=CARTESIAN_POINT('Ctrl Pts',(24.4816124129279,-29.1954426011742,5.36797586306175));
#2828=CARTESIAN_POINT('Ctrl Pts',(24.4816124129279,-29.1954426011742,8.05196379459262));
#2829=CARTESIAN_POINT('Ctrl Pts',(25.1877124734118,-28.4895919470791,-7.72624619189487E-16));
#2830=CARTESIAN_POINT('Ctrl Pts',(25.1877124734118,-28.4895919470791,2.68398793153088));
#2831=CARTESIAN_POINT('Ctrl Pts',(25.1877124734118,-28.4895919470791,5.36797586306175));
#2832=CARTESIAN_POINT('Ctrl Pts',(25.1877124734118,-28.4895919470791,8.05196379459262));
#2833=CARTESIAN_POINT('Ctrl Pts',(25.7187134722399,-27.9102835986136,-6.43992325824704E-16));
#2834=CARTESIAN_POINT('Ctrl Pts',(25.7187134722399,-27.9102835986136,2.68398793153087));
#2835=CARTESIAN_POINT('Ctrl Pts',(25.7187134722399,-27.9102835986136,5.36797586306175));
#2836=CARTESIAN_POINT('Ctrl Pts',(25.7187134722399,-27.9102835986136,8.05196379459262));
#2837=CARTESIAN_POINT('Ctrl Pts',(25.9674963176733,-27.5974516458159,-5.74529678457815E-16));
#2838=CARTESIAN_POINT('Ctrl Pts',(25.9674963176733,-27.5974516458159,2.68398793153088));
#2839=CARTESIAN_POINT('Ctrl Pts',(25.9674963176733,-27.5974516458159,5.36797586306174));
#2840=CARTESIAN_POINT('Ctrl Pts',(25.9674963176733,-27.5974516458159,8.05196379459262));
#2841=CARTESIAN_POINT('Ctrl Pts',(26.,-27.5268358757425,-5.58849827690397E-16));
#2842=CARTESIAN_POINT('Ctrl Pts',(26.,-27.5268358757425,2.68398793153087));
#2843=CARTESIAN_POINT('Ctrl Pts',(26.,-27.5268358757425,5.36797586306175));
#2844=CARTESIAN_POINT('Ctrl Pts',(26.,-27.5268358757425,8.05196379459262));
#2845=CARTESIAN_POINT('Ctrl Pts',(26.,-27.51,-5.55111512312578E-16));
#2846=CARTESIAN_POINT('Ctrl Pts',(26.,-27.51,2.68398793153087));
#2847=CARTESIAN_POINT('Ctrl Pts',(26.,-27.51,5.36797586306175));
#2848=CARTESIAN_POINT('Ctrl Pts',(26.,-27.51,8.05196379459262));
#2849=CARTESIAN_POINT('',(24.25,-29.4054608848773,0.));
#2850=CARTESIAN_POINT('Ctrl Pts',(23.5,-30.01,-5.55111512312578E-16));
#2851=CARTESIAN_POINT('Ctrl Pts',(23.5252538136138,-30.01,-5.55111512312576E-16));
#2852=CARTESIAN_POINT('Ctrl Pts',(23.5943698343111,-29.9720544961009,-5.46685917890624E-16));
#2853=CARTESIAN_POINT('Ctrl Pts',(23.7541377313385,-29.842748338595,-5.17974183232851E-16));
#2854=CARTESIAN_POINT('Ctrl Pts',(23.8073936970143,-29.799646286093,-5.08403605013593E-16));
#2855=CARTESIAN_POINT('Ctrl Pts',(23.8707220933935,-29.746393049857,-4.96579011212578E-16));
#2856=CARTESIAN_POINT('Ctrl Pts',(23.9452232594313,-29.6812612939522,-4.82116856204634E-16));
#2857=CARTESIAN_POINT('Ctrl Pts',(24.0333205166037,-29.6042433175206,-4.65015430055747E-16));
#2858=CARTESIAN_POINT('Ctrl Pts',(24.1370405955993,-29.5106156729425,-4.44225916705346E-16));
#2859=CARTESIAN_POINT('Ctrl Pts',(24.2514531526589,-29.4042559889263,-4.20609322688012E-16));
#2860=CARTESIAN_POINT('',(24.25,-29.4054608848773,0.749999966472387));
#2861=CARTESIAN_POINT('Ctrl Pts',(24.25,-29.4054608848773,0.));
#2862=CARTESIAN_POINT('Ctrl Pts',(24.25,-29.4054608848773,0.249999988824129));
#2863=CARTESIAN_POINT('Ctrl Pts',(24.25,-29.4054608848773,0.499999977648258));
#2864=CARTESIAN_POINT('Ctrl Pts',(24.25,-29.4054608848773,0.749999966472387));
#2865=CARTESIAN_POINT('Ctrl Pts',(24.2514531526973,-29.4042559888906,0.749999966472387));
#2866=CARTESIAN_POINT('Ctrl Pts',(24.3305510222594,-29.3307253850019,0.749999966472387));
#2867=CARTESIAN_POINT('Ctrl Pts',(24.4147593584486,-29.2511095067498,0.749999966472387));
#2868=CARTESIAN_POINT('Ctrl Pts',(24.5024490509866,-29.1666896207338,0.749999966472387));
#2869=CARTESIAN_POINT('Ctrl Pts',(24.7169790997559,-28.9601590498092,0.749999966472387));
#2870=CARTESIAN_POINT('Ctrl Pts',(24.9523457865838,-28.7248754984441,0.749999966472387));
#2871=CARTESIAN_POINT('Ctrl Pts',(25.1585292964692,-28.5106823313507,0.749999966472387));
#2872=CARTESIAN_POINT('Ctrl Pts',(25.3647128063545,-28.2964891642572,0.749999966472387));
#2873=CARTESIAN_POINT('Ctrl Pts',(25.5417131392972,-28.1033863814354,0.749999966472387));
#2874=CARTESIAN_POINT('Ctrl Pts',(25.6716771133408,-27.9546963312249,0.749999966472387));
#2875=CARTESIAN_POINT('Ctrl Pts',(25.8016410873844,-27.8060062810144,0.749999966472387));
#2876=CARTESIAN_POINT('Ctrl Pts',(25.8845687025289,-27.7017289634151,0.749999966472388));
#2877=CARTESIAN_POINT('Ctrl Pts',(25.9341584306828,-27.6319363620972,0.749999966472388));
#2878=CARTESIAN_POINT('Ctrl Pts',(25.9837481588367,-27.5621437607792,0.749999966472388));
#2879=CARTESIAN_POINT('Ctrl Pts',(26.,-27.5268358757425,0.749999966472387));
#2880=CARTESIAN_POINT('Ctrl Pts',(26.,-27.51,0.749999966472387));
#2881=CARTESIAN_POINT('Origin',(24.25,0.,0.749999966472387));
#2882=CARTESIAN_POINT('',(24.25,0.,0.749999966472387));
#2883=CARTESIAN_POINT('',(24.25,0.,0.749999966472387));
#2884=CARTESIAN_POINT('',(24.25,0.,0.749999966472387));
#2885=CARTESIAN_POINT('Origin',(24.25,0.,1.5));
#2886=CARTESIAN_POINT('',(24.25,1.5,0.));
#2887=CARTESIAN_POINT('',(24.25,0.,0.));
#2888=CARTESIAN_POINT('',(24.25,1.5,1.5));
#2889=CARTESIAN_POINT('',(24.25,1.5,1.5));
#2890=CARTESIAN_POINT('',(24.25,0.,1.5));
#2891=CARTESIAN_POINT('',(24.25,0.,1.5));
#2892=CARTESIAN_POINT('',(24.25,0.,1.5));
#2893=CARTESIAN_POINT('Origin',(24.25,0.,0.));
#2894=CARTESIAN_POINT('',(22.75,1.5,0.));
#2895=CARTESIAN_POINT('',(22.75,0.,0.));
#2896=CARTESIAN_POINT('',(24.25,1.5,0.));
#2897=CARTESIAN_POINT('Origin',(26.,1.5,6.65));
#2898=CARTESIAN_POINT('',(23.5,0.,6.65));
#2899=CARTESIAN_POINT('',(26.,0.,6.65));
#2900=CARTESIAN_POINT('',(23.5,1.5,6.65));
#2901=CARTESIAN_POINT('',(23.5,0.,6.65));
#2902=CARTESIAN_POINT('',(18.595,1.5,6.65));
#2903=CARTESIAN_POINT('',(18.595,1.5,6.65));
#2904=CARTESIAN_POINT('',(18.595,0.,6.65));
#2905=CARTESIAN_POINT('',(18.595,0.,6.65));
#2906=CARTESIAN_POINT('',(5.655,0.,6.65));
#2907=CARTESIAN_POINT('',(26.,0.,6.65));
#2908=CARTESIAN_POINT('',(5.655,1.5,6.65));
#2909=CARTESIAN_POINT('',(5.655,0.,6.65));
#2910=CARTESIAN_POINT('',(0.75,1.5,6.65));
#2911=CARTESIAN_POINT('',(0.75,1.5,6.65));
#2912=CARTESIAN_POINT('',(0.75,0.,6.65));
#2913=CARTESIAN_POINT('',(0.75,0.,6.65));
#2914=CARTESIAN_POINT('',(26.,0.,6.65));
#2915=CARTESIAN_POINT('Origin',(12.125,0.,4.69999998323619));
#2916=CARTESIAN_POINT('',(5.655,0.,5.65));
#2917=CARTESIAN_POINT('',(5.655,0.,6.65));
#2918=CARTESIAN_POINT('',(18.595,0.,5.65));
#2919=CARTESIAN_POINT('',(18.595,0.,5.65));
#2920=CARTESIAN_POINT('',(0.75,0.,5.65));
#2921=CARTESIAN_POINT('Origin',(12.125,0.,4.69999998323619));
#2922=CARTESIAN_POINT('',(23.5,0.,1.49999996647239));
#2923=CARTESIAN_POINT('',(22.75,0.,1.5));
#2924=CARTESIAN_POINT('',(23.5,0.,5.65));
#2925=CARTESIAN_POINT('',(23.5,0.,5.65));
#2926=CARTESIAN_POINT('',(23.5,0.,6.65));
#2927=CARTESIAN_POINT('Origin',(12.125,0.,4.69999998323619));
#2928=CARTESIAN_POINT('',(0.75,0.,5.65));
#2929=CARTESIAN_POINT('',(0.75,0.,5.65));
#2930=CARTESIAN_POINT('',(0.75,0.,1.49999996647239));
#2931=CARTESIAN_POINT('',(0.75,0.,5.65));
#2932=CARTESIAN_POINT('',(0.,0.,1.5));
#2933=CARTESIAN_POINT('Origin',(0.75,0.,1.49999996647239));
#2934=CARTESIAN_POINT('',(0.75,0.,1.49999996647239));
#2935=CARTESIAN_POINT('',(0.75,0.,5.65));
#2936=CARTESIAN_POINT('Origin',(23.5,0.,5.65));
#2937=CARTESIAN_POINT('',(23.5,0.,5.65));
#2938=CARTESIAN_POINT('',(23.5,0.,1.49999996647239));
#2939=CARTESIAN_POINT('Origin',(22.75,0.,1.5));
#2940=CARTESIAN_POINT('',(22.75,1.5,1.5));
#2941=CARTESIAN_POINT('',(22.75,1.5,1.5));
#2942=CARTESIAN_POINT('',(22.75,0.,1.5));
#2943=CARTESIAN_POINT('Origin',(22.75,0.,0.));
#2944=CARTESIAN_POINT('',(22.75,1.5,0.));
#2945=CARTESIAN_POINT('Origin',(23.5,1.5,0.75));
#2946=CARTESIAN_POINT('Origin',(1.5,0.,1.5));
#2947=CARTESIAN_POINT('',(1.5,1.5,1.5));
#2948=CARTESIAN_POINT('',(1.5,1.5,1.5));
#2949=CARTESIAN_POINT('',(1.5,0.,1.5));
#2950=CARTESIAN_POINT('Origin',(0.,0.,1.5));
#2951=CARTESIAN_POINT('',(0.,1.5,1.5));
#2952=CARTESIAN_POINT('Origin',(0.75,1.5,0.75));
#2953=CARTESIAN_POINT('Origin',(5.655,0.,5.65));
#2954=CARTESIAN_POINT('',(0.75,1.5,5.65));
#2955=CARTESIAN_POINT('',(0.75,0.,5.65));
#2956=CARTESIAN_POINT('',(5.655,1.5,5.65));
#2957=CARTESIAN_POINT('',(5.655,1.5,5.65));
#2958=CARTESIAN_POINT('',(5.655,0.,5.65));
#2959=CARTESIAN_POINT('',(18.595,1.5,5.65));
#2960=CARTESIAN_POINT('',(18.595,0.,5.65));
#2961=CARTESIAN_POINT('',(23.5,1.5,5.65));
#2962=CARTESIAN_POINT('',(23.5,1.5,5.65));
#2963=CARTESIAN_POINT('',(23.5,0.,5.65));
#2964=CARTESIAN_POINT('Origin',(5.655,0.,6.65));
#2965=CARTESIAN_POINT('',(5.655,1.5,6.65));
#2966=CARTESIAN_POINT('Origin',(0.75,0.,5.65));
#2967=CARTESIAN_POINT('',(0.75,1.5,5.65));
#2968=CARTESIAN_POINT('Origin',(3.2025,1.5,6.15));
#2969=CARTESIAN_POINT('Origin',(23.5,0.,6.65));
#2970=CARTESIAN_POINT('',(23.5,1.5,6.65));
#2971=CARTESIAN_POINT('Origin',(18.595,0.,5.65));
#2972=CARTESIAN_POINT('',(18.595,1.5,5.65));
#2973=CARTESIAN_POINT('Origin',(21.0475,1.5,6.15));
#2974=UNCERTAINTY_MEASURE_WITH_UNIT(LENGTH_MEASURE(0.01),#2978,
'DISTANCE_ACCURACY_VALUE',
'Maximum model space distance between geometric entities at asserted c
onnectivities');
#2975=UNCERTAINTY_MEASURE_WITH_UNIT(LENGTH_MEASURE(0.01),#2978,
'DISTANCE_ACCURACY_VALUE',
'Maximum model space distance between geometric entities at asserted c
onnectivities');
#2976=(
GEOMETRIC_REPRESENTATION_CONTEXT(3)
GLOBAL_UNCERTAINTY_ASSIGNED_CONTEXT((#2974))
GLOBAL_UNIT_ASSIGNED_CONTEXT((#2978,#2980,#2981))
REPRESENTATION_CONTEXT('','3D')
);
#2977=(
GEOMETRIC_REPRESENTATION_CONTEXT(3)
GLOBAL_UNCERTAINTY_ASSIGNED_CONTEXT((#2975))
GLOBAL_UNIT_ASSIGNED_CONTEXT((#2978,#2980,#2981))
REPRESENTATION_CONTEXT('','3D')
);
#2978=(
LENGTH_UNIT()
NAMED_UNIT(*)
SI_UNIT(.MILLI.,.METRE.)
);
#2979=(
LENGTH_UNIT()
NAMED_UNIT(*)
SI_UNIT($,.METRE.)
);
#2980=(
NAMED_UNIT(*)
PLANE_ANGLE_UNIT()
SI_UNIT($,.RADIAN.)
);
#2981=(
NAMED_UNIT(*)
SI_UNIT($,.STERADIAN.)
SOLID_ANGLE_UNIT()
);
#2982=SHAPE_DEFINITION_REPRESENTATION(#2983,#2984);
#2983=PRODUCT_DEFINITION_SHAPE('',$,#2986);
#2984=SHAPE_REPRESENTATION('',(#1357),#2976);
#2985=PRODUCT_DEFINITION_CONTEXT('part definition',#2990,'design');
#2986=PRODUCT_DEFINITION('2026-07-30-09-12-14-661','New_Lid',#2987,#2985);
#2987=PRODUCT_DEFINITION_FORMATION('',$,#2992);
#2988=PRODUCT_RELATED_PRODUCT_CATEGORY('New_Lid','New_Lid',(#2992));
#2989=APPLICATION_PROTOCOL_DEFINITION('international standard',
'automotive_design',2009,#2990);
#2990=APPLICATION_CONTEXT(
'Core Data for Automotive Mechanical Design Process');
#2991=PRODUCT_CONTEXT('part definition',#2990,'mechanical');
#2992=PRODUCT('2026-07-30-09-12-14-661','New_Lid',$,(#2991));
#2993=PRESENTATION_STYLE_ASSIGNMENT((#2994));
#2994=SURFACE_STYLE_USAGE(.BOTH.,#2995);
#2995=SURFACE_SIDE_STYLE('',(#2996));
#2996=SURFACE_STYLE_FILL_AREA(#2997);
#2997=FILL_AREA_STYLE('Acier - Satin\X\E9',(#2998));
#2998=FILL_AREA_STYLE_COLOUR('Acier - Satin\X\E9',#2999);
#2999=COLOUR_RGB('Acier - Satin\X\E9',0.627450980392157,0.627450980392157,
0.627450980392157);
ENDSEC;
END-ISO-10303-21;
